codigo,uf,custo,valor_venda,produto,fornecedor
R18.0001,GO,98.57,265.0,REDE BUCHO DE BOI,FRAN DULTRA
R18.0001,TO,90.15,255.0,REDE BUCHO DE BOI,FRAN DULTRA
R18.0001,PA,88.26,272.0,REDE BUCHO DE BOI,FRAN DULTRA
R18.0001,MT,89.23,270.0,REDE BUCHO DE BOI,FRAN DULTRA
P16.0015,GO,2.46,8.0,PANO DE PRATO MENS BIBLICAS,FRAN DULTRA
P16.0015,TO,2.28,7.0,PANO DE PRATO MENS BIBLICAS,FRAN DULTRA
P16.0015,PA,2.44,8.0,PANO DE PRATO MENS BIBLICAS,FRAN DULTRA
P16.0015,MT,2.19,8.0,PANO DE PRATO MENS BIBLICAS,FRAN DULTRA
P16.0017,GO,24.4,70.0,PANO PRATO KIT SEMANINHA BORDADO,FRAN DULTRA
P16.0017,TO,21.82,67.0,PANO PRATO KIT SEMANINHA BORDADO,FRAN DULTRA
P16.0017,PA,24.27,70.0,PANO PRATO KIT SEMANINHA BORDADO,FRAN DULTRA
P16.0017,MT,22.87,73.0,PANO PRATO KIT SEMANINHA BORDADO,FRAN DULTRA
C3.0064,GO,39.55,100.0,COLCHA CASAL OXFORD BORDADA,FRAN DULTRA
C3.0064,TO,39.95,100.0,COLCHA CASAL OXFORD BORDADA,FRAN DULTRA
C3.0064,PA,39.55,102.0,COLCHA CASAL OXFORD BORDADA,FRAN DULTRA
C3.0064,MT,39.55,102.0,COLCHA CASAL OXFORD BORDADA,FRAN DULTRA
C3.0017,GO,24.84,84.0,CAPA DE MAQUINA COURINO,ALESSANDRA
C3.0017,TO,28.25,84.0,CAPA DE MAQUINA COURINO,ALESSANDRA
C3.0017,PA,27.77,81.0,CAPA DE MAQUINA COURINO,ALESSANDRA
C3.0017,MT,27.97,81.0,CAPA DE MAQUINA COURINO,ALESSANDRA
T20.0054,GO,11.95,19.0,TAPETE MACARRAO 40X60,PARAIBA
T20.0054,TO,12.07,19.0,TAPETE MACARRAO 40X60,PARAIBA
T20.0054,PA,11.95,19.0,TAPETE MACARRAO 40X60,PARAIBA
T20.0054,MT,11.95,19.0,TAPETE MACARRAO 40X60,PARAIBA
M13.0001,GO,18.47,58.0,MANTA CASAL MICROF ESTAMPADA,PARAIBA
M13.0001,TO,18.34,58.0,MANTA CASAL MICROF ESTAMPADA,PARAIBA
M13.0001,PA,18.97,58.0,MANTA CASAL MICROF ESTAMPADA,PARAIBA
M13.0001,MT,18.14,58.0,MANTA CASAL MICROF ESTAMPADA,PARAIBA
C3.0023,GO,58.55,168.0,CARPETE PELUDO 200X150 M,PARAIBA
C3.0023,TO,57.14,170.0,CARPETE PELUDO 200X150 M,PARAIBA
C3.0023,PA,65.19,170.0,CARPETE PELUDO 200X150 M,PARAIBA
C3.0023,MT,56.57,168.0,CARPETE PELUDO 200X150 M,PARAIBA
C3.0024,GO,107.41,320.0,CARPETE PELUDO 200X250 G,PARAIBA
C3.0024,TO,112.74,322.0,CARPETE PELUDO 200X250 G,PARAIBA
C3.0024,PA,110.27,322.0,CARPETE PELUDO 200X250 G,PARAIBA
C3.0024,MT,111.68,320.0,CARPETE PELUDO 200X250 G,PARAIBA
C3.0022,GO,40.97,120.0,CARPETE PELUDO 100X150 P,PARAIBA
C3.0022,TO,38.28,126.0,CARPETE PELUDO 100X150 P,PARAIBA
C3.0022,PA,43.73,128.0,CARPETE PELUDO 100X150 P,PARAIBA
C3.0022,MT,37.29,128.0,CARPETE PELUDO 100X150 P,PARAIBA
P16.0019,GO,40.97,122.0,PASSADEIRA PELUDA,PARAIBA
P16.0019,TO,36.76,124.0,PASSADEIRA PELUDA,PARAIBA
P16.0019,PA,47.98,124.0,PASSADEIRA PELUDA,PARAIBA
P16.0019,MT,36.4,120.0,PASSADEIRA PELUDA,PARAIBA
K11.0019,GO,23.0,80.0,KIT PASSADEIRA 03PCS,FRAN DULTRA
K11.0019,TO,23.0,82.0,KIT PASSADEIRA 03PCS,FRAN DULTRA
K11.0019,PA,23.0,82.0,KIT PASSADEIRA 03PCS,FRAN DULTRA
K11.0019,MT,23.0,82.0,KIT PASSADEIRA 03PCS,FRAN DULTRA
T20.0055,GO,17.94,46.0,TAPETE MACARRAO 50X80,PARAIBA
T20.0055,TO,18.12,48.0,TAPETE MACARRAO 50X80,PARAIBA
T20.0055,PA,17.94,29.0,TAPETE MACARRAO 50X80,PARAIBA
T20.0055,MT,17.94,29.0,TAPETE MACARRAO 50X80,PARAIBA
C3.0010,GO,27.03,68.0,CAIXA DE SOM Q 03,LUI ELETRONICOS
C3.0010,TO,27.3,70.0,CAIXA DE SOM Q 03,LUI ELETRONICOS
C3.0010,PA,27.03,72.0,CAIXA DE SOM Q 03,LUI ELETRONICOS
C3.0010,MT,27.03,72.0,CAIXA DE SOM Q 03,LUI ELETRONICOS
C3.0119,GO,27.87,76.0,CAIXA DE SOM Q 05,LUI ELETRONICOS
C3.0119,TO,28.15,78.0,CAIXA DE SOM Q 05,LUI ELETRONICOS
C3.0119,PA,27.87,80.0,CAIXA DE SOM Q 05,LUI ELETRONICOS
C3.0119,MT,27.87,80.0,CAIXA DE SOM Q 05,LUI ELETRONICOS
B2.0001,GO,51.93,146.0,BOLSA MOCHILA,JULIA BOLSAS
B2.0001,TO,52.45,156.0,BOLSA MOCHILA,JULIA BOLSAS
B2.0001,PA,51.93,158.0,BOLSA MOCHILA,JULIA BOLSAS
B2.0001,MT,51.93,158.0,BOLSA MOCHILA,JULIA BOLSAS
T20.0011,GO,16.96,40.0,T BAN ADULTO ESPERANCA,ELOIM
T20.0011,TO,17.13,42.0,T BAN ADULTO ESPERANCA,ELOIM
T20.0011,PA,16.96,44.0,T BAN ADULTO ESPERANCA,ELOIM
T20.0011,MT,16.96,44.0,T BAN ADULTO ESPERANCA,ELOIM
T20.0012,GO,16.96,40.0,T BAN ADULTO DUNAMIS,ELOIM
T20.0012,TO,17.13,42.0,T BAN ADULTO DUNAMIS,ELOIM
T20.0012,PA,16.96,44.0,T BAN ADULTO DUNAMIS,ELOIM
T20.0012,MT,16.96,44.0,T BAN ADULTO DUNAMIS,ELOIM
J10.0027,GO,35.12,57.0,JOGO DE BANHEIRO MACARRAO,PARAIBA
J10.0027,TO,35.47,57.0,JOGO DE BANHEIRO MACARRAO,PARAIBA
J10.0027,PA,35.12,57.0,JOGO DE BANHEIRO MACARRAO,PARAIBA
J10.0027,MT,35.12,57.0,JOGO DE BANHEIRO MACARRAO,PARAIBA
T20.0017,GO,17.32,58.0,T BAN ADULTO LEPPER,LEPPER
T20.0017,TO,17.49,60.0,T BAN ADULTO LEPPER,LEPPER
T20.0017,PA,17.32,62.0,T BAN ADULTO LEPPER,LEPPER
T20.0017,MT,17.32,62.0,T BAN ADULTO LEPPER,LEPPER
T20.0069,GO,18.77,56.0,TRAVESSEIRO SILICONE,FREITAS & QUALHATO
T20.0069,TO,19.41,62.0,TRAVESSEIRO SILICONE,FREITAS & QUALHATO
T20.0069,PA,18.96,64.0,TRAVESSEIRO SILICONE,FREITAS & QUALHATO
T20.0069,MT,18.04,64.0,TRAVESSEIRO SILICONE,FREITAS & QUALHATO
T20.0018,GO,35.31,96.0,T BAN ADULTO LYON IBIZA,CAVIQUIOLI
T20.0018,TO,35.66,98.0,T BAN ADULTO LYON IBIZA,CAVIQUIOLI
T20.0018,PA,35.31,98.0,T BAN ADULTO LYON IBIZA,CAVIQUIOLI
T20.0018,MT,35.31,98.0,T BAN ADULTO LYON IBIZA,CAVIQUIOLI
T20.0116,GO,15.58,54.0,T BAN INFANTIL KIDS,LEPPER
T20.0116,TO,19.22,54.0,T BAN INFANTIL KIDS,LEPPER
T20.0116,PA,18.29,54.0,T BAN INFANTIL KIDS,LEPPER
T20.0116,MT,15.58,54.0,T BAN INFANTIL KIDS,LEPPER
C3.0006,GO,62.83,186.0,COLCHA ELEGANCE ESTAMP CASAL 220X240,HABITAT
C3.0006,TO,66.44,190.0,COLCHA ELEGANCE ESTAMP CASAL 220X240,HABITAT
C3.0006,PA,62.83,192.0,COLCHA ELEGANCE ESTAMP CASAL 220X240,HABITAT
C3.0006,MT,62.83,186.0,COLCHA ELEGANCE ESTAMP CASAL 220X240,HABITAT
C3.0008,GO,73.73,196.0,COLCHA ELEGANCE ESTAMP KING 260X280,HABITAT
C3.0008,TO,74.47,196.0,COLCHA ELEGANCE ESTAMP KING 260X280,HABITAT
C3.0008,PA,73.73,196.0,COLCHA ELEGANCE ESTAMP KING 260X280,HABITAT
C3.0008,MT,76.14,196.0,COLCHA ELEGANCE ESTAMP KING 260X280,HABITAT
C3.0067,GO,108.15,268.0,COLCHA CASAL LOFT 220X240,CAMESA
C3.0067,TO,109.23,270.0,COLCHA CASAL LOFT 220X240,CAMESA
C3.0067,PA,108.15,270.0,COLCHA CASAL LOFT 220X240,CAMESA
C3.0067,MT,108.15,216.0,COLCHA CASAL LOFT 220X240,CAMESA
C3.0068,GO,129.7,320.0,COLCHA CASAL LOFT KING 260X280,CAMESA
C3.0068,TO,131.0,326.0,COLCHA CASAL LOFT KING 260X280,CAMESA
C3.0068,PA,129.7,326.0,COLCHA CASAL LOFT KING 260X280,CAMESA
C3.0068,MT,129.7,326.0,COLCHA CASAL LOFT KING 260X280,CAMESA
V22.0001,GO,14.93,44.0,VARAO CORTINA 2MT,JC ACESSORIOS
V22.0001,TO,14.47,44.0,VARAO CORTINA 2MT,JC ACESSORIOS
V22.0001,PA,13.86,44.0,VARAO CORTINA 2MT,JC ACESSORIOS
V22.0001,MT,13.98,44.0,VARAO CORTINA 2MT,JC ACESSORIOS
V22.0002,GO,22.18,64.0,VARAO CORTINA 3MT,JC ACESSORIOS
V22.0002,TO,20.58,56.0,VARAO CORTINA 3MT,JC ACESSORIOS
V22.0002,PA,18.82,66.0,VARAO CORTINA 3MT,JC ACESSORIOS
V22.0002,MT,19.9,58.0,VARAO CORTINA 3MT,JC ACESSORIOS
C3.0130,GO,143.53,350.0,COLCHA TEXTIL ARTE ELEGANCE KING 280X260,TEXTIL ARTE
C3.0130,TO,144.97,360.0,COLCHA TEXTIL ARTE ELEGANCE KING 280X260,TEXTIL ARTE
C3.0130,PA,143.53,360.0,COLCHA TEXTIL ARTE ELEGANCE KING 280X260,TEXTIL ARTE
C3.0130,MT,143.53,360.0,COLCHA TEXTIL ARTE ELEGANCE KING 280X260,TEXTIL ARTE
E5.0006,GO,21.77,54.0,ESCORREDOR DE LOUCA KIT 2 PCS,TEXTIL ARTE
E5.0006,TO,21.99,56.0,ESCORREDOR DE LOUCA KIT 2 PCS,TEXTIL ARTE
E5.0006,PA,21.77,56.0,ESCORREDOR DE LOUCA KIT 2 PCS,TEXTIL ARTE
E5.0006,MT,21.77,56.0,ESCORREDOR DE LOUCA KIT 2 PCS,TEXTIL ARTE
J10.0035,GO,27.46,68.0,JOGO AMERICANO KIT 4 PCS PVC,TEXTIL ARTE
J10.0035,TO,27.74,70.0,JOGO AMERICANO KIT 4 PCS PVC,TEXTIL ARTE
J10.0035,PA,27.46,70.0,JOGO AMERICANO KIT 4 PCS PVC,TEXTIL ARTE
J10.0035,MT,27.46,70.0,JOGO AMERICANO KIT 4 PCS PVC,TEXTIL ARTE
C3.0131,GO,155.81,388.0,COLCHA TEXTIL ARTE GLAMOUR CASAL 220X240,TEXTIL ARTE
C3.0131,TO,157.37,392.0,COLCHA TEXTIL ARTE GLAMOUR CASAL 220X240,TEXTIL ARTE
C3.0131,PA,155.81,392.0,COLCHA TEXTIL ARTE GLAMOUR CASAL 220X240,TEXTIL ARTE
C3.0131,MT,155.81,392.0,COLCHA TEXTIL ARTE GLAMOUR CASAL 220X240,TEXTIL ARTE
C3.0132,GO,178.71,445.0,COLCHA TEXTIL ARTE GLAMOUR QUEEN 240X260,TEXTIL ARTE
C3.0132,TO,180.49,450.0,COLCHA TEXTIL ARTE GLAMOUR QUEEN 240X260,TEXTIL ARTE
C3.0132,PA,178.71,450.0,COLCHA TEXTIL ARTE GLAMOUR QUEEN 240X260,TEXTIL ARTE
C3.0132,MT,178.71,450.0,COLCHA TEXTIL ARTE GLAMOUR QUEEN 240X260,TEXTIL ARTE
C3.0133,GO,87.12,216.0,COLCHA TEXTIL ARTE VENEZA CASAL 220X240,TEXTIL ARTE
C3.0133,TO,87.99,220.0,COLCHA TEXTIL ARTE VENEZA CASAL 220X240,TEXTIL ARTE
C3.0133,PA,87.12,220.0,COLCHA TEXTIL ARTE VENEZA CASAL 220X240,TEXTIL ARTE
C3.0133,MT,87.12,220.0,COLCHA TEXTIL ARTE VENEZA CASAL 220X240,TEXTIL ARTE
E5.0005,GO,54.4,135.0,EDREDON ALMOFADA INFANTIL,TEXTIL ARTE
E5.0005,TO,54.95,136.0,EDREDON ALMOFADA INFANTIL,TEXTIL ARTE
E5.0005,PA,54.4,136.0,EDREDON ALMOFADA INFANTIL,TEXTIL ARTE
E5.0005,MT,54.4,136.0,EDREDON ALMOFADA INFANTIL,TEXTIL ARTE
K11.0035,GO,6.16,16.0,KIT PANO LIMPEZA 3PCS 30X30,TEXTIL ARTE
K11.0035,TO,6.22,16.0,KIT PANO LIMPEZA 3PCS 30X30,TEXTIL ARTE
K11.0035,PA,6.16,16.0,KIT PANO LIMPEZA 3PCS 30X30,TEXTIL ARTE
K11.0035,MT,6.16,16.0,KIT PANO LIMPEZA 3PCS 30X30,TEXTIL ARTE
F6.0009,GO,48.37,150.0,FAQUEIRO MONACO 24 PCS,AD MONACO
F6.0009,TO,49.18,152.0,FAQUEIRO MONACO 24 PCS,AD MONACO
F6.0009,PA,48.79,154.0,FAQUEIRO MONACO 24 PCS,AD MONACO
F6.0009,MT,48.37,154.0,FAQUEIRO MONACO 24 PCS,AD MONACO
T20.0026,GO,15.52,42.0,T BAN ADULTO PARIS,ENGOTEX
T20.0026,TO,15.67,42.0,T BAN ADULTO PARIS,ENGOTEX
T20.0026,PA,15.52,42.0,T BAN ADULTO PARIS,ENGOTEX
T20.0026,MT,15.52,42.0,T BAN ADULTO PARIS,ENGOTEX
T20.0003,GO,15.54,42.0,T BAN ADULTO AMANDA,ENGOTEX
T20.0003,TO,15.69,42.0,T BAN ADULTO AMANDA,ENGOTEX
T20.0003,PA,15.54,42.0,T BAN ADULTO AMANDA,ENGOTEX
T20.0003,MT,15.54,42.0,T BAN ADULTO AMANDA,ENGOTEX
T20.0114,GO,15.36,44.0,T BAN ADULTO IRIS,ENGOTEX
T20.0114,TO,15.51,44.0,T BAN ADULTO IRIS,ENGOTEX
T20.0114,PA,15.36,44.0,T BAN ADULTO IRIS,ENGOTEX
T20.0114,MT,15.36,44.0,T BAN ADULTO IRIS,ENGOTEX
C3.0071,GO,103.11,256.0,COLCHA CASAL PATCHWORK 220X240,CAMESA
C3.0071,TO,104.14,260.0,COLCHA CASAL PATCHWORK 220X240,CAMESA
C3.0071,PA,103.11,260.0,COLCHA CASAL PATCHWORK 220X240,CAMESA
C3.0071,MT,103.11,260.0,COLCHA CASAL PATCHWORK 220X240,CAMESA
C3.0072,GO,122.38,304.0,COLCHA CASAL KING PATCHWORK 260X280,CAMESA
C3.0072,TO,123.6,310.0,COLCHA CASAL KING PATCHWORK 260X280,CAMESA
C3.0072,PA,122.38,310.0,COLCHA CASAL KING PATCHWORK 260X280,CAMESA
C3.0072,MT,122.38,310.0,COLCHA CASAL KING PATCHWORK 260X280,CAMESA
J10.0004,GO,162.09,452.0,JOGO DE PANELA FUNDIDA 18 A 26,DENISE ALUMINIOS ALUMINIOS
J10.0004,TO,163.71,456.0,JOGO DE PANELA FUNDIDA 18 A 26,DENISE ALUMINIOS ALUMINIOS
J10.0004,PA,162.09,456.0,JOGO DE PANELA FUNDIDA 18 A 26,DENISE ALUMINIOS ALUMINIOS
J10.0004,MT,162.09,456.0,JOGO DE PANELA FUNDIDA 18 A 26,DENISE ALUMINIOS ALUMINIOS
P16.0033,GO,116.42,264.0,PANELA FUNDIDA 36CM,DENISE ALUMINIOS ALUMINIOS
P16.0033,TO,120.13,344.0,PANELA FUNDIDA 36CM,DENISE ALUMINIOS ALUMINIOS
P16.0033,PA,122.42,268.0,PANELA FUNDIDA 36CM,DENISE ALUMINIOS ALUMINIOS
P16.0033,MT,119.17,342.0,PANELA FUNDIDA 36CM,DENISE ALUMINIOS ALUMINIOS
F6.0006,GO,58.85,148.0,FERVEDOR INDERRAMAVEL 3.5LTS,DENISE ALUMINIOS ALUMINIOS
F6.0006,TO,63.17,180.0,FERVEDOR INDERRAMAVEL 3.5LTS,DENISE ALUMINIOS ALUMINIOS
F6.0006,PA,58.35,155.0,FERVEDOR INDERRAMAVEL 3.5LTS,DENISE ALUMINIOS ALUMINIOS
F6.0006,MT,58.85,155.0,FERVEDOR INDERRAMAVEL 3.5LTS,DENISE ALUMINIOS ALUMINIOS
C3.0040,GO,48.77,148.0,COBERTOR TOQUE DE SEDA LISO 220X240,NIAZITEX
C3.0040,TO,52.16,156.0,COBERTOR TOQUE DE SEDA LISO 220X240,NIAZITEX
C3.0040,PA,46.0,156.0,COBERTOR TOQUE DE SEDA LISO 220X240,NIAZITEX
C3.0040,MT,47.41,148.0,COBERTOR TOQUE DE SEDA LISO 220X240,NIAZITEX
C3.0135,GO,102.73,292.0,COBREDOM MONTREAL LISO 220X240,CANDURA DIST
C3.0135,TO,102.92,296.0,COBREDOM MONTREAL LISO 220X240,CANDURA DIST
C3.0135,PA,102.15,298.0,COBREDOM MONTREAL LISO 220X240,CANDURA DIST
C3.0135,MT,101.6,296.0,COBREDOM MONTREAL LISO 220X240,CANDURA DIST
J10.0032,GO,186.75,696.0,JOGO DE PANELA,CAVA
J10.0032,TO,189.64,698.0,JOGO DE PANELA,CAVA
J10.0032,PA,263.51,698.0,JOGO DE PANELA,CAVA
J10.0032,MT,186.75,696.0,JOGO DE PANELA,CAVA
C2.0029,GO,45.93,144.0,CARPETE INFANTIL 100X140,0
C2.0029,TO,46.39,146.0,CARPETE INFANTIL 100X140,0
C2.0029,PA,45.93,148.0,CARPETE INFANTIL 100X140,0
C2.0029,MT,45.93,148.0,CARPETE INFANTIL 100X140,0
T20.0115,GO,14.01,32.0,TAPETE PELUDO PORTA 050X080,PARAIBA
T20.0115,TO,14.15,34.0,TAPETE PELUDO PORTA 050X080,PARAIBA
T20.0115,PA,14.01,17.0,TAPETE PELUDO PORTA 050X080,PARAIBA
T20.0115,MT,14.01,17.0,TAPETE PELUDO PORTA 050X080,PARAIBA
C3.0046,GO,63.25,186.0,COLCHA ELEGANCE LISA CASAL 220X240,HABITAT
C3.0046,TO,66.65,192.0,COLCHA ELEGANCE LISA CASAL 220X240,HABITAT
C3.0046,PA,63.25,192.0,COLCHA ELEGANCE LISA CASAL 220X240,HABITAT
C3.0046,MT,63.25,186.0,COLCHA ELEGANCE LISA CASAL 220X240,HABITAT
C3.0048,GO,76.96,222.0,COLCHA ELEGANCE LISA KING 260X280,HABITAT
C3.0048,TO,77.73,225.0,COLCHA ELEGANCE LISA KING 260X280,HABITAT
C3.0048,PA,76.96,225.0,COLCHA ELEGANCE LISA KING 260X280,HABITAT
C3.0048,MT,76.96,222.0,COLCHA ELEGANCE LISA KING 260X280,HABITAT
T20.0080,GO,12.88,32.0,TRITURADOR DE ALIMENTOS,KEITA
T20.0080,TO,13.01,21.0,TRITURADOR DE ALIMENTOS,KEITA
T20.0080,PA,12.88,29.0,TRITURADOR DE ALIMENTOS,KEITA
T20.0080,MT,12.88,29.0,TRITURADOR DE ALIMENTOS,KEITA
T20.0081,GO,16.55,44.0,CORTADOR DE ALIMENTOS,KEITA
T20.0081,TO,16.72,46.0,CORTADOR DE ALIMENTOS,KEITA
T20.0081,PA,16.55,46.0,CORTADOR DE ALIMENTOS,KEITA
T20.0081,MT,16.55,46.0,CORTADOR DE ALIMENTOS,KEITA
R18.0002,GO,62.27,179.0,REDE JAGUARUANA,FRAN DULTRA
R18.0002,TO,57.9,170.0,REDE JAGUARUANA,FRAN DULTRA
R18.0002,PA,56.99,168.0,REDE JAGUARUANA,FRAN DULTRA
R18.0002,MT,55.26,170.0,REDE JAGUARUANA,FRAN DULTRA
C3.0036,GO,19.97,55.0,COBERTINHA,FRAN DULTRA
C3.0036,TO,20.17,56.0,COBERTINHA,FRAN DULTRA
C3.0036,PA,19.97,56.0,COBERTINHA,FRAN DULTRA
C3.0036,MT,19.97,56.0,COBERTINHA,FRAN DULTRA
T20.0117,GO,15.02,38.0,T BAN INFANTIL VIENA,MAFRATEX
T20.0117,TO,15.17,40.0,T BAN INFANTIL VIENA,MAFRATEX
T20.0117,PA,15.02,40.0,T BAN INFANTIL VIENA,MAFRATEX
T20.0117,MT,15.02,40.0,T BAN INFANTIL VIENA,MAFRATEX
T20.0118,GO,29.35,74.0,T BAN ADULTO DUBAI PREMIUM,MAFRATEX
T20.0118,TO,29.65,76.0,T BAN ADULTO DUBAI PREMIUM,MAFRATEX
T20.0118,PA,29.35,76.0,T BAN ADULTO DUBAI PREMIUM,MAFRATEX
T20.0118,MT,29.35,76.0,T BAN ADULTO DUBAI PREMIUM,MAFRATEX
T20.0031,GO,19.2,48.0,T BAN ADULTO MUNIQUE,MAFRATEX
T20.0031,TO,19.39,50.0,T BAN ADULTO MUNIQUE,MAFRATEX
T20.0031,PA,19.2,50.0,T BAN ADULTO MUNIQUE,MAFRATEX
T20.0031,MT,19.2,50.0,T BAN ADULTO MUNIQUE,MAFRATEX
T20.0119,GO,4.94,14.0,T ROSTO SALAO BRANCA E PRETA,MAFRATEX
T20.0119,TO,4.99,15.0,T ROSTO SALAO BRANCA E PRETA,MAFRATEX
T20.0119,PA,4.94,18.0,T ROSTO SALAO BRANCA E PRETA,MAFRATEX
T20.0119,MT,4.94,18.0,T ROSTO SALAO BRANCA E PRETA,MAFRATEX
T20.0016,GO,17.0,42.0,T BAN ADULTO AZALEIA,MAFRATEX
T20.0016,TO,17.17,46.0,T BAN ADULTO AZALEIA,MAFRATEX
T20.0016,PA,17.0,46.0,T BAN ADULTO AZALEIA,MAFRATEX
T20.0016,MT,17.0,46.0,T BAN ADULTO AZALEIA,MAFRATEX
T20.0065,GO,6.48,18.0,T ROSTO,MAFRATEX
T20.0065,TO,6.55,20.0,T ROSTO,MAFRATEX
T20.0065,PA,6.48,20.0,T ROSTO,MAFRATEX
T20.0065,MT,6.48,20.0,T ROSTO,MAFRATEX
T20.0120,GO,8.07,20.0,TOALHA DE PE,MAFRATEX
T20.0120,TO,8.15,22.0,TOALHA DE PE,MAFRATEX
T20.0120,PA,8.07,13.0,TOALHA DE PE,MAFRATEX
T20.0120,MT,8.07,13.0,TOALHA DE PE,MAFRATEX
T20.0121,GO,6.88,18.0,TOALHA COPA CHEF,MAFRATEX
T20.0121,TO,6.95,18.0,TOALHA COPA CHEF,MAFRATEX
T20.0121,PA,6.88,18.0,TOALHA COPA CHEF,MAFRATEX
T20.0121,MT,6.88,18.0,TOALHA COPA CHEF,MAFRATEX
J10.0041,GO,69.53,176.0,JOGO DE BANHO MUNIQUE 5 PCS,MAFRATEX
J10.0041,TO,70.23,176.0,JOGO DE BANHO MUNIQUE 5 PCS,MAFRATEX
J10.0041,PA,69.53,176.0,JOGO DE BANHO MUNIQUE 5 PCS,MAFRATEX
J10.0041,MT,69.53,176.0,JOGO DE BANHO MUNIQUE 5 PCS,MAFRATEX
T20.0123,GO,19.07,46.0,TAPETE PELUDO 040X090 CN393,CN BR IMPORTADORA
T20.0123,TO,19.26,48.0,TAPETE PELUDO 040X090 CN393,CN BR IMPORTADORA
T20.0123,PA,19.07,48.0,TAPETE PELUDO 040X090 CN393,CN BR IMPORTADORA
T20.0123,MT,19.07,48.0,TAPETE PELUDO 040X090 CN393,CN BR IMPORTADORA
T20.0122,GO,33.59,84.0,TAPETE PASSADEIRA MACARRAO 040X120,CN BR IMPORTADORA
T20.0122,TO,33.93,88.0,TAPETE PASSADEIRA MACARRAO 040X120,CN BR IMPORTADORA
T20.0122,PA,33.59,88.0,TAPETE PASSADEIRA MACARRAO 040X120,CN BR IMPORTADORA
T20.0122,MT,33.59,88.0,TAPETE PASSADEIRA MACARRAO 040X120,CN BR IMPORTADORA
M13.0002,GO,62.58,188.0,MANTA PELE DE CARNEIRO,PARAIBA
M13.0002,TO,64.04,190.0,MANTA PELE DE CARNEIRO,PARAIBA
M13.0002,PA,62.58,190.0,MANTA PELE DE CARNEIRO,PARAIBA
M13.0002,MT,63.39,190.0,MANTA PELE DE CARNEIRO,PARAIBA
C3.0134,GO,114.17,390.0,CARPETE GEOMETRICO G 200X250,PARAIBA
C3.0134,TO,115.32,396.0,CARPETE GEOMETRICO G 200X250,PARAIBA
C3.0134,PA,115.21,396.0,CARPETE GEOMETRICO G 200X250,PARAIBA
C3.0134,MT,114.17,390.0,CARPETE GEOMETRICO G 200X250,PARAIBA
M13.0008,GO,27.09,66.0,MANTA RISCADA,DCAZA
M13.0008,TO,27.36,68.0,MANTA RISCADA,DCAZA
M13.0008,PA,27.09,68.0,MANTA RISCADA,DCAZA
M13.0008,MT,27.09,68.0,MANTA RISCADA,DCAZA
C3.0028,GO,81.85,234.0,CARPETE GEOMETRICO M 150X200,PARAIBA
C3.0028,TO,70.1,236.0,CARPETE GEOMETRICO M 150X200,PARAIBA
C3.0028,PA,70.46,236.0,CARPETE GEOMETRICO M 150X200,PARAIBA
C3.0028,MT,69.34,234.0,CARPETE GEOMETRICO M 150X200,PARAIBA
T20.0046,GO,10.55,18.0,TAPETE PILAO 060X045,TOQUE IDEAL
T20.0046,TO,14.72,19.0,TAPETE PILAO 060X045,TOQUE IDEAL
T20.0046,PA,10.55,20.0,TAPETE PILAO 060X045,TOQUE IDEAL
T20.0046,MT,10.55,20.0,TAPETE PILAO 060X045,TOQUE IDEAL
C3.0136,GO,70.52,168.0,CORTINA ZURIQUE SUEDE 280X180,TOQUE IDEAL
C3.0136,TO,71.23,178.0,CORTINA ZURIQUE SUEDE 280X180,TOQUE IDEAL
C3.0136,PA,70.52,178.0,CORTINA ZURIQUE SUEDE 280X180,TOQUE IDEAL
C3.0136,MT,70.52,178.0,CORTINA ZURIQUE SUEDE 280X180,TOQUE IDEAL
K11.0037,GO,84.82,214.0,KIT ALMOFADA C CORTINA SUEDE,TOQUE IDEAL
K11.0037,TO,85.67,214.0,KIT ALMOFADA C CORTINA SUEDE,TOQUE IDEAL
K11.0037,PA,84.82,214.0,KIT ALMOFADA C CORTINA SUEDE,TOQUE IDEAL
K11.0037,MT,84.82,214.0,KIT ALMOFADA C CORTINA SUEDE,TOQUE IDEAL
T20.0124,GO,31.37,98.0,TRITURADOR ELETRICO 250ML,LUI ELETRONICOS
T20.0124,TO,31.68,98.0,TRITURADOR ELETRICO 250ML,LUI ELETRONICOS
T20.0124,PA,31.37,56.0,TRITURADOR ELETRICO 250ML,LUI ELETRONICOS
T20.0124,MT,31.37,56.0,TRITURADOR ELETRICO 250ML,LUI ELETRONICOS
K11.0038,GO,8.91,30.0,KIT MINI BAND ELASTICOS,LUI ELETRONICOS
K11.0038,TO,9.0,30.0,KIT MINI BAND ELASTICOS,LUI ELETRONICOS
K11.0038,PA,8.91,30.0,KIT MINI BAND ELASTICOS,LUI ELETRONICOS
K11.0038,MT,8.91,30.0,KIT MINI BAND ELASTICOS,LUI ELETRONICOS
K11.0039,GO,29.31,90.0,KIT 11 ELASTICOS ATIVIDADE FISICA,LUI ELETRONICOS
K11.0039,TO,29.6,90.0,KIT 11 ELASTICOS ATIVIDADE FISICA,LUI ELETRONICOS
K11.0039,PA,29.31,90.0,KIT 11 ELASTICOS ATIVIDADE FISICA,LUI ELETRONICOS
K11.0039,MT,29.31,90.0,KIT 11 ELASTICOS ATIVIDADE FISICA,LUI ELETRONICOS
L12.0019,GO,12.91,40.0,LAMPADA C SENSOR,LUI ELETRONICOS
L12.0019,TO,13.04,40.0,LAMPADA C SENSOR,LUI ELETRONICOS
L12.0019,PA,12.91,40.0,LAMPADA C SENSOR,LUI ELETRONICOS
L12.0019,MT,12.91,40.0,LAMPADA C SENSOR,LUI ELETRONICOS
C3.0137,GO,117.98,398.0,CAIXA DE SOM GOLDEN,LUI ELETRONICOS
C3.0137,TO,119.16,398.0,CAIXA DE SOM GOLDEN,LUI ELETRONICOS
C3.0137,PA,117.98,398.0,CAIXA DE SOM GOLDEN,LUI ELETRONICOS
C3.0137,MT,117.98,398.0,CAIXA DE SOM GOLDEN,LUI ELETRONICOS
M13.0012,GO,12.88,48.0,MOCHILA VINIL INFANTIL,LUI ELETRONICOS
M13.0012,TO,13.01,48.0,MOCHILA VINIL INFANTIL,LUI ELETRONICOS
M13.0012,PA,12.88,48.0,MOCHILA VINIL INFANTIL,LUI ELETRONICOS
M13.0012,MT,12.88,48.0,MOCHILA VINIL INFANTIL,LUI ELETRONICOS
C3.0062,GO,89.31,244.0,COLCHA CASAL MONT BLANC,J.SERRANO
C3.0062,TO,90.2,248.0,COLCHA CASAL MONT BLANC,J.SERRANO
C3.0062,PA,89.31,248.0,COLCHA CASAL MONT BLANC,J.SERRANO
C3.0062,MT,89.31,248.0,COLCHA CASAL MONT BLANC,J.SERRANO
C3.0095,GO,68.93,189.0,CORTINA ECLIPSE LISA 2MTS,TATY
C3.0095,TO,69.87,202.0,CORTINA ECLIPSE LISA 2MTS,TATY
C3.0095,PA,74.99,210.0,CORTINA ECLIPSE LISA 2MTS,TATY
C3.0095,MT,67.89,195.0,CORTINA ECLIPSE LISA 2MTS,TATY
J10.0042,GO,14.88,38.0,JOGO AMERICANO 4 PCS BST,BST IMPORT
J10.0042,TO,15.02,38.0,JOGO AMERICANO 4 PCS BST,BST IMPORT
J10.0042,PA,14.88,38.0,JOGO AMERICANO 4 PCS BST,BST IMPORT
J10.0042,MT,14.88,38.0,JOGO AMERICANO 4 PCS BST,BST IMPORT
B2.0015,GO,10.97,32.0,BANDEJA DE PLASTICO MESA,BST IMPORT
B2.0015,TO,11.08,32.0,BANDEJA DE PLASTICO MESA,BST IMPORT
B2.0015,PA,10.97,32.0,BANDEJA DE PLASTICO MESA,BST IMPORT
B2.0015,MT,10.97,32.0,BANDEJA DE PLASTICO MESA,BST IMPORT
G7.0007,GO,28.58,82.0,GUARDA CHUVA INVERTIDO L 04 L05,MARIA BRI
G7.0007,TO,32.05,92.0,GUARDA CHUVA INVERTIDO L 04 L05,MARIA BRI
G7.0007,PA,30.99,89.0,GUARDA CHUVA INVERTIDO L 04 L05,MARIA BRI
G7.0007,MT,30.74,88.0,GUARDA CHUVA INVERTIDO L 04 L05,MARIA BRI
T20.0125,GO,22.76,58.0,TAPETE LANCER SILKY 050X080,LANCER
T20.0125,TO,22.99,58.0,TAPETE LANCER SILKY 050X080,LANCER
T20.0125,PA,22.76,36.0,TAPETE LANCER SILKY 050X080,LANCER
T20.0125,MT,22.76,36.0,TAPETE LANCER SILKY 050X080,LANCER
T20.0126,GO,16.05,40.0,TAPETE LANCER SILKY LIGHT 050X080,LANCER
T20.0126,TO,16.21,40.0,TAPETE LANCER SILKY LIGHT 050X080,LANCER
T20.0126,PA,16.05,40.0,TAPETE LANCER SILKY LIGHT 050X080,LANCER
T20.0126,MT,16.05,40.0,TAPETE LANCER SILKY LIGHT 050X080,LANCER
C3.0138,GO,70.6,129.0,CARPETE REALCE FRAME 100X150,J.SERRANO
C3.0138,TO,71.31,114.0,CARPETE REALCE FRAME 100X150,J.SERRANO
C3.0138,PA,70.6,129.0,CARPETE REALCE FRAME 100X150,J.SERRANO
C3.0138,MT,70.6,129.0,CARPETE REALCE FRAME 100X150,J.SERRANO
C3.0001,GO,72.44,180.0,COLCHA CASAL COLONY,J.SERRANO
C3.0001,TO,73.17,180.0,COLCHA CASAL COLONY,J.SERRANO
C3.0001,PA,72.44,180.0,COLCHA CASAL COLONY,J.SERRANO
C3.0001,MT,72.44,180.0,COLCHA CASAL COLONY,J.SERRANO
G7.0012,GO,14.76,42.0,GARRAFA ENERGY 750ML,YANGZY
G7.0012,TO,14.9,42.0,GARRAFA ENERGY 750ML,YANGZY
G7.0012,PA,14.76,42.0,GARRAFA ENERGY 750ML,YANGZY
G7.0012,MT,14.76,42.0,GARRAFA ENERGY 750ML,YANGZY
J10.0043,GO,36.02,98.0,JG COPOS STARLIT LOGO DRINK 6PCS 300ML,YANGZY
J10.0043,TO,36.38,98.0,JG COPOS STARLIT LOGO DRINK 6PCS 300ML,YANGZY
J10.0043,PA,36.02,98.0,JG COPOS STARLIT LOGO DRINK 6PCS 300ML,YANGZY
J10.0043,MT,36.02,98.0,JG COPOS STARLIT LOGO DRINK 6PCS 300ML,YANGZY
T20.0127,GO,52.64,148.0,TACA BLISS DE CERVEJA 300ML 6UN,YANGZY
T20.0127,TO,53.16,148.0,TACA BLISS DE CERVEJA 300ML 6UN,YANGZY
T20.0127,PA,52.64,148.0,TACA BLISS DE CERVEJA 300ML 6UN,YANGZY
T20.0127,MT,52.64,148.0,TACA BLISS DE CERVEJA 300ML 6UN,YANGZY
C3.0139,GO,16.75,48.0,CANECA DE CHOPP CAVEIRA 540 ML FUTACOR DARK,YANGZY
C3.0139,TO,16.92,48.0,CANECA DE CHOPP CAVEIRA 540 ML FUTACOR DARK,YANGZY
C3.0139,PA,16.75,48.0,CANECA DE CHOPP CAVEIRA 540 ML FUTACOR DARK,YANGZY
C3.0139,MT,16.75,48.0,CANECA DE CHOPP CAVEIRA 540 ML FUTACOR DARK,YANGZY
C3.0140,GO,56.37,168.0,COPO TERMICO INOX CERVEJA 600ML PT AZ BR,YANGZY
C3.0140,TO,56.93,168.0,COPO TERMICO INOX CERVEJA 600ML PT AZ BR,YANGZY
C3.0140,PA,56.37,168.0,COPO TERMICO INOX CERVEJA 600ML PT AZ BR,YANGZY
C3.0140,MT,56.37,168.0,COPO TERMICO INOX CERVEJA 600ML PT AZ BR,YANGZY
C3.0096,GO,93.49,268.0,CORTINA ECLIPSE LISA 3MTS,TATY
C3.0096,TO,94.68,272.0,CORTINA ECLIPSE LISA 3MTS,TATY
C3.0096,PA,99.54,281.0,CORTINA ECLIPSE LISA 3MTS,TATY
C3.0096,MT,92.07,264.0,CORTINA ECLIPSE LISA 3MTS,TATY
C3.0141,GO,59.57,198.0,COLCHA EVOLUTION PATCHWORK CASAL 220X240,CAMESA
C3.0141,TO,60.17,202.0,COLCHA EVOLUTION PATCHWORK CASAL 220X240,CAMESA
C3.0141,PA,59.57,202.0,COLCHA EVOLUTION PATCHWORK CASAL 220X240,CAMESA
C3.0141,MT,59.57,202.0,COLCHA EVOLUTION PATCHWORK CASAL 220X240,CAMESA
C3.0142,GO,50.42,156.0,COLCHA EVOLUTION PATCHWORK SOLTEIRO INF 160X230,CAMESA
C3.0142,TO,50.92,158.0,COLCHA EVOLUTION PATCHWORK SOLTEIRO INF 160X230,CAMESA
C3.0142,PA,50.42,158.0,COLCHA EVOLUTION PATCHWORK SOLTEIRO INF 160X230,CAMESA
C3.0142,MT,50.42,158.0,COLCHA EVOLUTION PATCHWORK SOLTEIRO INF 160X230,CAMESA
C3.0143,GO,65.08,183.0,COLCHA EVOLUTION PATCHWORK KING 260X280,CAMESA
C3.0143,TO,65.73,185.0,COLCHA EVOLUTION PATCHWORK KING 260X280,CAMESA
C3.0143,PA,65.08,187.0,COLCHA EVOLUTION PATCHWORK KING 260X280,CAMESA
C3.0143,MT,65.08,240.0,COLCHA EVOLUTION PATCHWORK KING 260X280,CAMESA
C3.0144,GO,69.0,214.0,COLCHA EVOLUTION PATCHWORK QUEEN 240X260,CAMESA
C3.0144,TO,69.69,218.0,COLCHA EVOLUTION PATCHWORK QUEEN 240X260,CAMESA
C3.0144,PA,69.0,218.0,COLCHA EVOLUTION PATCHWORK QUEEN 240X260,CAMESA
C3.0144,MT,69.0,218.0,COLCHA EVOLUTION PATCHWORK QUEEN 240X260,CAMESA
C3.0145,GO,82.84,210.0,COLCHA JAZZ CASAL LISA 220X240,CAMESA
C3.0145,TO,83.67,210.0,COLCHA JAZZ CASAL LISA 220X240,CAMESA
C3.0145,PA,82.84,210.0,COLCHA JAZZ CASAL LISA 220X240,CAMESA
C3.0145,MT,82.84,210.0,COLCHA JAZZ CASAL LISA 220X240,CAMESA
C3.0146,GO,97.56,248.0,COLCHA JAZZ KING LISA 2 60 280,CAMESA
C3.0146,TO,98.54,248.0,COLCHA JAZZ KING LISA 2 60 280,CAMESA
C3.0146,PA,97.56,248.0,COLCHA JAZZ KING LISA 2 60 280,CAMESA
C3.0146,MT,97.56,248.0,COLCHA JAZZ KING LISA 2 60 280,CAMESA
C3.0147,GO,60.66,154.0,COLCHA JAZZ SOLTEIRO LISA 160X230,CAMESA
C3.0147,TO,61.26,154.0,COLCHA JAZZ SOLTEIRO LISA 160X230,CAMESA
C3.0147,PA,60.66,154.0,COLCHA JAZZ SOLTEIRO LISA 160X230,CAMESA
C3.0147,MT,60.66,154.0,COLCHA JAZZ SOLTEIRO LISA 160X230,CAMESA
C3.0148,GO,79.49,200.0,COLCHA TRESSE CASAL LISA 220X240,CAMESA
C3.0148,TO,80.29,200.0,COLCHA TRESSE CASAL LISA 220X240,CAMESA
C3.0148,PA,79.49,200.0,COLCHA TRESSE CASAL LISA 220X240,CAMESA
C3.0148,MT,79.49,200.0,COLCHA TRESSE CASAL LISA 220X240,CAMESA
C3.0149,GO,94.12,236.0,COLCHA TRESSE KING LISA 260X280,CAMESA
C3.0149,TO,95.06,236.0,COLCHA TRESSE KING LISA 260X280,CAMESA
C3.0149,PA,94.12,236.0,COLCHA TRESSE KING LISA 260X280,CAMESA
C3.0149,MT,94.12,236.0,COLCHA TRESSE KING LISA 260X280,CAMESA
C3.0150,GO,60.66,152.0,COLCHA TRESSE SOLTEIRO LISA 160X230,CAMESA
C3.0150,TO,61.26,152.0,COLCHA TRESSE SOLTEIRO LISA 160X230,CAMESA
C3.0150,PA,60.66,152.0,COLCHA TRESSE SOLTEIRO LISA 160X230,CAMESA
C3.0150,MT,60.66,152.0,COLCHA TRESSE SOLTEIRO LISA 160X230,CAMESA
C3.0151,GO,80.06,222.0,COLCHA MANDI CASAL LISA 220X240,CAMESA
C3.0151,TO,80.86,226.0,COLCHA MANDI CASAL LISA 220X240,CAMESA
C3.0151,PA,80.06,226.0,COLCHA MANDI CASAL LISA 220X240,CAMESA
C3.0151,MT,80.06,226.0,COLCHA MANDI CASAL LISA 220X240,CAMESA
C3.0152,GO,104.25,262.0,COLCHA MANDI KING LISA 260X280,CAMESA
C3.0152,TO,105.29,266.0,COLCHA MANDI KING LISA 260X280,CAMESA
C3.0152,PA,104.25,266.0,COLCHA MANDI KING LISA 260X280,CAMESA
C3.0152,MT,104.25,266.0,COLCHA MANDI KING LISA 260X280,CAMESA
B2.0016,GO,35.8,106.0,BOLSA MOCHILA JUVENIL COLORS,JULIA BOLSAS
B2.0016,TO,37.2,108.0,BOLSA MOCHILA JUVENIL COLORS,JULIA BOLSAS
B2.0016,PA,38.86,112.0,BOLSA MOCHILA JUVENIL COLORS,JULIA BOLSAS
B2.0016,MT,35.8,106.0,BOLSA MOCHILA JUVENIL COLORS,JULIA BOLSAS
B2.0017,GO,52.02,138.0,BOLSA MOCHILA COM CAPA,JULIA BOLSAS
B2.0017,TO,52.54,140.0,BOLSA MOCHILA COM CAPA,JULIA BOLSAS
B2.0017,PA,52.02,142.0,BOLSA MOCHILA COM CAPA,JULIA BOLSAS
B2.0017,MT,52.02,142.0,BOLSA MOCHILA COM CAPA,JULIA BOLSAS
B2.0010,GO,46.79,140.0,BOLSA P,0
B2.0010,TO,47.26,140.0,BOLSA P,0
B2.0010,PA,46.79,140.0,BOLSA P,0
B2.0010,MT,46.79,140.0,BOLSA P,0
K11.0040,GO,24.94,168.0,KIT FACAS COLORIDAS 6PCS,XDX TALHERES
K11.0040,TO,25.19,168.0,KIT FACAS COLORIDAS 6PCS,XDX TALHERES
K11.0040,PA,24.94,168.0,KIT FACAS COLORIDAS 6PCS,XDX TALHERES
K11.0040,MT,24.94,168.0,KIT FACAS COLORIDAS 6PCS,XDX TALHERES
UZ.158,GO,25.49,30.0,UZ 158 159 JARRA C 6 COPOS,UZ
UZ.158,TO,25.75,30.0,UZ 158 159 JARRA C 6 COPOS,UZ
UZ.158,PA,25.49,41.0,UZ 158 159 JARRA C 6 COPOS,UZ
UZ.158,MT,25.49,41.0,UZ 158 159 JARRA C 6 COPOS,UZ
UZ.206,GO,7.67,22.0,UZ 206 MULTIUSO PREMIUM 800ML,UZ
UZ.206,TO,7.75,22.0,UZ 206 MULTIUSO PREMIUM 800ML,UZ
UZ.206,PA,7.67,12.0,UZ 206 MULTIUSO PREMIUM 800ML,UZ
UZ.206,MT,7.67,12.0,UZ 206 MULTIUSO PREMIUM 800ML,UZ
UZ.243,GO,7.0,22.0,UZ 243 CUMBUCA,UZ
UZ.243,TO,7.07,11.0,UZ 243 CUMBUCA,UZ
UZ.243,PA,7.0,22.0,UZ 243 CUMBUCA,UZ
UZ.243,MT,7.0,22.0,UZ 243 CUMBUCA,UZ
UZ.244,GO,36.26,98.0,UZ 244 PORTA PAO,UZ
UZ.244,TO,36.63,98.0,UZ 244 PORTA PAO,UZ
UZ.244,PA,36.26,58.0,UZ 244 PORTA PAO,UZ
UZ.244,MT,36.26,58.0,UZ 244 PORTA PAO,UZ
UZ.247,GO,6.66,20.0,UZ 247 MULTIUSO PREMIUM 350ML,UZ
UZ.247,TO,6.73,20.0,UZ 247 MULTIUSO PREMIUM 350ML,UZ
UZ.247,PA,6.66,11.0,UZ 247 MULTIUSO PREMIUM 350ML,UZ
UZ.247,MT,6.66,11.0,UZ 247 MULTIUSO PREMIUM 350ML,UZ
UZ.296,GO,9.57,28.0,UZ 296 MULTIUSO PREMIUM QUAD 1.5LT,UZ
UZ.296,TO,9.67,15.0,UZ 296 MULTIUSO PREMIUM QUAD 1.5LT,UZ
UZ.296,PA,9.57,28.0,UZ 296 MULTIUSO PREMIUM QUAD 1.5LT,UZ
UZ.296,MT,9.57,28.0,UZ 296 MULTIUSO PREMIUM QUAD 1.5LT,UZ
UZ.297,GO,6.66,20.0,UZ 297 MULTIUSO PREMIUM QUAD 500ML,UZ
UZ.297,TO,6.73,20.0,UZ 297 MULTIUSO PREMIUM QUAD 500ML,UZ
UZ.297,PA,6.66,11.0,UZ 297 MULTIUSO PREMIUM QUAD 500ML,UZ
UZ.297,MT,6.66,11.0,UZ 297 MULTIUSO PREMIUM QUAD 500ML,UZ
UZ.373,GO,68.64,198.0,UZ 373 CESTO ORGANIZADOR 55LT,UZ
UZ.373,TO,69.32,198.0,UZ 373 CESTO ORGANIZADOR 55LT,UZ
UZ.373,PA,68.64,198.0,UZ 373 CESTO ORGANIZADOR 55LT,UZ
UZ.373,MT,68.64,198.0,UZ 373 CESTO ORGANIZADOR 55LT,UZ
UZ.396,GO,5.61,18.0,UZ 396 MULTIUSO 1LT,UZ
UZ.396,TO,5.66,18.0,UZ 396 MULTIUSO 1LT,UZ
UZ.396,PA,5.61,18.0,UZ 396 MULTIUSO 1LT,UZ
UZ.396,MT,5.61,18.0,UZ 396 MULTIUSO 1LT,UZ
UZ.397,GO,7.31,22.0,UZ 397 MULTIUSO 2LT,UZ
UZ.397,TO,7.38,22.0,UZ 397 MULTIUSO 2LT,UZ
UZ.397,PA,7.31,12.0,UZ 397 MULTIUSO 2LT,UZ
UZ.397,MT,7.31,12.0,UZ 397 MULTIUSO 2LT,UZ
UZ.398,GO,8.31,24.0,UZ 398 MULTIUSO 3LT,UZ
UZ.398,TO,8.4,24.0,UZ 398 MULTIUSO 3LT,UZ
UZ.398,PA,8.31,24.0,UZ 398 MULTIUSO 3LT,UZ
UZ.398,MT,8.31,24.0,UZ 398 MULTIUSO 3LT,UZ
UZ.399,GO,12.08,36.0,UZ 399 DISPENSER PORTA DETERGENTE,UZ
UZ.399,TO,12.2,36.0,UZ 399 DISPENSER PORTA DETERGENTE,UZ
UZ.399,PA,12.08,19.0,UZ 399 DISPENSER PORTA DETERGENTE,UZ
UZ.399,MT,12.08,19.0,UZ 399 DISPENSER PORTA DETERGENTE,UZ
UZ.401,GO,4.4,14.0,UZ 401 ORGANIZADOR CONECTA 300ML,UZ
UZ.401,TO,4.45,14.0,UZ 401 ORGANIZADOR CONECTA 300ML,UZ
UZ.401,PA,4.4,7.0,UZ 401 ORGANIZADOR CONECTA 300ML,UZ
UZ.401,MT,4.4,7.0,UZ 401 ORGANIZADOR CONECTA 300ML,UZ
UZ.402,GO,4.98,16.0,UZ 402 ORGANIZADOR CONECTA 600ML,UZ
UZ.402,TO,5.03,8.0,UZ 402 ORGANIZADOR CONECTA 600ML,UZ
UZ.402,PA,4.98,8.0,UZ 402 ORGANIZADOR CONECTA 600ML,UZ
UZ.402,MT,4.98,8.0,UZ 402 ORGANIZADOR CONECTA 600ML,UZ
UZ.403,GO,5.6,18.0,UZ 403 ORGANIZADOR CONECTA 900ML,UZ
UZ.403,TO,5.66,9.0,UZ 403 ORGANIZADOR CONECTA 900ML,UZ
UZ.403,PA,5.6,9.0,UZ 403 ORGANIZADOR CONECTA 900ML,UZ
UZ.403,MT,5.6,9.0,UZ 403 ORGANIZADOR CONECTA 900ML,UZ
UZ.404,GO,6.43,20.0,UZ 404 ORGANIZADOR CONECTA 1.2LT,UZ
UZ.404,TO,6.5,10.0,UZ 404 ORGANIZADOR CONECTA 1.2LT,UZ
UZ.404,PA,6.43,10.0,UZ 404 ORGANIZADOR CONECTA 1.2LT,UZ
UZ.404,MT,6.43,10.0,UZ 404 ORGANIZADOR CONECTA 1.2LT,UZ
UZ.405,GO,22.79,68.0,UZ 405 ORGANIZADOR CONECTA KIT,UZ
UZ.405,TO,23.02,68.0,UZ 405 ORGANIZADOR CONECTA KIT,UZ
UZ.405,PA,22.79,68.0,UZ 405 ORGANIZADOR CONECTA KIT,UZ
UZ.405,MT,22.79,68.0,UZ 405 ORGANIZADOR CONECTA KIT,UZ
UZ.413,GO,19.1,58.0,UZ 413 BACIA 14LT,UZ
UZ.413,TO,19.29,31.0,UZ 413 BACIA 14LT,UZ
UZ.413,PA,19.1,30.0,UZ 413 BACIA 14LT,UZ
UZ.413,MT,19.1,30.0,UZ 413 BACIA 14LT,UZ
UZ.414,GO,19.13,58.0,UZ 414 ESCORREDOR LOUCA SLIM,UZ
UZ.414,TO,19.32,31.0,UZ 414 ESCORREDOR LOUCA SLIM,UZ
UZ.414,PA,19.13,31.0,UZ 414 ESCORREDOR LOUCA SLIM,UZ
UZ.414,MT,19.13,31.0,UZ 414 ESCORREDOR LOUCA SLIM,UZ
UZ.415,GO,19.08,58.0,UZ 415 BALDE 12LT,UZ
UZ.415,TO,19.27,31.0,UZ 415 BALDE 12LT,UZ
UZ.415,PA,19.08,30.0,UZ 415 BALDE 12LT,UZ
UZ.415,MT,19.08,30.0,UZ 415 BALDE 12LT,UZ
UZ.549,GO,29.79,90.0,UZ 549 LIXEIRA 8LT SLIM COM PEDAL,UZ
UZ.549,TO,30.09,90.0,UZ 549 LIXEIRA 8LT SLIM COM PEDAL,UZ
UZ.549,PA,29.79,48.0,UZ 549 LIXEIRA 8LT SLIM COM PEDAL,UZ
UZ.549,MT,29.79,48.0,UZ 549 LIXEIRA 8LT SLIM COM PEDAL,UZ
K11.0041,GO,33.68,98.0,KIT TALHERES 6PCS INOX CABO PLASTICO,FENIMA
K11.0041,TO,34.02,98.0,KIT TALHERES 6PCS INOX CABO PLASTICO,FENIMA
K11.0041,PA,33.68,98.0,KIT TALHERES 6PCS INOX CABO PLASTICO,FENIMA
K11.0041,MT,33.68,98.0,KIT TALHERES 6PCS INOX CABO PLASTICO,FENIMA
M13.0013,GO,15.56,38.0,MINI PROCESSADOR ALIMENTOS,FENIMA
M13.0013,TO,15.72,38.0,MINI PROCESSADOR ALIMENTOS,FENIMA
M13.0013,PA,15.56,38.0,MINI PROCESSADOR ALIMENTOS,FENIMA
M13.0013,MT,15.56,38.0,MINI PROCESSADOR ALIMENTOS,FENIMA
R18.0007,GO,5.14,16.0,RALADOR COM RESERVATORIO PEQUENO,FENIMA
R18.0007,TO,5.2,16.0,RALADOR COM RESERVATORIO PEQUENO,FENIMA
R18.0007,PA,5.14,16.0,RALADOR COM RESERVATORIO PEQUENO,FENIMA
R18.0007,MT,5.14,16.0,RALADOR COM RESERVATORIO PEQUENO,FENIMA
T20.0128,GO,9.41,28.0,TABUA DE CORTE PLASTICO,FENIMA
T20.0128,TO,9.51,28.0,TABUA DE CORTE PLASTICO,FENIMA
T20.0128,PA,9.41,28.0,TABUA DE CORTE PLASTICO,FENIMA
T20.0128,MT,9.41,28.0,TABUA DE CORTE PLASTICO,FENIMA
C3.0153,GO,13.45,44.0,CANECA GEL 410ML,UNIART
C3.0153,TO,13.58,44.0,CANECA GEL 410ML,UNIART
C3.0153,PA,13.45,44.0,CANECA GEL 410ML,UNIART
C3.0153,MT,13.45,44.0,CANECA GEL 410ML,UNIART
T20.0129,GO,8.01,26.0,TAPETE PORTA RETALHO,HENRIQUE
T20.0129,TO,8.27,28.0,TAPETE PORTA RETALHO,HENRIQUE
T20.0129,PA,7.63,28.0,TAPETE PORTA RETALHO,HENRIQUE
T20.0129,MT,7.56,28.0,TAPETE PORTA RETALHO,HENRIQUE
T20.0130,GO,25.82,78.0,TACA GIN COLORS IBIZA 720ML COM EMBALAGEM,GLOBIMPORT
T20.0130,TO,26.08,78.0,TACA GIN COLORS IBIZA 720ML COM EMBALAGEM,GLOBIMPORT
T20.0130,PA,25.82,78.0,TACA GIN COLORS IBIZA 720ML COM EMBALAGEM,GLOBIMPORT
T20.0130,MT,25.82,78.0,TACA GIN COLORS IBIZA 720ML COM EMBALAGEM,GLOBIMPORT
T20.0131,GO,25.82,78.0,TACA GIN TIMES IBIZA 720ML,GLOBIMPORT
T20.0131,TO,26.08,78.0,TACA GIN TIMES IBIZA 720ML,GLOBIMPORT
T20.0131,PA,25.82,78.0,TACA GIN TIMES IBIZA 720ML,GLOBIMPORT
T20.0131,MT,25.82,78.0,TACA GIN TIMES IBIZA 720ML,GLOBIMPORT
T20.0132,GO,42.15,119.0,TACAS SORVETE 160ML CONJUNTO 6UN COM COLHER,GLOBIMPORT
T20.0132,TO,42.57,119.0,TACAS SORVETE 160ML CONJUNTO 6UN COM COLHER,GLOBIMPORT
T20.0132,PA,42.15,119.0,TACAS SORVETE 160ML CONJUNTO 6UN COM COLHER,GLOBIMPORT
T20.0132,MT,42.15,119.0,TACAS SORVETE 160ML CONJUNTO 6UN COM COLHER,GLOBIMPORT
P16.0036,GO,71.37,180.0,PANELA PRESSAO 4.8LTS,MARTINELI
P16.0036,TO,72.09,180.0,PANELA PRESSAO 4.8LTS,MARTINELI
P16.0036,PA,71.37,180.0,PANELA PRESSAO 4.8LTS,MARTINELI
P16.0036,MT,71.37,180.0,PANELA PRESSAO 4.8LTS,MARTINELI
F6.0022,GO,40.35,100.0,FRIGIDEIRA COM ESPATULA N24 TAMPA,MARTINELI
F6.0022,TO,40.75,100.0,FRIGIDEIRA COM ESPATULA N24 TAMPA,MARTINELI
F6.0022,PA,40.35,100.0,FRIGIDEIRA COM ESPATULA N24 TAMPA,MARTINELI
F6.0022,MT,40.35,100.0,FRIGIDEIRA COM ESPATULA N24 TAMPA,MARTINELI
J10.0044,GO,144.26,368.0,JOGO DE PANELA GOLD TV,MARTINELI
J10.0044,TO,145.7,368.0,JOGO DE PANELA GOLD TV,MARTINELI
J10.0044,PA,144.26,230.0,JOGO DE PANELA GOLD TV,MARTINELI
J10.0044,MT,144.26,230.0,JOGO DE PANELA GOLD TV,MARTINELI
F6.0021,GO,42.63,106.0,FRIGIDEIRA WOK 28CM MTA,MTA
F6.0021,TO,43.05,106.0,FRIGIDEIRA WOK 28CM MTA,MTA
F6.0021,PA,42.63,106.0,FRIGIDEIRA WOK 28CM MTA,MTA
F6.0021,MT,42.63,106.0,FRIGIDEIRA WOK 28CM MTA,MTA
T20.0133,GO,6.05,18.0,TOLHA ROSTO IRIS,ENGOTEX
T20.0133,TO,6.11,18.0,TOLHA ROSTO IRIS,ENGOTEX
T20.0133,PA,6.05,18.0,TOLHA ROSTO IRIS,ENGOTEX
T20.0133,MT,6.05,18.0,TOLHA ROSTO IRIS,ENGOTEX
C3.0154,GO,37.15,110.0,CONJUNTO TALHERES RATTAN 16 PCS,SIMONAGGIO
C3.0154,TO,37.52,110.0,CONJUNTO TALHERES RATTAN 16 PCS,SIMONAGGIO
C3.0154,PA,37.15,110.0,CONJUNTO TALHERES RATTAN 16 PCS,SIMONAGGIO
C3.0154,MT,37.15,110.0,CONJUNTO TALHERES RATTAN 16 PCS,SIMONAGGIO
C3.0155,GO,52.72,156.0,CONJUNTO TALHERES RATTAN 24 PCS,SIMONAGGIO
C3.0155,TO,53.25,156.0,CONJUNTO TALHERES RATTAN 24 PCS,SIMONAGGIO
C3.0155,PA,52.72,156.0,CONJUNTO TALHERES RATTAN 24 PCS,SIMONAGGIO
C3.0155,MT,52.72,156.0,CONJUNTO TALHERES RATTAN 24 PCS,SIMONAGGIO
C3.0156,GO,52.72,156.0,CONJUNTO TALHERES SINTONIA DECOR 24 PCS,SIMONAGGIO
C3.0156,TO,53.25,156.0,CONJUNTO TALHERES SINTONIA DECOR 24 PCS,SIMONAGGIO
C3.0156,PA,52.72,156.0,CONJUNTO TALHERES SINTONIA DECOR 24 PCS,SIMONAGGIO
C3.0156,MT,52.72,156.0,CONJUNTO TALHERES SINTONIA DECOR 24 PCS,SIMONAGGIO
C3.0157,GO,34.92,104.0,CONJUNTO TALHERES PRATIKA 24 PCS,SIMONAGGIO
C3.0157,TO,35.26,104.0,CONJUNTO TALHERES PRATIKA 24 PCS,SIMONAGGIO
C3.0157,PA,34.92,104.0,CONJUNTO TALHERES PRATIKA 24 PCS,SIMONAGGIO
C3.0157,MT,34.92,104.0,CONJUNTO TALHERES PRATIKA 24 PCS,SIMONAGGIO
C3.0158,GO,32.29,98.0,CONJUNTO TALHERES BOTANICAL 24 PCS,SIMONAGGIO
C3.0158,TO,32.61,98.0,CONJUNTO TALHERES BOTANICAL 24 PCS,SIMONAGGIO
C3.0158,PA,32.29,98.0,CONJUNTO TALHERES BOTANICAL 24 PCS,SIMONAGGIO
C3.0158,MT,32.29,98.0,CONJUNTO TALHERES BOTANICAL 24 PCS,SIMONAGGIO
C3.0159,GO,41.04,124.0,CONJUNTO TALHERES MONIZ 24 PCS,SIMONAGGIO
C3.0159,TO,41.45,124.0,CONJUNTO TALHERES MONIZ 24 PCS,SIMONAGGIO
C3.0159,PA,41.04,124.0,CONJUNTO TALHERES MONIZ 24 PCS,SIMONAGGIO
C3.0159,MT,41.04,124.0,CONJUNTO TALHERES MONIZ 24 PCS,SIMONAGGIO
C3.0162,GO,15.26,46.0,CONJUNTO CHURRASCO 2 PCS,SIMONAGGIO
C3.0162,TO,15.42,46.0,CONJUNTO CHURRASCO 2 PCS,SIMONAGGIO
C3.0162,PA,15.26,46.0,CONJUNTO CHURRASCO 2 PCS,SIMONAGGIO
C3.0162,MT,15.26,46.0,CONJUNTO CHURRASCO 2 PCS,SIMONAGGIO
C3.0163,GO,39.35,118.0,CONJUNTO CHURRASCO 3 PCS,SIMONAGGIO
C3.0163,TO,39.74,118.0,CONJUNTO CHURRASCO 3 PCS,SIMONAGGIO
C3.0163,PA,39.35,118.0,CONJUNTO CHURRASCO 3 PCS,SIMONAGGIO
C3.0163,MT,39.35,118.0,CONJUNTO CHURRASCO 3 PCS,SIMONAGGIO
C3.0164,GO,24.05,72.0,CONJUNTO FACAS COOK TOOLS 4 PCS,SIMONAGGIO
C3.0164,TO,24.29,72.0,CONJUNTO FACAS COOK TOOLS 4 PCS,SIMONAGGIO
C3.0164,PA,24.05,72.0,CONJUNTO FACAS COOK TOOLS 4 PCS,SIMONAGGIO
C3.0164,MT,24.05,72.0,CONJUNTO FACAS COOK TOOLS 4 PCS,SIMONAGGIO
C3.0166,GO,27.42,82.0,CONJUNTO SOBREMESA MONIZ 12 PCS,SIMONAGGIO
C3.0166,TO,27.7,82.0,CONJUNTO SOBREMESA MONIZ 12 PCS,SIMONAGGIO
C3.0166,PA,27.42,82.0,CONJUNTO SOBREMESA MONIZ 12 PCS,SIMONAGGIO
C3.0166,MT,27.42,82.0,CONJUNTO SOBREMESA MONIZ 12 PCS,SIMONAGGIO
C3.0167,GO,18.04,54.0,CONJUNTO UTENSILIOS MONIZ 4 PCS,SIMONAGGIO
C3.0167,TO,18.22,54.0,CONJUNTO UTENSILIOS MONIZ 4 PCS,SIMONAGGIO
C3.0167,PA,18.04,54.0,CONJUNTO UTENSILIOS MONIZ 4 PCS,SIMONAGGIO
C3.0167,MT,18.04,54.0,CONJUNTO UTENSILIOS MONIZ 4 PCS,SIMONAGGIO
C3.0160,GO,57.8,168.0,CONJUNTO TALHERES CUCINA MIA 24 PCS,SIMONAGGIO
C3.0160,TO,58.38,168.0,CONJUNTO TALHERES CUCINA MIA 24 PCS,SIMONAGGIO
C3.0160,PA,57.8,168.0,CONJUNTO TALHERES CUCINA MIA 24 PCS,SIMONAGGIO
C3.0160,MT,57.8,168.0,CONJUNTO TALHERES CUCINA MIA 24 PCS,SIMONAGGIO
C3.0161,GO,78.58,236.0,CONJUNTO TALHERES TORONTO DECOR 24 PCS,SIMONAGGIO
C3.0161,TO,79.37,236.0,CONJUNTO TALHERES TORONTO DECOR 24 PCS,SIMONAGGIO
C3.0161,PA,78.58,236.0,CONJUNTO TALHERES TORONTO DECOR 24 PCS,SIMONAGGIO
C3.0161,MT,78.58,236.0,CONJUNTO TALHERES TORONTO DECOR 24 PCS,SIMONAGGIO
C3.0165,GO,78.41,234.0,CONJUNTO CHURRASCO 12 PCS,SIMONAGGIO
C3.0165,TO,79.2,234.0,CONJUNTO CHURRASCO 12 PCS,SIMONAGGIO
C3.0165,PA,78.41,234.0,CONJUNTO CHURRASCO 12 PCS,SIMONAGGIO
C3.0165,MT,78.41,234.0,CONJUNTO CHURRASCO 12 PCS,SIMONAGGIO
T20.0025,GO,29.14,74.0,T BAN ADULTO OURO,SIOTEX
T20.0025,TO,29.44,74.0,T BAN ADULTO OURO,SIOTEX
T20.0025,PA,29.14,74.0,T BAN ADULTO OURO,SIOTEX
T20.0025,MT,29.14,74.0,T BAN ADULTO OURO,SIOTEX
P16.0003,GO,62.98,220.0,PANELA DE PRESSAO 2LT,EIRILAR
P16.0003,TO,86.3,250.0,PANELA DE PRESSAO 2LT,EIRILAR
P16.0003,PA,84.97,250.0,PANELA DE PRESSAO 2LT,EIRILAR
P16.0003,MT,62.98,220.0,PANELA DE PRESSAO 2LT,EIRILAR
P16.0035,GO,40.04,104.0,PANELA PRESSAO COURACA 2.5LTS,COURAÇA
P16.0035,TO,40.44,104.0,PANELA PRESSAO COURACA 2.5LTS,COURAÇA
P16.0035,PA,40.04,104.0,PANELA PRESSAO COURACA 2.5LTS,COURAÇA
P16.0035,MT,40.04,104.0,PANELA PRESSAO COURACA 2.5LTS,COURAÇA
P16.0034,GO,48.83,130.0,PANELA PRESSAO COURACA 4.5LTS,COURAÇA
P16.0034,TO,49.32,130.0,PANELA PRESSAO COURACA 4.5LTS,COURAÇA
P16.0034,PA,48.83,78.0,PANELA PRESSAO COURACA 4.5LTS,COURAÇA
P16.0034,MT,48.83,78.0,PANELA PRESSAO COURACA 4.5LTS,COURAÇA
P16.0037,GO,7.24,20.0,PILAO NUMERO 1,DENISE ALUMINIOS ALUMINIOS
P16.0037,TO,7.31,20.0,PILAO NUMERO 1,DENISE ALUMINIOS ALUMINIOS
P16.0037,PA,7.24,20.0,PILAO NUMERO 1,DENISE ALUMINIOS ALUMINIOS
P16.0037,MT,7.24,20.0,PILAO NUMERO 1,DENISE ALUMINIOS ALUMINIOS
P16.0038,GO,9.55,26.0,PILAO NUMERO 2,DENISE ALUMINIOS ALUMINIOS
P16.0038,TO,9.65,26.0,PILAO NUMERO 2,DENISE ALUMINIOS ALUMINIOS
P16.0038,PA,9.55,26.0,PILAO NUMERO 2,DENISE ALUMINIOS ALUMINIOS
P16.0038,MT,9.55,26.0,PILAO NUMERO 2,DENISE ALUMINIOS ALUMINIOS
P16.0039,GO,17.12,46.0,PILAO NUMERO 3,DENISE ALUMINIOS ALUMINIOS
P16.0039,TO,17.29,46.0,PILAO NUMERO 3,DENISE ALUMINIOS ALUMINIOS
P16.0039,PA,17.12,46.0,PILAO NUMERO 3,DENISE ALUMINIOS ALUMINIOS
P16.0039,MT,17.12,46.0,PILAO NUMERO 3,DENISE ALUMINIOS ALUMINIOS
P16.0040,GO,19.91,54.0,PILAO NUMERO 4,DENISE ALUMINIOS ALUMINIOS
P16.0040,TO,20.11,54.0,PILAO NUMERO 4,DENISE ALUMINIOS ALUMINIOS
P16.0040,PA,19.91,54.0,PILAO NUMERO 4,DENISE ALUMINIOS ALUMINIOS
P16.0040,MT,19.91,54.0,PILAO NUMERO 4,DENISE ALUMINIOS ALUMINIOS
J10.0045,GO,131.32,348.0,JOGO DE PANELA FUNDIDA ASA VIRADA 16 A 24,DENISE ALUMINIOS ALUMINIOS
J10.0045,TO,132.63,348.0,JOGO DE PANELA FUNDIDA ASA VIRADA 16 A 24,DENISE ALUMINIOS ALUMINIOS
J10.0045,PA,131.32,209.0,JOGO DE PANELA FUNDIDA ASA VIRADA 16 A 24,DENISE ALUMINIOS ALUMINIOS
J10.0045,MT,131.32,209.0,JOGO DE PANELA FUNDIDA ASA VIRADA 16 A 24,DENISE ALUMINIOS ALUMINIOS
P16.0041,GO,58.19,148.0,PASSADEIRA BRILHA NO ESCURO,CANDURA DIST
P16.0041,TO,58.78,148.0,PASSADEIRA BRILHA NO ESCURO,CANDURA DIST
P16.0041,PA,58.19,148.0,PASSADEIRA BRILHA NO ESCURO,CANDURA DIST
P16.0041,MT,58.19,148.0,PASSADEIRA BRILHA NO ESCURO,CANDURA DIST
C3.0168,GO,33.01,162.0,CARPETE BRILHA ESCURO,CANDURA DIST
C3.0168,TO,33.34,162.0,CARPETE BRILHA ESCURO,CANDURA DIST
C3.0168,PA,33.01,162.0,CARPETE BRILHA ESCURO,CANDURA DIST
C3.0168,MT,33.01,162.0,CARPETE BRILHA ESCURO,CANDURA DIST
P16.0007,GO,81.76,202.0,PANELA DE PRESSAO PANELAR COOK 5LTS   AA,PANELAR
P16.0007,TO,82.57,204.0,PANELA DE PRESSAO PANELAR COOK 5LTS   AA,PANELAR
P16.0007,PA,81.76,204.0,PANELA DE PRESSAO PANELAR COOK 5LTS   AA,PANELAR
P16.0007,MT,81.76,204.0,PANELA DE PRESSAO PANELAR COOK 5LTS   AA,PANELAR
P16.0042,GO,51.22,126.0,PANELA PRESSAO PANELAR COOK 3.5LTS AA,PANELAR
P16.0042,TO,51.73,128.0,PANELA PRESSAO PANELAR COOK 3.5LTS AA,PANELAR
P16.0042,PA,51.22,128.0,PANELA PRESSAO PANELAR COOK 3.5LTS AA,PANELAR
P16.0042,MT,51.22,128.0,PANELA PRESSAO PANELAR COOK 3.5LTS AA,PANELAR
K11.0042,GO,29.97,76.0,KIT PRIME PANELAR 18 22 C ESPATULA AA,PANELAR
K11.0042,TO,30.27,78.0,KIT PRIME PANELAR 18 22 C ESPATULA AA,PANELAR
K11.0042,PA,29.97,78.0,KIT PRIME PANELAR 18 22 C ESPATULA AA,PANELAR
K11.0042,MT,29.97,78.0,KIT PRIME PANELAR 18 22 C ESPATULA AA,PANELAR
J10.0047,GO,46.79,116.0,JOGO ASSADERIAS N1 A N4,PANELAR
J10.0047,TO,47.26,118.0,JOGO ASSADERIAS N1 A N4,PANELAR
J10.0047,PA,46.79,118.0,JOGO ASSADERIAS N1 A N4,PANELAR
J10.0047,MT,46.79,118.0,JOGO ASSADERIAS N1 A N4,PANELAR
R18.0008,GO,70.52,176.0,RISOTEIRA 32 TV,PANELAR
R18.0008,TO,71.22,178.0,RISOTEIRA 32 TV,PANELAR
R18.0008,PA,70.52,178.0,RISOTEIRA 32 TV,PANELAR
R18.0008,MT,70.52,178.0,RISOTEIRA 32 TV,PANELAR
T20.0134,GO,19.06,48.0,TAPETE CAMURCA ULTRA 050X080,DADDEIRO
T20.0134,TO,19.25,48.0,TAPETE CAMURCA ULTRA 050X080,DADDEIRO
T20.0134,PA,19.06,48.0,TAPETE CAMURCA ULTRA 050X080,DADDEIRO
T20.0134,MT,19.06,48.0,TAPETE CAMURCA ULTRA 050X080,DADDEIRO
J10.0046,GO,29.8,74.0,JOGO DE BANHEIRO 2PCS,DADDEIRO
J10.0046,TO,30.1,76.0,JOGO DE BANHEIRO 2PCS,DADDEIRO
J10.0046,PA,29.8,76.0,JOGO DE BANHEIRO 2PCS,DADDEIRO
J10.0046,MT,29.8,76.0,JOGO DE BANHEIRO 2PCS,DADDEIRO
T20.0064,GO,18.18,50.0,TOALHA DE MESA TERMICA 2.10MT,LUCAT
T20.0064,TO,18.36,50.0,TOALHA DE MESA TERMICA 2.10MT,LUCAT
T20.0064,PA,18.18,50.0,TOALHA DE MESA TERMICA 2.10MT,LUCAT
T20.0064,MT,18.18,50.0,TOALHA DE MESA TERMICA 2.10MT,LUCAT
C3.0169,GO,59.4,148.0,CORTINA JACQUARD 180X270,DADDEIRO
C3.0169,TO,59.99,150.0,CORTINA JACQUARD 180X270,DADDEIRO
C3.0169,PA,59.4,150.0,CORTINA JACQUARD 180X270,DADDEIRO
C3.0169,MT,59.4,150.0,CORTINA JACQUARD 180X270,DADDEIRO
C3.0170,GO,76.75,192.0,CORTINA JACQUARD 270X300,DADDEIRO
C3.0170,TO,77.52,194.0,CORTINA JACQUARD 270X300,DADDEIRO
C3.0170,PA,76.75,194.0,CORTINA JACQUARD 270X300,DADDEIRO
C3.0170,MT,76.75,194.0,CORTINA JACQUARD 270X300,DADDEIRO
C3.0171,GO,103.34,258.0,CORTINA JACQUARD 270X400,DADDEIRO
C3.0171,TO,104.38,260.0,CORTINA JACQUARD 270X400,DADDEIRO
C3.0171,PA,103.34,260.0,CORTINA JACQUARD 270X400,DADDEIRO
C3.0171,MT,103.34,260.0,CORTINA JACQUARD 270X400,DADDEIRO
C3.0172,GO,68.66,174.0,COBRELEITO MENEGATTI CASAL 220X240,MENEGATTI
C3.0172,TO,69.35,174.0,COBRELEITO MENEGATTI CASAL 220X240,MENEGATTI
C3.0172,PA,68.66,174.0,COBRELEITO MENEGATTI CASAL 220X240,MENEGATTI
C3.0172,MT,68.66,174.0,COBRELEITO MENEGATTI CASAL 220X240,MENEGATTI
C3.0173,GO,74.21,184.0,COBRELEITO MENEGATTI QUEEN 240X260,MENEGATTI
C3.0173,TO,74.95,190.0,COBRELEITO MENEGATTI QUEEN 240X260,MENEGATTI
C3.0173,PA,74.21,190.0,COBRELEITO MENEGATTI QUEEN 240X260,MENEGATTI
C3.0173,MT,74.21,190.0,COBRELEITO MENEGATTI QUEEN 240X260,MENEGATTI
C3.0174,GO,53.03,132.0,COBRE LEITO MENEGATTI SOLTEIRO 160X240,MENEGATTI
C3.0174,TO,53.57,136.0,COBRE LEITO MENEGATTI SOLTEIRO 160X240,MENEGATTI
C3.0174,PA,53.03,136.0,COBRE LEITO MENEGATTI SOLTEIRO 160X240,MENEGATTI
C3.0174,MT,53.03,136.0,COBRE LEITO MENEGATTI SOLTEIRO 160X240,MENEGATTI
P16.0027,GO,80.03,230.0,PROTETOR DE  SOFA,ZAFFIRA
P16.0027,TO,90.44,260.0,PROTETOR DE  SOFA,ZAFFIRA
P16.0027,PA,81.33,232.0,PROTETOR DE  SOFA,ZAFFIRA
P16.0027,MT,80.03,105.0,PROTETOR DE  SOFA,ZAFFIRA
k11.0012,GO,45.15,118.0,KIT ALMOFADAS JAQUARD ESTAMPADA 05PCS,GITTE
k11.0012,TO,45.6,118.0,KIT ALMOFADAS JAQUARD ESTAMPADA 05PCS,GITTE
k11.0012,PA,45.15,118.0,KIT ALMOFADAS JAQUARD ESTAMPADA 05PCS,GITTE
k11.0012,MT,45.15,118.0,KIT ALMOFADAS JAQUARD ESTAMPADA 05PCS,GITTE
R18.0003,GO,42.03,108.0,REDE PERNAMBUCANA,FRAN DULTRA
R18.0003,TO,42.45,108.0,REDE PERNAMBUCANA,FRAN DULTRA
R18.0003,PA,42.03,108.0,REDE PERNAMBUCANA,FRAN DULTRA
R18.0003,MT,42.03,108.0,REDE PERNAMBUCANA,FRAN DULTRA
J10.0007,GO,179.42,515.0,JOGO DE PANELA FUNDIDO 16 A 24,DENISE ALUMINIOS ALUMINIOS
J10.0007,TO,164.65,458.0,JOGO DE PANELA FUNDIDO 16 A 24,DENISE ALUMINIOS ALUMINIOS
J10.0007,PA,165.64,460.0,JOGO DE PANELA FUNDIDO 16 A 24,DENISE ALUMINIOS ALUMINIOS
J10.0007,MT,184.67,530.0,JOGO DE PANELA FUNDIDO 16 A 24,DENISE ALUMINIOS ALUMINIOS
T20.0135,GO,23.66,70.0,TACA PARA AGUA BARROCO JG 6,WHEATON
T20.0135,TO,23.9,70.0,TACA PARA AGUA BARROCO JG 6,WHEATON
T20.0135,PA,23.66,70.0,TACA PARA AGUA BARROCO JG 6,WHEATON
T20.0135,MT,23.66,70.0,TACA PARA AGUA BARROCO JG 6,WHEATON
C3.0178,GO,33.35,98.0,CONJ TACAS SOBREMESA BARROCO JG 6,WHEATON
C3.0178,TO,33.68,98.0,CONJ TACAS SOBREMESA BARROCO JG 6,WHEATON
C3.0178,PA,33.35,98.0,CONJ TACAS SOBREMESA BARROCO JG 6,WHEATON
C3.0178,MT,33.35,98.0,CONJ TACAS SOBREMESA BARROCO JG 6,WHEATON
A1.0007,GO,89.89,268.0,AP JANTAR C COPOS CRYSTAL JG 16,WHEATON
A1.0007,TO,90.79,268.0,AP JANTAR C COPOS CRYSTAL JG 16,WHEATON
A1.0007,PA,89.89,268.0,AP JANTAR C COPOS CRYSTAL JG 16,WHEATON
A1.0007,MT,89.89,268.0,AP JANTAR C COPOS CRYSTAL JG 16,WHEATON
T20.0136,GO,28.43,84.0,TACA EMOTIONS VERAO JG 6,WHEATON
T20.0136,TO,28.71,84.0,TACA EMOTIONS VERAO JG 6,WHEATON
T20.0136,PA,28.43,84.0,TACA EMOTIONS VERAO JG 6,WHEATON
T20.0136,MT,28.43,84.0,TACA EMOTIONS VERAO JG 6,WHEATON
C3.0179,GO,72.11,214.0,CONJ TIGELAS SOBREMESA EMOTIONS JG 6.1,WHEATON
C3.0179,TO,72.84,214.0,CONJ TIGELAS SOBREMESA EMOTIONS JG 6.1,WHEATON
C3.0179,PA,72.11,214.0,CONJ TIGELAS SOBREMESA EMOTIONS JG 6.1,WHEATON
C3.0179,MT,72.11,214.0,CONJ TIGELAS SOBREMESA EMOTIONS JG 6.1,WHEATON
C3.0180,GO,9.72,29.0,COPO APERITIVO BARROCO JG 4,WHEATON
C3.0180,TO,9.82,29.0,COPO APERITIVO BARROCO JG 4,WHEATON
C3.0180,PA,9.72,29.0,COPO APERITIVO BARROCO JG 4,WHEATON
C3.0180,MT,9.72,29.0,COPO APERITIVO BARROCO JG 4,WHEATON
C3.0181,GO,8.74,26.0,CANEQUINHA BARROCO JG 4,WHEATON
C3.0181,TO,8.83,26.0,CANEQUINHA BARROCO JG 4,WHEATON
C3.0181,PA,8.74,26.0,CANEQUINHA BARROCO JG 4,WHEATON
C3.0181,MT,8.74,26.0,CANEQUINHA BARROCO JG 4,WHEATON
C3.0182,GO,65.5,194.0,CONJ SOBREMESA BARROCO 6.1,WHEATON
C3.0182,TO,66.15,194.0,CONJ SOBREMESA BARROCO 6.1,WHEATON
C3.0182,PA,65.5,194.0,CONJ SOBREMESA BARROCO 6.1,WHEATON
C3.0182,MT,65.5,194.0,CONJ SOBREMESA BARROCO 6.1,WHEATON
T20.0137,GO,9.92,29.0,TACAS VINHO BARROCO JG 3,WHEATON
T20.0137,TO,10.01,29.0,TACAS VINHO BARROCO JG 3,WHEATON
T20.0137,PA,9.92,29.0,TACAS VINHO BARROCO JG 3,WHEATON
T20.0137,MT,9.92,29.0,TACAS VINHO BARROCO JG 3,WHEATON
P16.0043,GO,84.55,250.0,PRATO FUNDO EMOTIONS JG 12,WHEATON
P16.0043,TO,85.4,250.0,PRATO FUNDO EMOTIONS JG 12,WHEATON
P16.0043,PA,84.55,250.0,PRATO FUNDO EMOTIONS JG 12,WHEATON
P16.0043,MT,84.55,250.0,PRATO FUNDO EMOTIONS JG 12,WHEATON
P16.0044,GO,44.24,132.0,PRATO FUNDO CRYSTAL JG 6,WHEATON
P16.0044,TO,44.69,132.0,PRATO FUNDO CRYSTAL JG 6,WHEATON
P16.0044,PA,44.24,132.0,PRATO FUNDO CRYSTAL JG 6,WHEATON
P16.0044,MT,44.24,132.0,PRATO FUNDO CRYSTAL JG 6,WHEATON
C3.0183,GO,65.58,196.0,CONJ TIGELAS SOBREMESA CRYSTAL 6.1,WHEATON
C3.0183,TO,66.24,196.0,CONJ TIGELAS SOBREMESA CRYSTAL 6.1,WHEATON
C3.0183,PA,65.58,196.0,CONJ TIGELAS SOBREMESA CRYSTAL 6.1,WHEATON
C3.0183,MT,65.58,196.0,CONJ TIGELAS SOBREMESA CRYSTAL 6.1,WHEATON
C3.0184,GO,34.31,98.0,CONJ XICARA CAFE CRYSTAL JG 6,WHEATON
C3.0184,TO,34.65,98.0,CONJ XICARA CAFE CRYSTAL JG 6,WHEATON
C3.0184,PA,34.31,98.0,CONJ XICARA CAFE CRYSTAL JG 6,WHEATON
C3.0184,MT,34.31,98.0,CONJ XICARA CAFE CRYSTAL JG 6,WHEATON
C3.0185,GO,47.94,142.0,CONJ CHA CRYSTAL JG 6,WHEATON
C3.0185,TO,48.42,142.0,CONJ CHA CRYSTAL JG 6,WHEATON
C3.0185,PA,47.94,142.0,CONJ CHA CRYSTAL JG 6,WHEATON
C3.0185,MT,47.94,142.0,CONJ CHA CRYSTAL JG 6,WHEATON
T20.0138,GO,22.87,68.0,TACA PARA SOBREMESA CRYSTAL JG 6,WHEATON
T20.0138,TO,23.1,68.0,TACA PARA SOBREMESA CRYSTAL JG 6,WHEATON
T20.0138,PA,22.87,68.0,TACA PARA SOBREMESA CRYSTAL JG 6,WHEATON
T20.0138,MT,22.87,68.0,TACA PARA SOBREMESA CRYSTAL JG 6,WHEATON
C3.0176,GO,9.89,29.0,COPO PARA AGUA BARROCO JG 6,WHEATON
C3.0176,TO,9.99,29.0,COPO PARA AGUA BARROCO JG 6,WHEATON
C3.0176,PA,9.89,29.0,COPO PARA AGUA BARROCO JG 6,WHEATON
C3.0176,MT,9.89,29.0,COPO PARA AGUA BARROCO JG 6,WHEATON
C3.0177,GO,9.89,29.0,COPO PARA AGUA CRYSTAL JG 6,WHEATON
C3.0177,TO,9.99,29.0,COPO PARA AGUA CRYSTAL JG 6,WHEATON
C3.0177,PA,9.89,29.0,COPO PARA AGUA CRYSTAL JG 6,WHEATON
C3.0177,MT,9.89,29.0,COPO PARA AGUA CRYSTAL JG 6,WHEATON
C3.0186,GO,56.38,156.0,COLCHA CASAL LINHAO 220X240,DADDEIRO
C3.0186,TO,56.94,158.0,COLCHA CASAL LINHAO 220X240,DADDEIRO
C3.0186,PA,56.38,158.0,COLCHA CASAL LINHAO 220X240,DADDEIRO
C3.0186,MT,56.38,158.0,COLCHA CASAL LINHAO 220X240,DADDEIRO
K11.0024,GO,69.79,113.0,KIT QUARTO INFANTIL,DADDEIRO
K11.0024,TO,70.48,113.0,KIT QUARTO INFANTIL,DADDEIRO
K11.0024,PA,69.79,113.0,KIT QUARTO INFANTIL,DADDEIRO
K11.0024,MT,69.79,113.0,KIT QUARTO INFANTIL,DADDEIRO
T20.0063,GO,12.46,36.0,TOALHA DE MESA TERMICA 1.40MT,LUCAT
T20.0063,TO,12.58,36.0,TOALHA DE MESA TERMICA 1.40MT,LUCAT
T20.0063,PA,12.46,36.0,TOALHA DE MESA TERMICA 1.40MT,LUCAT
T20.0063,MT,12.46,36.0,TOALHA DE MESA TERMICA 1.40MT,LUCAT
M13.0010,GO,23.28,60.0,MANTA LISA,PARAIBA
M13.0010,TO,23.51,60.0,MANTA LISA,PARAIBA
M13.0010,PA,23.28,60.0,MANTA LISA,PARAIBA
M13.0010,MT,23.28,60.0,MANTA LISA,PARAIBA
T20.0042,GO,63.71,198.0,TABUA DE PASSAR,PRATILLAR
T20.0042,TO,71.88,215.0,TABUA DE PASSAR,PRATILLAR
T20.0042,PA,63.17,215.0,TABUA DE PASSAR,PRATILLAR
T20.0042,MT,82.0,215.0,TABUA DE PASSAR,PRATILLAR
C3.0187,GO,55.36,156.0,CORTINA SHADOW LISA 280X170,TATY
C3.0187,TO,55.92,156.0,CORTINA SHADOW LISA 280X170,TATY
C3.0187,PA,55.36,156.0,CORTINA SHADOW LISA 280X170,TATY
C3.0187,MT,55.36,156.0,CORTINA SHADOW LISA 280X170,TATY
C3.0188,GO,85.9,199.0,CORTINA SHADOW LISA 280X250,TATY
C3.0188,TO,86.76,199.0,CORTINA SHADOW LISA 280X250,TATY
C3.0188,PA,85.9,199.0,CORTINA SHADOW LISA 280X250,TATY
C3.0188,MT,85.9,199.0,CORTINA SHADOW LISA 280X250,TATY
T20.0139,GO,15.76,53.0,TRITURADOR ELETRICO 100ML,LUI ELETRONICOS
T20.0139,TO,16.37,53.0,TRITURADOR ELETRICO 100ML,LUI ELETRONICOS
T20.0139,PA,15.76,53.0,TRITURADOR ELETRICO 100ML,LUI ELETRONICOS
T20.0139,MT,15.76,53.0,TRITURADOR ELETRICO 100ML,LUI ELETRONICOS
C3.0190,GO,30.23,130.0,CAIXA SOM K APROVA RESPINGOS AGUA,LUI ELETRONICOS
C3.0190,TO,30.53,132.0,CAIXA SOM K APROVA RESPINGOS AGUA,LUI ELETRONICOS
C3.0190,PA,31.24,134.0,CAIXA SOM K APROVA RESPINGOS AGUA,LUI ELETRONICOS
C3.0190,MT,30.23,134.0,CAIXA SOM K APROVA RESPINGOS AGUA,LUI ELETRONICOS
L12.0020,GO,21.53,64.0,LUMINARIA 3D,LUI ELETRONICOS
L12.0020,TO,21.75,64.0,LUMINARIA 3D,LUI ELETRONICOS
L12.0020,PA,21.53,64.0,LUMINARIA 3D,LUI ELETRONICOS
L12.0020,MT,21.53,64.0,LUMINARIA 3D,LUI ELETRONICOS
C3.0089,GO,49.92,150.0,CORTINA PARIS BLACKOUT 280X160,TOQUE IDEAL
C3.0089,TO,60.66,174.0,CORTINA PARIS BLACKOUT 280X160,TOQUE IDEAL
C3.0089,PA,53.88,155.0,CORTINA PARIS BLACKOUT 280X160,TOQUE IDEAL
C3.0089,MT,46.49,140.0,CORTINA PARIS BLACKOUT 280X160,TOQUE IDEAL
C3.0051,GO,79.92,198.0,COLCHA CASAL CHENILLE,JOLITEX
C3.0051,TO,80.72,198.0,COLCHA CASAL CHENILLE,JOLITEX
C3.0051,PA,79.92,127.0,COLCHA CASAL CHENILLE,JOLITEX
C3.0051,MT,79.92,127.0,COLCHA CASAL CHENILLE,JOLITEX
C3.0011,GO,48.96,168.0,COLCHA ELEGANCE LISA SOLTEIRO 160X220,HABITAT
C3.0011,TO,49.45,172.0,COLCHA ELEGANCE LISA SOLTEIRO 160X220,HABITAT
C3.0011,PA,48.96,172.0,COLCHA ELEGANCE LISA SOLTEIRO 160X220,HABITAT
C3.0011,MT,48.96,172.0,COLCHA ELEGANCE LISA SOLTEIRO 160X220,HABITAT
C3.0047,GO,68.9,242.0,COLCHA ELEGANCE LISA QUENN 240X 260,HABITAT
C3.0047,TO,69.59,242.0,COLCHA ELEGANCE LISA QUENN 240X 260,HABITAT
C3.0047,PA,68.9,242.0,COLCHA ELEGANCE LISA QUENN 240X 260,HABITAT
C3.0047,MT,68.9,242.0,COLCHA ELEGANCE LISA QUENN 240X 260,HABITAT
C3.0045,GO,4.47,15.0,COBRETUDO DE ALGODAO SILCADO,DADDEIRO
C3.0045,TO,4.51,15.0,COBRETUDO DE ALGODAO SILCADO,DADDEIRO
C3.0045,PA,4.47,15.0,COBRETUDO DE ALGODAO SILCADO,DADDEIRO
C3.0045,MT,4.47,15.0,COBRETUDO DE ALGODAO SILCADO,DADDEIRO
C3.0191,GO,35.5,54.0,COPO TERMICO C TAMPA 473 ML,DADDEIRO
C3.0191,TO,35.86,54.0,COPO TERMICO C TAMPA 473 ML,DADDEIRO
C3.0191,PA,35.5,54.0,COPO TERMICO C TAMPA 473 ML,DADDEIRO
C3.0191,MT,35.5,54.0,COPO TERMICO C TAMPA 473 ML,DADDEIRO
J10.0019,GO,60.49,148.0,JG DE PANELA 4 EM 1,PANELAR
J10.0019,TO,61.1,148.0,JG DE PANELA 4 EM 1,PANELAR
J10.0019,PA,60.49,148.0,JG DE PANELA 4 EM 1,PANELAR
J10.0019,MT,60.49,148.0,JG DE PANELA 4 EM 1,PANELAR
L12.0003,GO,7.0,33.0,LANTERNA MINI,LUI ELETRONICOS
L12.0003,TO,7.07,33.0,LANTERNA MINI,LUI ELETRONICOS
L12.0003,PA,7.68,33.0,LANTERNA MINI,LUI ELETRONICOS
L12.0003,MT,7.0,33.0,LANTERNA MINI,LUI ELETRONICOS
B2.0009,GO,47.69,144.0,BOLSA M 20,JULIA BOLSAS
B2.0009,TO,48.17,144.0,BOLSA M 20,JULIA BOLSAS
B2.0009,PA,47.69,144.0,BOLSA M 20,JULIA BOLSAS
B2.0009,MT,47.69,144.0,BOLSA M 20,JULIA BOLSAS
B2.0018,GO,58.27,168.0,BOLSA P 6682 614,JULIA BOLSAS
B2.0018,TO,58.86,168.0,BOLSA P 6682 614,JULIA BOLSAS
B2.0018,PA,58.27,168.0,BOLSA P 6682 614,JULIA BOLSAS
B2.0018,MT,58.27,168.0,BOLSA P 6682 614,JULIA BOLSAS
T20.0140,GO,4.85,13.0,TOALHA DE COPA OPORTUNITY,GROH
T20.0140,TO,4.9,13.0,TOALHA DE COPA OPORTUNITY,GROH
T20.0140,PA,4.85,13.0,TOALHA DE COPA OPORTUNITY,GROH
T20.0140,MT,4.85,13.0,TOALHA DE COPA OPORTUNITY,GROH
T20.0141,GO,23.6,58.0,T BAN ADULTO OLYMPUS,GROH
T20.0141,TO,23.84,60.0,T BAN ADULTO OLYMPUS,GROH
T20.0141,PA,23.6,60.0,T BAN ADULTO OLYMPUS,GROH
T20.0141,MT,23.6,60.0,T BAN ADULTO OLYMPUS,GROH
T20.0142,GO,21.35,54.0,T BAN ADULTO DIAMANTE,GROH
T20.0142,TO,21.56,54.0,T BAN ADULTO DIAMANTE,GROH
T20.0142,PA,21.35,54.0,T BAN ADULTO DIAMANTE,GROH
T20.0142,MT,21.35,54.0,T BAN ADULTO DIAMANTE,GROH
J10.0048,GO,46.62,117.0,JG DE CAMA CASAL 3PC EST PENTEADO,BAVATEX
J10.0048,TO,47.09,134.0,JG DE CAMA CASAL 3PC EST PENTEADO,BAVATEX
J10.0048,PA,46.62,134.0,JG DE CAMA CASAL 3PC EST PENTEADO,BAVATEX
J10.0048,MT,46.62,134.0,JG DE CAMA CASAL 3PC EST PENTEADO,BAVATEX
J10.0049,GO,35.55,90.0,JG DE CAMA CASAL 3PC MALHA EST,BAVATEX
J10.0049,TO,35.9,102.0,JG DE CAMA CASAL 3PC MALHA EST,BAVATEX
J10.0049,PA,35.55,102.0,JG DE CAMA CASAL 3PC MALHA EST,BAVATEX
J10.0049,MT,35.55,102.0,JG DE CAMA CASAL 3PC MALHA EST,BAVATEX
J10.0050,GO,31.57,80.0,JG DE CAMA SOLTEIRO 2PC EST PENTEADO,BAVATEX
J10.0050,TO,31.89,90.0,JG DE CAMA SOLTEIRO 2PC EST PENTEADO,BAVATEX
J10.0050,PA,31.57,90.0,JG DE CAMA SOLTEIRO 2PC EST PENTEADO,BAVATEX
J10.0050,MT,31.57,90.0,JG DE CAMA SOLTEIRO 2PC EST PENTEADO,BAVATEX
J10.0051,GO,23.64,60.0,JG DE CAMA SOLTEIRO 2PC MALHA EST,BAVATEX
J10.0051,TO,23.87,68.0,JG DE CAMA SOLTEIRO 2PC MALHA EST,BAVATEX
J10.0051,PA,23.64,68.0,JG DE CAMA SOLTEIRO 2PC MALHA EST,BAVATEX
J10.0051,MT,23.64,68.0,JG DE CAMA SOLTEIRO 2PC MALHA EST,BAVATEX
C3.0192,GO,27.81,70.0,CAPA DE COLCHAO CASAL COM ZIPER BAVATEX,BAVATEX
C3.0192,TO,28.08,80.0,CAPA DE COLCHAO CASAL COM ZIPER BAVATEX,BAVATEX
C3.0192,PA,27.81,80.0,CAPA DE COLCHAO CASAL COM ZIPER BAVATEX,BAVATEX
C3.0192,MT,27.81,80.0,CAPA DE COLCHAO CASAL COM ZIPER BAVATEX,BAVATEX
E5.0003,GO,150.7,380.0,EDREDON ESTAMPADO DE MALHA 220X240,BAVATEX
E5.0003,TO,152.21,430.0,EDREDON ESTAMPADO DE MALHA 220X240,BAVATEX
E5.0003,PA,150.7,430.0,EDREDON ESTAMPADO DE MALHA 220X240,BAVATEX
E5.0003,MT,150.7,430.0,EDREDON ESTAMPADO DE MALHA 220X240,BAVATEX
J10.0052,GO,109.44,275.0,JG DE CAMA CASAL 4PC ES PREMIUM,BAVATEX
J10.0052,TO,110.53,314.0,JG DE CAMA CASAL 4PC ES PREMIUM,BAVATEX
J10.0052,PA,109.44,314.0,JG DE CAMA CASAL 4PC ES PREMIUM,BAVATEX
J10.0052,MT,109.44,314.0,JG DE CAMA CASAL 4PC ES PREMIUM,BAVATEX
C3.0193,GO,39.94,75.0,COBERTOR ESSENCE 220X240,NIAZITEX
C3.0193,TO,40.34,76.0,COBERTOR ESSENCE 220X240,NIAZITEX
C3.0193,PA,39.94,75.0,COBERTOR ESSENCE 220X240,NIAZITEX
C3.0193,MT,39.94,75.0,COBERTOR ESSENCE 220X240,NIAZITEX
D4.0003,GO,4.28,14.0,DESCASCADOR E FATIADOR 5 EM 1,KEITA
D4.0003,TO,4.32,14.0,DESCASCADOR E FATIADOR 5 EM 1,KEITA
D4.0003,PA,4.28,14.0,DESCASCADOR E FATIADOR 5 EM 1,KEITA
D4.0003,MT,4.28,14.0,DESCASCADOR E FATIADOR 5 EM 1,KEITA
C3.0112,GO,124.5,360.0,CORTINA VOAIL BORDADA BARCELONA 280X260,MENEGATTI
C3.0112,TO,113.45,362.0,CORTINA VOAIL BORDADA BARCELONA 280X260,MENEGATTI
C3.0112,PA,174.4,364.0,CORTINA VOAIL BORDADA BARCELONA 280X260,MENEGATTI
C3.0112,MT,110.19,360.0,CORTINA VOAIL BORDADA BARCELONA 280X260,MENEGATTI
C3.0113,GO,134.93,387.0,CORTINA VOAIL BORDADA BARCELONA 400X260,MENEGATTI
C3.0113,TO,121.29,389.0,CORTINA VOAIL BORDADA BARCELONA 400X260,MENEGATTI
C3.0113,PA,125.63,391.0,CORTINA VOAIL BORDADA BARCELONA 400X260,MENEGATTI
C3.0113,MT,120.09,387.0,CORTINA VOAIL BORDADA BARCELONA 400X260,MENEGATTI
T20.0070,GO,53.32,154.0,TRAVESSEIRO XUXAO,FREITAS & QUALHATO
T20.0070,TO,53.03,156.0,TRAVESSEIRO XUXAO,FREITAS & QUALHATO
T20.0070,PA,52.28,160.0,TRAVESSEIRO XUXAO,FREITAS & QUALHATO
T20.0070,MT,51.77,158.0,TRAVESSEIRO XUXAO,FREITAS & QUALHATO
P16.0014,GO,5.79,15.0,PANO DE PRATO FELPUDO ATOALHADO,SIOTEX
P16.0014,TO,5.85,15.0,PANO DE PRATO FELPUDO ATOALHADO,SIOTEX
P16.0014,PA,5.79,15.0,PANO DE PRATO FELPUDO ATOALHADO,SIOTEX
P16.0014,MT,5.79,15.0,PANO DE PRATO FELPUDO ATOALHADO,SIOTEX
T20.0143,GO,29.96,44.0,TAPETE ASIATEX SORTIDOS 050X100,ASIATEX
T20.0143,TO,30.26,44.0,TAPETE ASIATEX SORTIDOS 050X100,ASIATEX
T20.0143,PA,29.96,44.0,TAPETE ASIATEX SORTIDOS 050X100,ASIATEX
T20.0143,MT,29.96,44.0,TAPETE ASIATEX SORTIDOS 050X100,ASIATEX
T20.0144,GO,42.42,106.0,TAPETE ASIATEX SORTIDOS 060X120,ASIATEX
T20.0144,TO,42.85,106.0,TAPETE ASIATEX SORTIDOS 060X120,ASIATEX
T20.0144,PA,42.42,106.0,TAPETE ASIATEX SORTIDOS 060X120,ASIATEX
T20.0144,MT,42.42,106.0,TAPETE ASIATEX SORTIDOS 060X120,ASIATEX
T20.0145,GO,85.2,120.0,TAPETE ASIATEX SORTIDOS 100X150,ASIATEX
T20.0145,TO,86.05,120.0,TAPETE ASIATEX SORTIDOS 100X150,ASIATEX
T20.0145,PA,85.2,120.0,TAPETE ASIATEX SORTIDOS 100X150,ASIATEX
T20.0145,MT,85.2,120.0,TAPETE ASIATEX SORTIDOS 100X150,ASIATEX
C3.0194,GO,138.02,348.0,CORTINA GITTE BLACKOUT ECLIPSE 420X270 SOFT,GITTE
C3.0194,TO,139.4,348.0,CORTINA GITTE BLACKOUT ECLIPSE 420X270 SOFT,GITTE
C3.0194,PA,138.02,348.0,CORTINA GITTE BLACKOUT ECLIPSE 420X270 SOFT,GITTE
C3.0194,MT,138.02,348.0,CORTINA GITTE BLACKOUT ECLIPSE 420X270 SOFT,GITTE
C3.0195,GO,61.09,154.0,CORTINA ESTILO 200X160 SOFT,GITTE
C3.0195,TO,61.7,154.0,CORTINA ESTILO 200X160 SOFT,GITTE
C3.0195,PA,61.09,154.0,CORTINA ESTILO 200X160 SOFT,GITTE
C3.0195,MT,61.09,154.0,CORTINA ESTILO 200X160 SOFT,GITTE
C3.0196,GO,115.9,296.0,CORTINA ESTILO 420X270 SOFT,GITTE
C3.0196,TO,117.06,296.0,CORTINA ESTILO 420X270 SOFT,GITTE
C3.0196,PA,115.9,296.0,CORTINA ESTILO 420X270 SOFT,GITTE
C3.0196,MT,115.9,296.0,CORTINA ESTILO 420X270 SOFT,GITTE
R18.0006,GO,6.87,18.0,REFIL ODORIZADOR DE TECIDOS,TROPICAL AROMAS
R18.0006,TO,6.94,18.0,REFIL ODORIZADOR DE TECIDOS,TROPICAL AROMAS
R18.0006,PA,6.87,18.0,REFIL ODORIZADOR DE TECIDOS,TROPICAL AROMAS
R18.0006,MT,6.87,18.0,REFIL ODORIZADOR DE TECIDOS,TROPICAL AROMAS
T20.0146,GO,41.64,104.0,TRAVESSEIRO ANTI STRESS 50X70,CAMESA
T20.0146,TO,42.05,106.0,TRAVESSEIRO ANTI STRESS 50X70,CAMESA
T20.0146,PA,41.64,106.0,TRAVESSEIRO ANTI STRESS 50X70,CAMESA
T20.0146,MT,41.64,106.0,TRAVESSEIRO ANTI STRESS 50X70,CAMESA
T20.0147,GO,52.17,130.0,TRAVESSEIRO NEO PRIME 50X70,CAMESA
T20.0147,TO,52.7,132.0,TRAVESSEIRO NEO PRIME 50X70,CAMESA
T20.0147,PA,52.17,132.0,TRAVESSEIRO NEO PRIME 50X70,CAMESA
T20.0147,MT,52.17,132.0,TRAVESSEIRO NEO PRIME 50X70,CAMESA
T20.0148,GO,58.7,146.0,TRAVESSEIRO NEO PRIME SUP FIRME 50X70,CAMESA
T20.0148,TO,59.28,148.0,TRAVESSEIRO NEO PRIME SUP FIRME 50X70,CAMESA
T20.0148,PA,58.7,148.0,TRAVESSEIRO NEO PRIME SUP FIRME 50X70,CAMESA
T20.0148,MT,58.7,148.0,TRAVESSEIRO NEO PRIME SUP FIRME 50X70,CAMESA
F6.0023,GO,66.18,190.0,FRIGIDEIRA QUADRADA N23 FUNDA,PATOLUX
F6.0023,TO,70.92,203.0,FRIGIDEIRA QUADRADA N23 FUNDA,PATOLUX
F6.0023,PA,68.07,196.0,FRIGIDEIRA QUADRADA N23 FUNDA,PATOLUX
F6.0023,MT,62.35,179.0,FRIGIDEIRA QUADRADA N23 FUNDA,PATOLUX
F6.0004,GO,55.27,158.0,FRIGIDEIRA FUNDA N24,PATOLUX
F6.0004,TO,59.64,172.0,FRIGIDEIRA FUNDA N24,PATOLUX
F6.0004,PA,60.64,174.0,FRIGIDEIRA FUNDA N24,PATOLUX
F6.0004,MT,52.03,150.0,FRIGIDEIRA FUNDA N24,PATOLUX
P16.0002,GO,163.74,468.0,PANELA DE PRESSAO 10LTS,PATOLUX
P16.0002,TO,158.69,454.0,PANELA DE PRESSAO 10LTS,PATOLUX
P16.0002,PA,157.52,454.0,PANELA DE PRESSAO 10LTS,PATOLUX
P16.0002,MT,157.52,452.0,PANELA DE PRESSAO 10LTS,PATOLUX
P16.0045,GO,69.33,186.0,PANELA DE PRESSAO 2.5LTS ANTIADERENTE,PATOLUX
P16.0045,TO,81.6,234.0,PANELA DE PRESSAO 2.5LTS ANTIADERENTE,PATOLUX
P16.0045,PA,69.33,190.0,PANELA DE PRESSAO 2.5LTS ANTIADERENTE,PATOLUX
P16.0045,MT,69.33,188.0,PANELA DE PRESSAO 2.5LTS ANTIADERENTE,PATOLUX
P16.0047,GO,70.4,197.0,PANELA DE PRESSAO 2.5LTS,PATOLUX
P16.0047,TO,71.11,199.0,PANELA DE PRESSAO 2.5LTS,PATOLUX
P16.0047,PA,70.4,190.0,PANELA DE PRESSAO 2.5LTS,PATOLUX
P16.0047,MT,70.4,190.0,PANELA DE PRESSAO 2.5LTS,PATOLUX
P16.0048,GO,89.33,222.0,PANELA DE PRESSAO 3.5LTS ANTIADERENTE,PATOLUX
P16.0048,TO,90.23,224.0,PANELA DE PRESSAO 3.5LTS ANTIADERENTE,PATOLUX
P16.0048,PA,89.33,224.0,PANELA DE PRESSAO 3.5LTS ANTIADERENTE,PATOLUX
P16.0048,MT,89.33,224.0,PANELA DE PRESSAO 3.5LTS ANTIADERENTE,PATOLUX
P16.0005,GO,80.58,200.0,PANELA DE PRESSAO 3.5LTS,PATOLUX
P16.0005,TO,81.38,200.0,PANELA DE PRESSAO 3.5LTS,PATOLUX
P16.0005,PA,80.58,200.0,PANELA DE PRESSAO 3.5LTS,PATOLUX
P16.0005,MT,80.58,200.0,PANELA DE PRESSAO 3.5LTS,PATOLUX
P16.0046,GO,87.21,245.0,PANELA DE PRESSAO 4.5LTS,PATOLUX
P16.0046,TO,88.09,247.0,PANELA DE PRESSAO 4.5LTS,PATOLUX
P16.0046,PA,87.21,249.0,PANELA DE PRESSAO 4.5LTS,PATOLUX
P16.0046,MT,87.21,249.0,PANELA DE PRESSAO 4.5LTS,PATOLUX
C3.0007,GO,66.32,190.0,COLCHA ELEGANCE ESTAMP QUENN 240X260,HABITAT
C3.0007,TO,56.69,190.0,COLCHA ELEGANCE ESTAMP QUENN 240X260,HABITAT
C3.0007,PA,66.32,190.0,COLCHA ELEGANCE ESTAMP QUENN 240X260,HABITAT
C3.0007,MT,66.32,190.0,COLCHA ELEGANCE ESTAMP QUENN 240X260,HABITAT
T20.0149,GO,166.13,418.0,TAPETE ASIATEX SORTIDOS 150X200,ASIATEX
T20.0149,TO,167.79,418.0,TAPETE ASIATEX SORTIDOS 150X200,ASIATEX
T20.0149,PA,166.13,418.0,TAPETE ASIATEX SORTIDOS 150X200,ASIATEX
T20.0149,MT,166.13,418.0,TAPETE ASIATEX SORTIDOS 150X200,ASIATEX
T20.0150,GO,276.67,690.0,TAPETE ASIATEX SORTIDOS 200X250,ASIATEX
T20.0150,TO,279.44,698.0,TAPETE ASIATEX SORTIDOS 200X250,ASIATEX
T20.0150,PA,276.67,698.0,TAPETE ASIATEX SORTIDOS 200X250,ASIATEX
T20.0150,MT,276.67,698.0,TAPETE ASIATEX SORTIDOS 200X250,ASIATEX
T20.0151,GO,412.84,1028.0,TAPETE ASIATEX SORTIDOS 250X300,ASIATEX
T20.0151,TO,416.97,1040.0,TAPETE ASIATEX SORTIDOS 250X300,ASIATEX
T20.0151,PA,412.84,1040.0,TAPETE ASIATEX SORTIDOS 250X300,ASIATEX
T20.0151,MT,412.84,1040.0,TAPETE ASIATEX SORTIDOS 250X300,ASIATEX
T20.0152,GO,24.6,68.0,T BAN ADULTO ADRILAR MUNIQUE 075X150,ADRILAR
T20.0152,TO,24.85,68.0,T BAN ADULTO ADRILAR MUNIQUE 075X150,ADRILAR
T20.0152,PA,24.6,68.0,T BAN ADULTO ADRILAR MUNIQUE 075X150,ADRILAR
T20.0152,MT,24.6,68.0,T BAN ADULTO ADRILAR MUNIQUE 075X150,ADRILAR
T20.0153,GO,23.08,68.0,T BAN ADULTO ADRILAR ENCANTO 075X150,ADRILAR
T20.0153,TO,23.31,68.0,T BAN ADULTO ADRILAR ENCANTO 075X150,ADRILAR
T20.0153,PA,23.08,68.0,T BAN ADULTO ADRILAR ENCANTO 075X150,ADRILAR
T20.0153,MT,23.08,68.0,T BAN ADULTO ADRILAR ENCANTO 075X150,ADRILAR
T20.0154,GO,24.8,68.0,T BAN ADULTO ADRILAR FLORATA 075X150,ADRILAR
T20.0154,TO,23.86,68.0,T BAN ADULTO ADRILAR FLORATA 075X150,ADRILAR
T20.0154,PA,23.67,68.0,T BAN ADULTO ADRILAR FLORATA 075X150,ADRILAR
T20.0154,MT,23.5,68.0,T BAN ADULTO ADRILAR FLORATA 075X150,ADRILAR
T20.0155,GO,22.86,68.0,T BAN ADULTO ADRILAR MADRI 075X150,ADRILAR
T20.0155,TO,23.09,68.0,T BAN ADULTO ADRILAR MADRI 075X150,ADRILAR
T20.0155,PA,22.86,68.0,T BAN ADULTO ADRILAR MADRI 075X150,ADRILAR
T20.0155,MT,22.86,68.0,T BAN ADULTO ADRILAR MADRI 075X150,ADRILAR
T20.0156,GO,22.76,68.0,T BAN ADULTO ADRILAR VIENA 075X150,ADRILAR
T20.0156,TO,22.99,68.0,T BAN ADULTO ADRILAR VIENA 075X150,ADRILAR
T20.0156,PA,22.76,68.0,T BAN ADULTO ADRILAR VIENA 075X150,ADRILAR
T20.0156,MT,22.76,68.0,T BAN ADULTO ADRILAR VIENA 075X150,ADRILAR
T20.0157,GO,19.92,68.0,T BAN ADULTO ADRILAR OLINDA 080X150,ADRILAR
T20.0157,TO,20.12,68.0,T BAN ADULTO ADRILAR OLINDA 080X150,ADRILAR
T20.0157,PA,19.92,68.0,T BAN ADULTO ADRILAR OLINDA 080X150,ADRILAR
T20.0157,MT,19.92,68.0,T BAN ADULTO ADRILAR OLINDA 080X150,ADRILAR
T20.0158,GO,20.04,68.0,T BAN ADULTO ADRILAR BARCELONA 080X150,ADRILAR
T20.0158,TO,20.24,68.0,T BAN ADULTO ADRILAR BARCELONA 080X150,ADRILAR
T20.0158,PA,20.04,68.0,T BAN ADULTO ADRILAR BARCELONA 080X150,ADRILAR
T20.0158,MT,20.04,68.0,T BAN ADULTO ADRILAR BARCELONA 080X150,ADRILAR
C3.0204,GO,83.16,222.0,COLCHA CASAL CHRONOS CASAL 220X240 LISA,CAMESA
C3.0204,TO,83.99,224.0,COLCHA CASAL CHRONOS CASAL 220X240 LISA,CAMESA
C3.0204,PA,83.16,224.0,COLCHA CASAL CHRONOS CASAL 220X240 LISA,CAMESA
C3.0204,MT,83.16,224.0,COLCHA CASAL CHRONOS CASAL 220X240 LISA,CAMESA
C3.0205,GO,98.39,262.0,COLCHA CASAL CHRONOS KING 260X280 LISA,CAMESA
C3.0205,TO,99.37,264.0,COLCHA CASAL CHRONOS KING 260X280 LISA,CAMESA
C3.0205,PA,98.39,264.0,COLCHA CASAL CHRONOS KING 260X280 LISA,CAMESA
C3.0205,MT,98.39,264.0,COLCHA CASAL CHRONOS KING 260X280 LISA,CAMESA
C3.0206,GO,90.63,242.0,COLCHA CASAL CHRONOS QUEEN 240X260 LISA,CAMESA
C3.0206,TO,91.54,244.0,COLCHA CASAL CHRONOS QUEEN 240X260 LISA,CAMESA
C3.0206,PA,90.63,244.0,COLCHA CASAL CHRONOS QUEEN 240X260 LISA,CAMESA
C3.0206,MT,90.63,244.0,COLCHA CASAL CHRONOS QUEEN 240X260 LISA,CAMESA
C3.0207,GO,63.08,168.0,COLCHA SOLTEIRO CHRONOS 160X230 LISA,CAMESA
C3.0207,TO,63.71,170.0,COLCHA SOLTEIRO CHRONOS 160X230 LISA,CAMESA
C3.0207,PA,63.08,170.0,COLCHA SOLTEIRO CHRONOS 160X230 LISA,CAMESA
C3.0207,MT,63.08,170.0,COLCHA SOLTEIRO CHRONOS 160X230 LISA,CAMESA
C3.0208,GO,83.01,222.0,COLCHA DAMASK CASAL 220X240 LISA,CAMESA
C3.0208,TO,83.84,224.0,COLCHA DAMASK CASAL 220X240 LISA,CAMESA
C3.0208,PA,83.01,224.0,COLCHA DAMASK CASAL 220X240 LISA,CAMESA
C3.0208,MT,83.01,224.0,COLCHA DAMASK CASAL 220X240 LISA,CAMESA
C3.0209,GO,92.04,262.0,COLCHA DAMASK KING 260X280 LISA,CAMESA
C3.0209,TO,92.96,264.0,COLCHA DAMASK KING 260X280 LISA,CAMESA
C3.0209,PA,92.04,264.0,COLCHA DAMASK KING 260X280 LISA,CAMESA
C3.0209,MT,92.04,264.0,COLCHA DAMASK KING 260X280 LISA,CAMESA
C3.0197,GO,39.13,98.0,CORTINA GRECIA 240X160,TOQUE IDEAL
C3.0197,TO,39.52,98.0,CORTINA GRECIA 240X160,TOQUE IDEAL
C3.0197,PA,39.13,98.0,CORTINA GRECIA 240X160,TOQUE IDEAL
C3.0197,MT,39.13,98.0,CORTINA GRECIA 240X160,TOQUE IDEAL
C3.0198,GO,62.21,156.0,CORTINA GRECIA 240X250,TOQUE IDEAL
C3.0198,TO,62.83,156.0,CORTINA GRECIA 240X250,TOQUE IDEAL
C3.0198,PA,62.21,156.0,CORTINA GRECIA 240X250,TOQUE IDEAL
C3.0198,MT,62.21,156.0,CORTINA GRECIA 240X250,TOQUE IDEAL
C3.0199,GO,108.36,270.0,CORTINA TURIM 270X180 JACQUARD,TOQUE IDEAL
C3.0199,TO,109.44,175.0,CORTINA TURIM 270X180 JACQUARD,TOQUE IDEAL
C3.0199,PA,108.36,272.0,CORTINA TURIM 270X180 JACQUARD,TOQUE IDEAL
C3.0199,MT,108.36,272.0,CORTINA TURIM 270X180 JACQUARD,TOQUE IDEAL
C3.0200,GO,144.48,360.0,CORTINA TURIM 270X250 JACQUARD,TOQUE IDEAL
C3.0200,TO,145.92,233.0,CORTINA TURIM 270X250 JACQUARD,TOQUE IDEAL
C3.0200,PA,144.48,364.0,CORTINA TURIM 270X250 JACQUARD,TOQUE IDEAL
C3.0200,MT,144.48,364.0,CORTINA TURIM 270X250 JACQUARD,TOQUE IDEAL
C3.0201,GO,108.36,270.0,CORTINA TURIM 270X180 LINHO,TOQUE IDEAL
C3.0201,TO,109.44,175.0,CORTINA TURIM 270X180 LINHO,TOQUE IDEAL
C3.0201,PA,108.36,272.0,CORTINA TURIM 270X180 LINHO,TOQUE IDEAL
C3.0201,MT,108.36,272.0,CORTINA TURIM 270X180 LINHO,TOQUE IDEAL
C3.0202,GO,144.48,360.0,CORTINA TURIM 270X250 LINHO,TOQUE IDEAL
C3.0202,TO,145.92,364.0,CORTINA TURIM 270X250 LINHO,TOQUE IDEAL
C3.0202,PA,144.48,364.0,CORTINA TURIM 270X250 LINHO,TOQUE IDEAL
C3.0202,MT,144.48,364.0,CORTINA TURIM 270X250 LINHO,TOQUE IDEAL
C3.0203,GO,67.75,194.0,CORTINA PARIS 280X250,TOQUE IDEAL
C3.0203,TO,69.38,200.0,CORTINA PARIS 280X250,TOQUE IDEAL
C3.0203,PA,73.37,210.0,CORTINA PARIS 280X250,TOQUE IDEAL
C3.0203,MT,67.75,194.0,CORTINA PARIS 280X250,TOQUE IDEAL
T20.0159,GO,39.31,113.0,TAPETE PASSADEIRA ALGODAO 070X200 PILAO,TOQUE IDEAL
T20.0159,TO,49.3,118.0,TAPETE PASSADEIRA ALGODAO 070X200 PILAO,TOQUE IDEAL
T20.0159,PA,37.78,118.0,TAPETE PASSADEIRA ALGODAO 070X200 PILAO,TOQUE IDEAL
T20.0159,MT,37.78,114.0,TAPETE PASSADEIRA ALGODAO 070X200 PILAO,TOQUE IDEAL
J10.0053,GO,43.98,128.0,JOGO DE COZINHA 3PCS PILAO,TOQUE IDEAL
J10.0053,TO,53.95,132.0,JOGO DE COZINHA 3PCS PILAO,TOQUE IDEAL
J10.0053,PA,42.12,132.0,JOGO DE COZINHA 3PCS PILAO,TOQUE IDEAL
J10.0053,MT,45.53,128.0,JOGO DE COZINHA 3PCS PILAO,TOQUE IDEAL
K11.0033,GO,78.46,225.0,KIT MANTA SOFA 2 E 3 LUGARES,TOQUE IDEAL
K11.0033,TO,72.36,228.0,KIT MANTA SOFA 2 E 3 LUGARES,TOQUE IDEAL
K11.0033,PA,83.11,230.0,KIT MANTA SOFA 2 E 3 LUGARES,TOQUE IDEAL
K11.0033,MT,82.25,226.0,KIT MANTA SOFA 2 E 3 LUGARES,TOQUE IDEAL
C3.0027,GO,134.51,370.0,CARPETE INDIANO G 200X250,PARAIBA
C3.0027,TO,124.41,383.0,CARPETE INDIANO G 200X250,PARAIBA
C3.0027,PA,123.38,384.0,CARPETE INDIANO G 200X250,PARAIBA
C3.0027,MT,127.59,370.0,CARPETE INDIANO G 200X250,PARAIBA
P16.0049,GO,93.36,260.0,PANELA 5 EM 1,DENISE ALUMINIOS ALUMINIOS
P16.0049,TO,104.02,298.0,PANELA 5 EM 1,DENISE ALUMINIOS ALUMINIOS
P16.0049,PA,94.25,264.0,PANELA 5 EM 1,DENISE ALUMINIOS ALUMINIOS
P16.0049,MT,93.36,264.0,PANELA 5 EM 1,DENISE ALUMINIOS ALUMINIOS
C3.0210,GO,105.99,264.0,COBERTOR DYURY CAIXA 180X220,JOLITEX
C3.0210,TO,107.05,266.0,COBERTOR DYURY CAIXA 180X220,JOLITEX
C3.0210,PA,105.99,169.0,COBERTOR DYURY CAIXA 180X220,JOLITEX
C3.0210,MT,105.99,169.0,COBERTOR DYURY CAIXA 180X220,JOLITEX
M13.0014,GO,26.55,82.0,MANTA BRILHA ESCURO,CANDURA DIST
M13.0014,TO,26.81,84.0,MANTA BRILHA ESCURO,CANDURA DIST
M13.0014,PA,26.55,86.0,MANTA BRILHA ESCURO,CANDURA DIST
M13.0014,MT,25.12,76.0,MANTA BRILHA ESCURO,CANDURA DIST
C3.0009,GO,83.02,216.0,COLCHA ELEGANCE ESTAMP SUPER KING,HABITAT
C3.0009,TO,96.47,216.0,COLCHA ELEGANCE ESTAMP SUPER KING,HABITAT
C3.0009,PA,94.91,216.0,COLCHA ELEGANCE ESTAMP SUPER KING,HABITAT
C3.0009,MT,92.3,264.0,COLCHA ELEGANCE ESTAMP SUPER KING,HABITAT
C3.0004,GO,49.01,142.0,COLCHA ELEGANCE ESTAMP SOLTEIRO 160X240,HABITAT
C3.0004,TO,49.01,142.0,COLCHA ELEGANCE ESTAMP SOLTEIRO 160X240,HABITAT
C3.0004,PA,49.01,142.0,COLCHA ELEGANCE ESTAMP SOLTEIRO 160X240,HABITAT
C3.0004,MT,49.01,142.0,COLCHA ELEGANCE ESTAMP SOLTEIRO 160X240,HABITAT
K11.0043,GO,31.69,91.0,KIT PASSADEIRA RETALHO 3PCS,HENRIQUE
K11.0043,TO,32.65,94.0,KIT PASSADEIRA RETALHO 3PCS,HENRIQUE
K11.0043,PA,30.42,94.0,KIT PASSADEIRA RETALHO 3PCS,HENRIQUE
K11.0043,MT,30.16,91.0,KIT PASSADEIRA RETALHO 3PCS,HENRIQUE
C3.0211,GO,91.68,230.0,COBERTOR PREMIER TOQUE SEDA 220X240,NIAZITEX
C3.0211,TO,92.59,232.0,COBERTOR PREMIER TOQUE SEDA 220X240,NIAZITEX
C3.0211,PA,91.68,232.0,COBERTOR PREMIER TOQUE SEDA 220X240,NIAZITEX
C3.0211,MT,91.68,232.0,COBERTOR PREMIER TOQUE SEDA 220X240,NIAZITEX
C3.0049,GO,84.47,264.0,COLCHA ELEGANCE LISA SUPER KING,HABITAT
C3.0049,TO,85.21,266.0,COLCHA ELEGANCE LISA SUPER KING,HABITAT
C3.0049,PA,84.47,268.0,COLCHA ELEGANCE LISA SUPER KING,HABITAT
C3.0049,MT,84.47,268.0,COLCHA ELEGANCE LISA SUPER KING,HABITAT
L12.0021,GO,13.79,39.0,LUMINARIA 30 LEDS SOLAR,LUI ELETRONICOS
L12.0021,TO,13.93,39.0,LUMINARIA 30 LEDS SOLAR,LUI ELETRONICOS
L12.0021,PA,13.79,39.0,LUMINARIA 30 LEDS SOLAR,LUI ELETRONICOS
L12.0021,MT,13.79,39.0,LUMINARIA 30 LEDS SOLAR,LUI ELETRONICOS
C3.0212,GO,63.71,164.0,COLCHA QUEEN LINHAO 250X260,ALESSANDRA
C3.0212,TO,64.35,164.0,COLCHA QUEEN LINHAO 250X260,ALESSANDRA
C3.0212,PA,63.71,102.0,COLCHA QUEEN LINHAO 250X260,ALESSANDRA
C3.0212,MT,63.71,102.0,COLCHA QUEEN LINHAO 250X260,ALESSANDRA
C3.0213,GO,71.32,188.0,COLCHA KING LINHAO 275X280,ALESSANDRA
C3.0213,TO,72.04,192.0,COLCHA KING LINHAO 275X280,ALESSANDRA
C3.0213,PA,71.32,194.0,COLCHA KING LINHAO 275X280,ALESSANDRA
C3.0213,MT,71.32,194.0,COLCHA KING LINHAO 275X280,ALESSANDRA
T20.0161,GO,11.29,29.0,TAPETE PELENGO 040X060,TAPETES PINHEIRO
T20.0161,TO,11.4,18.0,TAPETE PELENGO 040X060,TAPETES PINHEIRO
T20.0161,PA,11.29,18.0,TAPETE PELENGO 040X060,TAPETES PINHEIRO
T20.0161,MT,11.29,18.0,TAPETE PELENGO 040X060,TAPETES PINHEIRO
T20.0162,GO,17.3,38.0,TAPETE FIO BAIXO PREMIUM 050X100,TAPETES PINHEIRO
T20.0162,TO,17.47,38.0,TAPETE FIO BAIXO PREMIUM 050X100,TAPETES PINHEIRO
T20.0162,PA,17.3,28.0,TAPETE FIO BAIXO PREMIUM 050X100,TAPETES PINHEIRO
T20.0162,MT,17.3,28.0,TAPETE FIO BAIXO PREMIUM 050X100,TAPETES PINHEIRO
T20.0163,GO,6.51,24.0,TAPETE PELUDO PORTA 040X060,BM TEX
T20.0163,TO,6.57,24.0,TAPETE PELUDO PORTA 040X060,BM TEX
T20.0163,PA,6.51,10.0,TAPETE PELUDO PORTA 040X060,BM TEX
T20.0163,MT,6.51,10.0,TAPETE PELUDO PORTA 040X060,BM TEX
T20.0164,GO,26.72,79.0,TAPETE PELUDO 050X200,BM TEX
T20.0164,TO,26.98,79.0,TAPETE PELUDO 050X200,BM TEX
T20.0164,PA,26.72,43.0,TAPETE PELUDO 050X200,BM TEX
T20.0164,MT,26.72,43.0,TAPETE PELUDO 050X200,BM TEX
F6.0020,GO,90.39,260.0,FRIGIDEIRA FUNDIDA N36,DENISE ALUMINIOS ALUMINIOS
F6.0020,TO,81.78,218.0,FRIGIDEIRA FUNDIDA N36,DENISE ALUMINIOS ALUMINIOS
F6.0020,PA,81.72,220.0,FRIGIDEIRA FUNDIDA N36,DENISE ALUMINIOS ALUMINIOS
F6.0020,MT,90.97,260.0,FRIGIDEIRA FUNDIDA N36,DENISE ALUMINIOS ALUMINIOS
F6.0019,GO,46.93,98.0,FRIGIDEIRA FUNDIDA N26,DENISE ALUMINIOS ALUMINIOS
F6.0019,TO,47.4,98.0,FRIGIDEIRA FUNDIDA N26,DENISE ALUMINIOS ALUMINIOS
F6.0019,PA,46.93,98.0,FRIGIDEIRA FUNDIDA N26,DENISE ALUMINIOS ALUMINIOS
F6.0019,MT,46.93,98.0,FRIGIDEIRA FUNDIDA N26,DENISE ALUMINIOS ALUMINIOS
F6.0018,GO,31.76,66.0,FRIGIDEIRA FUNDIDA N22,DENISE ALUMINIOS ALUMINIOS
F6.0018,TO,32.08,66.0,FRIGIDEIRA FUNDIDA N22,DENISE ALUMINIOS ALUMINIOS
F6.0018,PA,31.76,66.0,FRIGIDEIRA FUNDIDA N22,DENISE ALUMINIOS ALUMINIOS
F6.0018,MT,31.76,66.0,FRIGIDEIRA FUNDIDA N22,DENISE ALUMINIOS ALUMINIOS
L12.0004,GO,6.47,16.0,LAMPADA LED,LUI ELETRONICOS
L12.0004,TO,6.53,16.0,LAMPADA LED,LUI ELETRONICOS
L12.0004,PA,6.47,16.0,LAMPADA LED,LUI ELETRONICOS
L12.0004,MT,6.47,16.0,LAMPADA LED,LUI ELETRONICOS
C3.0014,GO,25.83,66.0,CAPA COLCHAO CASAL MALHA,ADRILAR
C3.0014,TO,24.74,72.0,CAPA COLCHAO CASAL MALHA,ADRILAR
C3.0014,PA,24.55,74.0,CAPA COLCHAO CASAL MALHA,ADRILAR
C3.0014,MT,24.16,74.0,CAPA COLCHAO CASAL MALHA,ADRILAR
C3.0015,GO,20.58,56.0,CAPA COLCHAO SOLTEIRO MALHA,ADRILAR
C3.0015,TO,19.71,54.0,CAPA COLCHAO SOLTEIRO MALHA,ADRILAR
C3.0015,PA,19.56,56.0,CAPA COLCHAO SOLTEIRO MALHA,ADRILAR
C3.0015,MT,19.25,56.0,CAPA COLCHAO SOLTEIRO MALHA,ADRILAR
C3.0016,GO,31.37,88.0,CAPA COLCHAO QUEEN,ADRILAR
C3.0016,TO,30.04,90.0,CAPA COLCHAO QUEEN,ADRILAR
C3.0016,PA,29.81,92.0,CAPA COLCHAO QUEEN,ADRILAR
C3.0016,MT,29.33,92.0,CAPA COLCHAO QUEEN,ADRILAR
C3.0018,GO,88.26,218.0,CAPA DE SOFA ESTAMPADA,ADRILAR
C3.0018,TO,84.53,228.0,CAPA DE SOFA ESTAMPADA,ADRILAR
C3.0018,PA,83.87,228.0,CAPA DE SOFA ESTAMPADA,ADRILAR
C3.0018,MT,82.54,228.0,CAPA DE SOFA ESTAMPADA,ADRILAR
C3.0020,GO,61.21,192.0,CAPA DE SOFA LISA,ADRILAR
C3.0020,TO,58.63,198.0,CAPA DE SOFA LISA,ADRILAR
C3.0020,PA,58.17,198.0,CAPA DE SOFA LISA,ADRILAR
C3.0020,MT,57.24,198.0,CAPA DE SOFA LISA,ADRILAR
C3.0055,GO,53.36,134.0,COLCHA CASAL MALHA BB C ELAST EST,ADRILAR
C3.0055,TO,51.11,144.0,COLCHA CASAL MALHA BB C ELAST EST,ADRILAR
C3.0055,PA,50.71,144.0,COLCHA CASAL MALHA BB C ELAST EST,ADRILAR
C3.0055,MT,49.9,144.0,COLCHA CASAL MALHA BB C ELAST EST,ADRILAR
C3.0056,GO,55.7,162.0,COLCHA KING MALHA FLORATA,ADRILAR
C3.0056,TO,55.7,162.0,COLCHA KING MALHA FLORATA,ADRILAR
C3.0056,PA,55.7,164.0,COLCHA KING MALHA FLORATA,ADRILAR
C3.0056,MT,55.7,164.0,COLCHA KING MALHA FLORATA,ADRILAR
C3.0057,GO,54.7,134.0,COLCHA CASAL MALHA FLORATA,ADRILAR
C3.0057,TO,52.39,144.0,COLCHA CASAL MALHA FLORATA,ADRILAR
C3.0057,PA,51.98,144.0,COLCHA CASAL MALHA FLORATA,ADRILAR
C3.0057,MT,51.15,144.0,COLCHA CASAL MALHA FLORATA,ADRILAR
C3.0058,GO,53.49,162.0,COLCHA KING MALHA EST,ADRILAR
C3.0058,TO,53.49,162.0,COLCHA KING MALHA EST,ADRILAR
C3.0058,PA,53.49,164.0,COLCHA KING MALHA EST,ADRILAR
C3.0058,MT,53.49,164.0,COLCHA KING MALHA EST,ADRILAR
C3.0059,GO,68.5,186.0,COLCHA KING MALHA BB C ELAST EST,ADRILAR
C3.0059,TO,65.6,192.0,COLCHA KING MALHA BB C ELAST EST,ADRILAR
C3.0059,PA,65.09,194.0,COLCHA KING MALHA BB C ELAST EST,ADRILAR
C3.0059,MT,64.05,194.0,COLCHA KING MALHA BB C ELAST EST,ADRILAR
C3.0060,GO,62.78,168.0,COLCHA QUEEN MALHA BB C ELAST EST,ADRILAR
C3.0060,TO,60.13,174.0,COLCHA QUEEN MALHA BB C ELAST EST,ADRILAR
C3.0060,PA,59.66,174.0,COLCHA QUEEN MALHA BB C ELAST EST,ADRILAR
C3.0060,MT,58.71,174.0,COLCHA QUEEN MALHA BB C ELAST EST,ADRILAR
C3.0061,GO,31.89,118.0,COLCHA CASAL MALHA RETALHO,ADRILAR
C3.0061,TO,31.89,118.0,COLCHA CASAL MALHA RETALHO,ADRILAR
C3.0061,PA,31.89,118.0,COLCHA CASAL MALHA RETALHO,ADRILAR
C3.0061,MT,31.89,118.0,COLCHA CASAL MALHA RETALHO,ADRILAR
C3.0063,GO,41.48,98.0,COLCHA CASAL OXFORD ESTAMPADA,ADRILAR
C3.0063,TO,39.73,98.0,COLCHA CASAL OXFORD ESTAMPADA,ADRILAR
C3.0063,PA,39.42,98.0,COLCHA CASAL OXFORD ESTAMPADA,ADRILAR
C3.0063,MT,38.79,98.0,COLCHA CASAL OXFORD ESTAMPADA,ADRILAR
C3.0077,GO,45.75,90.0,COLCHA SOLTEIRO MALHA BB C ELAST EST,ADRILAR
C3.0077,TO,43.82,108.0,COLCHA SOLTEIRO MALHA BB C ELAST EST,ADRILAR
C3.0077,PA,43.48,108.0,COLCHA SOLTEIRO MALHA BB C ELAST EST,ADRILAR
C3.0077,MT,42.79,108.0,COLCHA SOLTEIRO MALHA BB C ELAST EST,ADRILAR
C3.0189,GO,71.82,196.0,COLCHA SUPER KING MALHA BB C ELAST. EST.,ADRILAR
C3.0189,TO,68.79,196.0,COLCHA SUPER KING MALHA BB C ELAST. EST.,ADRILAR
C3.0189,PA,68.25,196.0,COLCHA SUPER KING MALHA BB C ELAST. EST.,ADRILAR
C3.0189,MT,67.17,196.0,COLCHA SUPER KING MALHA BB C ELAST. EST.,ADRILAR
C3.0101,GO,39.93,92.0,CORTINA IMPERIAL PEQUENA,ADRILAR
C3.0101,TO,39.93,98.0,CORTINA IMPERIAL PEQUENA,ADRILAR
C3.0101,PA,39.93,98.0,CORTINA IMPERIAL PEQUENA,ADRILAR
C3.0101,MT,39.93,98.0,CORTINA IMPERIAL PEQUENA,ADRILAR
C3.0100,GO,76.45,178.0,CORTINA IMPERIAL GRANDE,ADRILAR
C3.0100,TO,76.45,188.0,CORTINA IMPERIAL GRANDE,ADRILAR
C3.0100,PA,76.45,188.0,CORTINA IMPERIAL GRANDE,ADRILAR
C3.0100,MT,76.45,188.0,CORTINA IMPERIAL GRANDE,ADRILAR
C3.0103,GO,40.76,86.0,CORTINA OXFORD LISA P VARAO 2MTS,ADRILAR
C3.0103,TO,37.82,88.0,CORTINA OXFORD LISA P VARAO 2MTS,ADRILAR
C3.0103,PA,37.29,88.0,CORTINA OXFORD LISA P VARAO 2MTS,ADRILAR
C3.0103,MT,36.24,88.0,CORTINA OXFORD LISA P VARAO 2MTS,ADRILAR
C3.0104,GO,52.34,158.0,CORTINA OXFORD LISA P VARAO 3MTS,ADRILAR
C3.0104,TO,50.13,164.0,CORTINA OXFORD LISA P VARAO 3MTS,ADRILAR
C3.0104,PA,49.73,164.0,CORTINA OXFORD LISA P VARAO 3MTS,ADRILAR
C3.0104,MT,48.94,164.0,CORTINA OXFORD LISA P VARAO 3MTS,ADRILAR
J10.0001,GO,33.61,98.0,JOGO COZ ESTAMP 14PCS 1.30MTS,ADRILAR
J10.0001,TO,36.04,104.0,JOGO COZ ESTAMP 14PCS 1.30MTS,ADRILAR
J10.0001,PA,35.54,104.0,JOGO COZ ESTAMP 14PCS 1.30MTS,ADRILAR
J10.0001,MT,34.54,100.0,JOGO COZ ESTAMP 14PCS 1.30MTS,ADRILAR
J10.0002,GO,38.44,112.0,JOGO COZ ESTAMP 14 PCS 2.20 MTS,ADRILAR
J10.0002,TO,41.21,119.0,JOGO COZ ESTAMP 14 PCS 2.20 MTS,ADRILAR
J10.0002,PA,40.64,119.0,JOGO COZ ESTAMP 14 PCS 2.20 MTS,ADRILAR
J10.0002,MT,39.5,114.0,JOGO COZ ESTAMP 14 PCS 2.20 MTS,ADRILAR
J10.0003,GO,54.62,158.0,JOGO COZ ESTAMP CORT C VARAO 2 MTS,ADRILAR
J10.0003,TO,58.56,168.0,JOGO COZ ESTAMP CORT C VARAO 2 MTS,ADRILAR
J10.0003,PA,57.74,168.0,JOGO COZ ESTAMP CORT C VARAO 2 MTS,ADRILAR
J10.0003,MT,56.12,162.0,JOGO COZ ESTAMP CORT C VARAO 2 MTS,ADRILAR
J10.0023,GO,72.24,174.0,JOGO DE VIROL CASAL MALHA 04 PCS EST,ADRILAR
J10.0023,TO,69.19,182.0,JOGO DE VIROL CASAL MALHA 04 PCS EST,ADRILAR
J10.0023,PA,68.65,182.0,JOGO DE VIROL CASAL MALHA 04 PCS EST,ADRILAR
J10.0023,MT,67.56,182.0,JOGO DE VIROL CASAL MALHA 04 PCS EST,ADRILAR
J10.0024,GO,88.07,210.0,JOGO DE VIROL KING MALHA 04 PCS EST,ADRILAR
J10.0024,TO,84.35,218.0,JOGO DE VIROL KING MALHA 04 PCS EST,ADRILAR
J10.0024,PA,83.68,218.0,JOGO DE VIROL KING MALHA 04 PCS EST,ADRILAR
J10.0024,MT,82.36,218.0,JOGO DE VIROL KING MALHA 04 PCS EST,ADRILAR
J10.0040,GO,39.6,122.0,JOGO VIROL SOLTEIRO,ADRILAR
J10.0040,TO,39.6,122.0,JOGO VIROL SOLTEIRO,ADRILAR
J10.0040,PA,39.6,122.0,JOGO VIROL SOLTEIRO,ADRILAR
J10.0040,MT,39.6,122.0,JOGO VIROL SOLTEIRO,ADRILAR
K11.0016,GO,52.76,152.0,KIT COLCHA CASAL E CORTINA,ADRILAR
K11.0016,TO,52.76,152.0,KIT COLCHA CASAL E CORTINA,ADRILAR
K11.0016,PA,52.76,152.0,KIT COLCHA CASAL E CORTINA,ADRILAR
K11.0016,MT,52.76,152.0,KIT COLCHA CASAL E CORTINA,ADRILAR
L12.0006,GO,43.05,98.0,LENCOL CASAL MALHA  ESTAMPADO,ADRILAR
L12.0006,TO,41.23,108.0,LENCOL CASAL MALHA  ESTAMPADO,ADRILAR
L12.0006,PA,40.91,108.0,LENCOL CASAL MALHA  ESTAMPADO,ADRILAR
L12.0006,MT,40.26,108.0,LENCOL CASAL MALHA  ESTAMPADO,ADRILAR
L12.0008,GO,53.0,162.0,LENCOL EXTRA BOX MALHA ESTAMPADO,ADRILAR
L12.0008,TO,53.0,162.0,LENCOL EXTRA BOX MALHA ESTAMPADO,ADRILAR
L12.0008,PA,53.0,164.0,LENCOL EXTRA BOX MALHA ESTAMPADO,ADRILAR
L12.0008,MT,53.0,164.0,LENCOL EXTRA BOX MALHA ESTAMPADO,ADRILAR
L12.0009,GO,54.25,122.0,LENCOL KING MALHA ESTAMPADO,ADRILAR
L12.0009,TO,51.96,138.0,LENCOL KING MALHA ESTAMPADO,ADRILAR
L12.0009,PA,51.55,138.0,LENCOL KING MALHA ESTAMPADO,ADRILAR
L12.0009,MT,50.74,138.0,LENCOL KING MALHA ESTAMPADO,ADRILAR
L12.0013,GO,56.73,134.0,LENCOL SUPER KING MALHA ESTAMPADO,ADRILAR
L12.0013,TO,54.33,148.0,LENCOL SUPER KING MALHA ESTAMPADO,ADRILAR
L12.0013,PA,53.9,150.0,LENCOL SUPER KING MALHA ESTAMPADO,ADRILAR
L12.0013,MT,53.05,150.0,LENCOL SUPER KING MALHA ESTAMPADO,ADRILAR
L12.0014,GO,40.28,90.0,LENCOL CASAL MALHA S ELAST C FRONHA EST,ADRILAR
L12.0014,TO,38.58,98.0,LENCOL CASAL MALHA S ELAST C FRONHA EST,ADRILAR
L12.0014,PA,38.27,98.0,LENCOL CASAL MALHA S ELAST C FRONHA EST,ADRILAR
L12.0014,MT,37.67,98.0,LENCOL CASAL MALHA S ELAST C FRONHA EST,ADRILAR
L12.0015,GO,25.74,68.0,LENCOL CASAL MALHA S ELAST S FRONHA EST,ADRILAR
L12.0015,TO,24.66,80.0,LENCOL CASAL MALHA S ELAST S FRONHA EST,ADRILAR
L12.0015,PA,24.46,80.0,LENCOL CASAL MALHA S ELAST S FRONHA EST,ADRILAR
L12.0015,MT,24.08,80.0,LENCOL CASAL MALHA S ELAST S FRONHA EST,ADRILAR
L12.0016,GO,28.41,68.0,LENCOL SOLTEIRO MALHA ESTAMPADO,ADRILAR
L12.0016,TO,27.21,78.0,LENCOL SOLTEIRO MALHA ESTAMPADO,ADRILAR
L12.0016,PA,27.0,80.0,LENCOL SOLTEIRO MALHA ESTAMPADO,ADRILAR
L12.0016,MT,26.57,80.0,LENCOL SOLTEIRO MALHA ESTAMPADO,ADRILAR
L12.0017,GO,25.2,82.0,LENCOL SOLTEIRO KING MALHA ESTAMPADO,ADRILAR
L12.0017,TO,25.2,82.0,LENCOL SOLTEIRO KING MALHA ESTAMPADO,ADRILAR
L12.0017,PA,25.2,84.0,LENCOL SOLTEIRO KING MALHA ESTAMPADO,ADRILAR
L12.0017,MT,25.2,84.0,LENCOL SOLTEIRO KING MALHA ESTAMPADO,ADRILAR
L12.0023,GO,22.69,66.0,LENCOL SOLTEIRO S ELASTICO C FRONHA,ADRILAR
L12.0023,TO,22.69,66.0,LENCOL SOLTEIRO S ELASTICO C FRONHA,ADRILAR
L12.0023,PA,22.69,66.0,LENCOL SOLTEIRO S ELASTICO C FRONHA,ADRILAR
L12.0023,MT,22.69,66.0,LENCOL SOLTEIRO S ELASTICO C FRONHA,ADRILAR
L12.0022,GO,45.35,118.0,LENCOL SOLTEIRAO BOX MALHA,ADRILAR
L12.0022,TO,45.35,118.0,LENCOL SOLTEIRAO BOX MALHA,ADRILAR
L12.0022,PA,45.35,118.0,LENCOL SOLTEIRAO BOX MALHA,ADRILAR
L12.0022,MT,45.35,118.0,LENCOL SOLTEIRAO BOX MALHA,ADRILAR
T20.0066,GO,13.03,38.0,TOALHA MESA OXFORD 1.30MT,ADRILAR
T20.0066,TO,12.45,38.0,TOALHA MESA OXFORD 1.30MT,ADRILAR
T20.0066,PA,12.28,40.0,TOALHA MESA OXFORD 1.30MT,ADRILAR
T20.0066,MT,11.95,38.0,TOALHA MESA OXFORD 1.30MT,ADRILAR
T20.0067,GO,18.52,54.0,TOALHA MESA OXFORD 2.20MT,ADRILAR
T20.0067,TO,17.46,54.0,TOALHA MESA OXFORD 2.20MT,ADRILAR
T20.0067,PA,17.22,55.0,TOALHA MESA OXFORD 2.20MT,ADRILAR
T20.0067,MT,16.75,54.0,TOALHA MESA OXFORD 2.20MT,ADRILAR
T20.0068,GO,21.67,58.0,TOALHA MESA OXFORD 3MT,ADRILAR
T20.0068,TO,20.11,58.0,TOALHA MESA OXFORD 3MT,ADRILAR
T20.0068,PA,19.83,60.0,TOALHA MESA OXFORD 3MT,ADRILAR
T20.0068,MT,19.27,60.0,TOALHA MESA OXFORD 3MT,ADRILAR
L12.0024,GO,45.8,126.0,LENCOL KING S ELASTICO C FRONHA,ADRILAR
L12.0024,TO,46.26,136.0,LENCOL KING S ELASTICO C FRONHA,ADRILAR
L12.0024,PA,45.8,138.0,LENCOL KING S ELASTICO C FRONHA,ADRILAR
L12.0024,MT,45.8,138.0,LENCOL KING S ELASTICO C FRONHA,ADRILAR
L12.0025,GO,42.76,106.0,LENCOL KING S ELASTICO S FRONHA,ADRILAR
L12.0025,TO,43.19,106.0,LENCOL KING S ELASTICO S FRONHA,ADRILAR
L12.0025,PA,42.76,128.0,LENCOL KING S ELASTICO S FRONHA,ADRILAR
L12.0025,MT,42.76,128.0,LENCOL KING S ELASTICO S FRONHA,ADRILAR
C3.0078,GO,63.18,170.0,COLCHA SOLTEIRO MONT BLANC,J.SERRANO
C3.0078,TO,63.82,170.0,COLCHA SOLTEIRO MONT BLANC,J.SERRANO
C3.0078,PA,63.18,101.0,COLCHA SOLTEIRO MONT BLANC,J.SERRANO
C3.0078,MT,63.18,101.0,COLCHA SOLTEIRO MONT BLANC,J.SERRANO
C3.0025,GO,75.51,242.0,CARPETE INDIANO M 150X200,PARAIBA
C3.0025,TO,68.95,246.0,CARPETE INDIANO M 150X200,PARAIBA
C3.0025,PA,68.3,248.0,CARPETE INDIANO M 150X200,PARAIBA
C3.0025,MT,67.76,248.0,CARPETE INDIANO M 150X200,PARAIBA
C3.0026,GO,47.52,148.0,CARPETE INDIANO P 100X150,PARAIBA
C3.0026,TO,48.0,152.0,CARPETE INDIANO P 100X150,PARAIBA
C3.0026,PA,50.63,154.0,CARPETE INDIANO P 100X150,PARAIBA
C3.0026,MT,47.52,154.0,CARPETE INDIANO P 100X150,PARAIBA
J10.0054,GO,29.27,72.0,JOGO DE COZINHA JACQUARD,TOQUE IDEAL
J10.0054,TO,29.57,74.0,JOGO DE COZINHA JACQUARD,TOQUE IDEAL
J10.0054,PA,29.27,47.0,JOGO DE COZINHA JACQUARD,TOQUE IDEAL
J10.0054,MT,29.27,47.0,JOGO DE COZINHA JACQUARD,TOQUE IDEAL
C3.0214,GO,85.41,198.0,CORTINA CORTA LUZ VITORIANO 180X200,ADOMES
C3.0214,TO,86.27,198.0,CORTINA CORTA LUZ VITORIANO 180X200,ADOMES
C3.0214,PA,85.41,198.0,CORTINA CORTA LUZ VITORIANO 180X200,ADOMES
C3.0214,MT,85.41,198.0,CORTINA CORTA LUZ VITORIANO 180X200,ADOMES
C3.0215,GO,85.41,198.0,CORTINA CORTA LUZ DIANA 170X200,ADOMES
C3.0215,TO,86.27,198.0,CORTINA CORTA LUZ DIANA 170X200,ADOMES
C3.0215,PA,85.41,198.0,CORTINA CORTA LUZ DIANA 170X200,ADOMES
C3.0215,MT,85.41,198.0,CORTINA CORTA LUZ DIANA 170X200,ADOMES
C3.0216,GO,91.73,228.0,COLCHA INFINITY CASAL 220X240,NIAZITEX
C3.0216,TO,92.64,230.0,COLCHA INFINITY CASAL 220X240,NIAZITEX
C3.0216,PA,91.73,230.0,COLCHA INFINITY CASAL 220X240,NIAZITEX
C3.0216,MT,91.73,230.0,COLCHA INFINITY CASAL 220X240,NIAZITEX
C3.0217,GO,112.06,280.0,COLCHA INFINITY KING 280X260,NIAZITEX
C3.0217,TO,113.18,280.0,COLCHA INFINITY KING 280X260,NIAZITEX
C3.0217,PA,112.06,280.0,COLCHA INFINITY KING 280X260,NIAZITEX
C3.0217,MT,112.06,280.0,COLCHA INFINITY KING 280X260,NIAZITEX
C3.0218,GO,102.34,256.0,COLCHA INFINITY QUEEN 240X260,NIAZITEX
C3.0218,TO,103.36,260.0,COLCHA INFINITY QUEEN 240X260,NIAZITEX
C3.0218,PA,102.34,260.0,COLCHA INFINITY QUEEN 240X260,NIAZITEX
C3.0218,MT,102.34,260.0,COLCHA INFINITY QUEEN 240X260,NIAZITEX
C3.0219,GO,68.69,172.0,COLCHA INFINITY SOLTEIRO 160X240,NIAZITEX
C3.0219,TO,69.37,174.0,COLCHA INFINITY SOLTEIRO 160X240,NIAZITEX
C3.0219,PA,68.69,110.0,COLCHA INFINITY SOLTEIRO 160X240,NIAZITEX
C3.0219,MT,68.69,110.0,COLCHA INFINITY SOLTEIRO 160X240,NIAZITEX
R18.0009,GO,84.14,241.0,REDE INDIANA,FRAN DULTRA
R18.0009,TO,83.73,242.0,REDE INDIANA,FRAN DULTRA
R18.0009,PA,81.68,236.0,REDE INDIANA,FRAN DULTRA
R18.0009,MT,75.18,241.0,REDE INDIANA,FRAN DULTRA
P16.0012,GO,5.72,18.0,PANO DE PRATO COPA AVULSO,LEPPER
P16.0012,TO,5.8,18.0,PANO DE PRATO COPA AVULSO,LEPPER
P16.0012,PA,5.39,18.0,PANO DE PRATO COPA AVULSO,LEPPER
P16.0012,MT,4.43,18.0,PANO DE PRATO COPA AVULSO,LEPPER
J10.0056,GO,39.52,59.0,JOGO DE CAMA SOLTEIRO 2PC INFANTIL,LEPPER
J10.0056,TO,39.91,59.0,JOGO DE CAMA SOLTEIRO 2PC INFANTIL,LEPPER
J10.0056,PA,39.52,59.0,JOGO DE CAMA SOLTEIRO 2PC INFANTIL,LEPPER
J10.0056,MT,39.52,59.0,JOGO DE CAMA SOLTEIRO 2PC INFANTIL,LEPPER
T20.0166,GO,14.11,40.0,TAPETE DEDINHO DIVERSOS 40X60,HABITAT
T20.0166,TO,14.26,41.0,TAPETE DEDINHO DIVERSOS 40X60,HABITAT
T20.0166,PA,14.11,42.0,TAPETE DEDINHO DIVERSOS 40X60,HABITAT
T20.0166,MT,14.11,43.0,TAPETE DEDINHO DIVERSOS 40X60,HABITAT
M13.0016,GO,45.22,148.0,MANTA POA QUENN 220X240,HABITAT
M13.0016,TO,45.85,150.0,MANTA POA QUENN 220X240,HABITAT
M13.0016,PA,45.22,150.0,MANTA POA QUENN 220X240,HABITAT
M13.0016,MT,43.95,148.0,MANTA POA QUENN 220X240,HABITAT
T20.0165,GO,9.13,24.0,TAPETE BANHEIRO MONTERREY 040X060,NIAZITEX
T20.0165,TO,9.22,24.0,TAPETE BANHEIRO MONTERREY 040X060,NIAZITEX
T20.0165,PA,9.13,15.0,TAPETE BANHEIRO MONTERREY 040X060,NIAZITEX
T20.0165,MT,9.13,15.0,TAPETE BANHEIRO MONTERREY 040X060,NIAZITEX
J10.0055,GO,15.55,23.0,JOGO DE BANHO 2 PCS VIENA INFANTIL,MAFRATEX
J10.0055,TO,15.7,23.0,JOGO DE BANHO 2 PCS VIENA INFANTIL,MAFRATEX
J10.0055,PA,15.55,23.0,JOGO DE BANHO 2 PCS VIENA INFANTIL,MAFRATEX
J10.0055,MT,15.55,23.0,JOGO DE BANHO 2 PCS VIENA INFANTIL,MAFRATEX
M13.0009,GO,28.27,68.0,MANTA PARA BEBE,PARAIBA
M13.0009,TO,28.55,72.0,MANTA PARA BEBE,PARAIBA
M13.0009,PA,28.27,45.0,MANTA PARA BEBE,PARAIBA
M13.0009,MT,28.27,45.0,MANTA PARA BEBE,PARAIBA
F6.0024,GO,41.14,102.0,FRIGIDEIRA 4 OVOS TEFLON,CONJ. MINEIRO
F6.0024,TO,41.55,104.0,FRIGIDEIRA 4 OVOS TEFLON,CONJ. MINEIRO
F6.0024,PA,41.14,104.0,FRIGIDEIRA 4 OVOS TEFLON,CONJ. MINEIRO
F6.0024,MT,41.14,104.0,FRIGIDEIRA 4 OVOS TEFLON,CONJ. MINEIRO
C3.0220,GO,18.57,48.0,CAMPAINHA RESIDENCIAL WIFI SEM FIO,LUI ELETRONICOS
C3.0220,TO,18.75,48.0,CAMPAINHA RESIDENCIAL WIFI SEM FIO,LUI ELETRONICOS
C3.0220,PA,18.57,48.0,CAMPAINHA RESIDENCIAL WIFI SEM FIO,LUI ELETRONICOS
C3.0220,MT,18.57,48.0,CAMPAINHA RESIDENCIAL WIFI SEM FIO,LUI ELETRONICOS
C3.0221,GO,31.63,48.0,GARRAFA TERMICA SENSOR TEMPERATURA 500ML,LUI ELETRONICOS
C3.0221,TO,31.94,48.0,GARRAFA TERMICA SENSOR TEMPERATURA 500ML,LUI ELETRONICOS
C3.0221,PA,31.63,62.0,GARRAFA TERMICA SENSOR TEMPERATURA 500ML,LUI ELETRONICOS
C3.0221,MT,31.63,62.0,GARRAFA TERMICA SENSOR TEMPERATURA 500ML,LUI ELETRONICOS
F6.0025,GO,16.43,45.0,FRIGIOVO CORES SOLIDAS VERNIZ,DENISE ALUMINIOS ALUMINIOS
F6.0025,TO,16.59,45.0,FRIGIOVO CORES SOLIDAS VERNIZ,DENISE ALUMINIOS ALUMINIOS
F6.0025,PA,16.43,47.0,FRIGIOVO CORES SOLIDAS VERNIZ,DENISE ALUMINIOS ALUMINIOS
F6.0025,MT,16.43,47.0,FRIGIOVO CORES SOLIDAS VERNIZ,DENISE ALUMINIOS ALUMINIOS
T20.0062,GO,22.13,62.0,TOALHA DE MESA TERMICA 2.50MT,DADDEIRO
T20.0062,TO,22.35,64.0,TOALHA DE MESA TERMICA 2.50MT,DADDEIRO
T20.0062,PA,22.13,64.0,TOALHA DE MESA TERMICA 2.50MT,DADDEIRO
T20.0062,MT,22.13,64.0,TOALHA DE MESA TERMICA 2.50MT,DADDEIRO
F6.0017,GO,33.36,94.0,FRIGIDEIRA ALTA PARIS 24CM TAMPA DE VIDRO AA,DADDEIRO
F6.0017,TO,33.69,96.0,FRIGIDEIRA ALTA PARIS 24CM TAMPA DE VIDRO AA,DADDEIRO
F6.0017,PA,33.36,98.0,FRIGIDEIRA ALTA PARIS 24CM TAMPA DE VIDRO AA,DADDEIRO
F6.0017,MT,33.36,98.0,FRIGIDEIRA ALTA PARIS 24CM TAMPA DE VIDRO AA,DADDEIRO
C3.0080,GO,30.31,82.0,COLCHA SOLTEIRO OXF KIDS,R&R TEXTIL
C3.0080,TO,30.61,84.0,COLCHA SOLTEIRO OXF KIDS,R&R TEXTIL
C3.0080,PA,30.31,86.0,COLCHA SOLTEIRO OXF KIDS,R&R TEXTIL
C3.0080,MT,30.31,86.0,COLCHA SOLTEIRO OXF KIDS,R&R TEXTIL
T20.0167,GO,19.36,48.0,TOALHA BANHO PEROLA,MAFRATEX
T20.0167,TO,19.55,50.0,TOALHA BANHO PEROLA,MAFRATEX
T20.0167,PA,19.36,50.0,TOALHA BANHO PEROLA,MAFRATEX
T20.0167,MT,19.36,50.0,TOALHA BANHO PEROLA,MAFRATEX
C3.0222,GO,125.91,410.0,CARPETE PELUDO 3.00 METROS  GG,PARAIBA
C3.0222,TO,127.17,414.0,CARPETE PELUDO 3.00 METROS  GG,PARAIBA
C3.0222,PA,125.91,414.0,CARPETE PELUDO 3.00 METROS  GG,PARAIBA
C3.0222,MT,125.91,414.0,CARPETE PELUDO 3.00 METROS  GG,PARAIBA
C3.0223,GO,39.59,98.0,CANECA MIX,LUI ELETRONICOS
C3.0223,TO,39.98,110.0,CANECA MIX,LUI ELETRONICOS
C3.0223,PA,39.59,63.0,CANECA MIX,LUI ELETRONICOS
C3.0223,MT,39.59,63.0,CANECA MIX,LUI ELETRONICOS
T20.0168,GO,18.58,52.0,TIJELA MILAO LV 4 PG 3,CINCO PLASTIC
T20.0168,TO,18.67,53.0,TIJELA MILAO LV 4 PG 3,CINCO PLASTIC
T20.0168,PA,18.58,54.0,TIJELA MILAO LV 4 PG 3,CINCO PLASTIC
T20.0168,MT,18.58,55.0,TIJELA MILAO LV 4 PG 3,CINCO PLASTIC
K11.0015,GO,19.99,60.0,KIT CAPA DE  ALMOFADAS 05PCS,GITTE
K11.0015,TO,20.19,62.0,KIT CAPA DE  ALMOFADAS 05PCS,GITTE
K11.0015,PA,26.71,78.0,KIT CAPA DE  ALMOFADAS 05PCS,GITTE
K11.0015,MT,19.99,62.0,KIT CAPA DE  ALMOFADAS 05PCS,GITTE
C3.0224,GO,59.65,171.0,CORTINA VOIL LETICIA XADREZ 280X180,TOQUE IDEAL
C3.0224,TO,54.83,174.0,CORTINA VOIL LETICIA XADREZ 280X180,TOQUE IDEAL
C3.0224,PA,63.88,176.0,CORTINA VOIL LETICIA XADREZ 280X180,TOQUE IDEAL
C3.0224,MT,54.28,172.0,CORTINA VOIL LETICIA XADREZ 280X180,TOQUE IDEAL
C3.0225,GO,84.58,243.0,CORTINA VOIL LETICIA XADREZ 280X250,TOQUE IDEAL
C3.0225,TO,77.05,246.0,CORTINA VOIL LETICIA XADREZ 280X250,TOQUE IDEAL
C3.0225,PA,89.47,248.0,CORTINA VOIL LETICIA XADREZ 280X250,TOQUE IDEAL
C3.0225,MT,76.29,245.0,CORTINA VOIL LETICIA XADREZ 280X250,TOQUE IDEAL
K11.0044,GO,130.84,334.0,KIT SALA 7PCS PREMIUM,ADRILAR
K11.0044,TO,132.15,340.0,KIT SALA 7PCS PREMIUM,ADRILAR
K11.0044,PA,130.84,340.0,KIT SALA 7PCS PREMIUM,ADRILAR
K11.0044,MT,130.84,340.0,KIT SALA 7PCS PREMIUM,ADRILAR
C3.0226,GO,61.14,156.0,CORTINA BLACKOUT VOIL FITADO,KAUAN BORDADOSN BORDADOS
C3.0226,TO,61.75,158.0,CORTINA BLACKOUT VOIL FITADO,KAUAN BORDADOSN BORDADOS
C3.0226,PA,61.14,158.0,CORTINA BLACKOUT VOIL FITADO,KAUAN BORDADOSN BORDADOS
C3.0226,MT,61.14,158.0,CORTINA BLACKOUT VOIL FITADO,KAUAN BORDADOSN BORDADOS
M13.0015,GO,48.28,118.0,MOSQUITEIRO TETO CASAL C RENDA,KAUAN BORDADOSN BORDADOS
M13.0015,TO,48.76,118.0,MOSQUITEIRO TETO CASAL C RENDA,KAUAN BORDADOSN BORDADOS
M13.0015,PA,48.28,118.0,MOSQUITEIRO TETO CASAL C RENDA,KAUAN BORDADOSN BORDADOS
M13.0015,MT,48.28,118.0,MOSQUITEIRO TETO CASAL C RENDA,KAUAN BORDADOSN BORDADOS
D4.0004,GO,9.9,24.0,DIFUSOR PRESENTE SENTIMENTOS,TROPICAL AROMAS
D4.0004,TO,10.0,26.0,DIFUSOR PRESENTE SENTIMENTOS,TROPICAL AROMAS
D4.0004,PA,9.9,26.0,DIFUSOR PRESENTE SENTIMENTOS,TROPICAL AROMAS
D4.0004,MT,9.9,26.0,DIFUSOR PRESENTE SENTIMENTOS,TROPICAL AROMAS
C3.0227,GO,22.07,55.0,CAPA DE TANQUINHO,RV EMBALAGENS
C3.0227,TO,22.29,56.0,CAPA DE TANQUINHO,RV EMBALAGENS
C3.0227,PA,22.07,56.0,CAPA DE TANQUINHO,RV EMBALAGENS
C3.0227,MT,22.07,56.0,CAPA DE TANQUINHO,RV EMBALAGENS
A1.0008,GO,8.52,15.0,AMPLIADOR DE TELA PARA CELULAR,LUI ELETRONICOS
A1.0008,TO,8.6,15.0,AMPLIADOR DE TELA PARA CELULAR,LUI ELETRONICOS
A1.0008,PA,8.52,15.0,AMPLIADOR DE TELA PARA CELULAR,LUI ELETRONICOS
A1.0008,MT,8.52,15.0,AMPLIADOR DE TELA PARA CELULAR,LUI ELETRONICOS
C3.0229,GO,46.61,130.0,CAIXA DE SOM RADIO FM,LUI ELETRONICOS
C3.0229,TO,47.07,132.0,CAIXA DE SOM RADIO FM,LUI ELETRONICOS
C3.0229,PA,46.61,134.0,CAIXA DE SOM RADIO FM,LUI ELETRONICOS
C3.0229,MT,46.61,134.0,CAIXA DE SOM RADIO FM,LUI ELETRONICOS
C3.0228,GO,13.53,34.0,CESTO ROUPA DE TECIDO,LUI ELETRONICOS
C3.0228,TO,13.66,22.0,CESTO ROUPA DE TECIDO,LUI ELETRONICOS
C3.0228,PA,13.53,22.0,CESTO ROUPA DE TECIDO,LUI ELETRONICOS
C3.0228,MT,13.53,22.0,CESTO ROUPA DE TECIDO,LUI ELETRONICOS
T20.0169,GO,44.16,130.0,TAPETE PASSADEIRA INDIANA 060X200,NYCOLLY
T20.0169,TO,38.84,132.0,TAPETE PASSADEIRA INDIANA 060X200,NYCOLLY
T20.0169,PA,38.49,132.0,TAPETE PASSADEIRA INDIANA 060X200,NYCOLLY
T20.0169,MT,46.57,130.0,TAPETE PASSADEIRA INDIANA 060X200,NYCOLLY
M13.0017,GO,17.14,42.0,MANTA PETIT BABY,ETRURIA
M13.0017,TO,17.31,44.0,MANTA PETIT BABY,ETRURIA
M13.0017,PA,17.14,44.0,MANTA PETIT BABY,ETRURIA
M13.0017,MT,17.14,44.0,MANTA PETIT BABY,ETRURIA
C3.0230,GO,19.2,72.0,CONJUNTO XICARAS 85ML 6 PCS C BANDEIJA,CANDURA DIST
C3.0230,TO,19.4,78.0,CONJUNTO XICARAS 85ML 6 PCS C BANDEIJA,CANDURA DIST
C3.0230,PA,19.2,45.0,CONJUNTO XICARAS 85ML 6 PCS C BANDEIJA,CANDURA DIST
C3.0230,MT,19.2,45.0,CONJUNTO XICARAS 85ML 6 PCS C BANDEIJA,CANDURA DIST
K11.0054,GO,38.93,104.0,KIT CAFE PRATICO,CANDURA DIST
K11.0054,TO,40.13,104.0,KIT CAFE PRATICO,CANDURA DIST
K11.0054,PA,42.18,104.0,KIT CAFE PRATICO,CANDURA DIST
K11.0054,MT,38.93,104.0,KIT CAFE PRATICO,CANDURA DIST
T20.0170,GO,26.01,68.0,T BAN ADULTO ADRILAR CHARME 075X150,ADRILAR
T20.0170,TO,28.85,68.0,T BAN ADULTO ADRILAR CHARME 075X150,ADRILAR
T20.0170,PA,28.62,68.0,T BAN ADULTO ADRILAR CHARME 075X150,ADRILAR
T20.0170,MT,28.44,68.0,T BAN ADULTO ADRILAR CHARME 075X150,ADRILAR
T20.0172,GO,25.0,68.0,T BAN ADULTO ADRILAR SAMANTA 075X150,ADRILAR
T20.0172,TO,19.99,68.0,T BAN ADULTO ADRILAR SAMANTA 075X150,ADRILAR
T20.0172,PA,19.79,68.0,T BAN ADULTO ADRILAR SAMANTA 075X150,ADRILAR
T20.0172,MT,19.79,68.0,T BAN ADULTO ADRILAR SAMANTA 075X150,ADRILAR
T20.0174,GO,24.61,68.0,T BAN ADULTO ADRILAR LETICIA 075X150,ADRILAR
T20.0174,TO,24.85,68.0,T BAN ADULTO ADRILAR LETICIA 075X150,ADRILAR
T20.0174,PA,24.61,68.0,T BAN ADULTO ADRILAR LETICIA 075X150,ADRILAR
T20.0174,MT,24.61,68.0,T BAN ADULTO ADRILAR LETICIA 075X150,ADRILAR
T20.0171,GO,20.35,68.0,T BAN ADULTO ADRILAR LUIZA 075X150,ADRILAR
T20.0171,TO,28.65,68.0,T BAN ADULTO ADRILAR LUIZA 075X150,ADRILAR
T20.0171,PA,28.36,68.0,T BAN ADULTO ADRILAR LUIZA 075X150,ADRILAR
T20.0171,MT,28.36,68.0,T BAN ADULTO ADRILAR LUIZA 075X150,ADRILAR
T20.0173,GO,26.44,68.0,T BAN ADULTO ADRILAR SERENA 075X150,ADRILAR
T20.0173,TO,28.65,68.0,T BAN ADULTO ADRILAR SERENA 075X150,ADRILAR
T20.0173,PA,28.36,68.0,T BAN ADULTO ADRILAR SERENA 075X150,ADRILAR
T20.0173,MT,28.36,68.0,T BAN ADULTO ADRILAR SERENA 075X150,ADRILAR
T20.0175,GO,5.69,14.0,T ROSTO MUNIQUE 050X080,ADRILAR
T20.0175,TO,5.75,16.0,T ROSTO MUNIQUE 050X080,ADRILAR
T20.0175,PA,5.69,14.0,T ROSTO MUNIQUE 050X080,ADRILAR
T20.0175,MT,5.69,14.0,T ROSTO MUNIQUE 050X080,ADRILAR
T20.0176,GO,5.67,14.0,T PISO KICASA 050X080,ADRILAR
T20.0176,TO,5.73,16.0,T PISO KICASA 050X080,ADRILAR
T20.0176,PA,5.67,14.0,T PISO KICASA 050X080,ADRILAR
T20.0176,MT,5.67,14.0,T PISO KICASA 050X080,ADRILAR
B2.0019,GO,26.95,68.0,BOLSA MOCHILA BASICA,JULIA BOLSAS
B2.0019,TO,27.22,68.0,BOLSA MOCHILA BASICA,JULIA BOLSAS
B2.0019,PA,26.95,43.0,BOLSA MOCHILA BASICA,JULIA BOLSAS
B2.0019,MT,26.95,43.0,BOLSA MOCHILA BASICA,JULIA BOLSAS
C3.0054,GO,55.51,140.0,COLCHA FUXICO BORDADA 230X250,KAUAN BORDADOSN BORDADOS
C3.0054,TO,56.07,140.0,COLCHA FUXICO BORDADA 230X250,KAUAN BORDADOSN BORDADOS
C3.0054,PA,55.51,144.0,COLCHA FUXICO BORDADA 230X250,KAUAN BORDADOSN BORDADOS
C3.0054,MT,55.51,144.0,COLCHA FUXICO BORDADA 230X250,KAUAN BORDADOSN BORDADOS
M13.0019,GO,51.81,154.0,MANTA FUN KIDS,JOLITEX
M13.0019,TO,52.33,156.0,MANTA FUN KIDS,JOLITEX
M13.0019,PA,51.81,158.0,MANTA FUN KIDS,JOLITEX
M13.0019,MT,51.81,158.0,MANTA FUN KIDS,JOLITEX
C3.0231,GO,68.52,178.0,COLCHA CASAL ULTRASSONICA 220X240,JOLITEX
C3.0231,TO,69.21,182.0,COLCHA CASAL ULTRASSONICA 220X240,JOLITEX
C3.0231,PA,68.52,186.0,COLCHA CASAL ULTRASSONICA 220X240,JOLITEX
C3.0231,MT,68.52,186.0,COLCHA CASAL ULTRASSONICA 220X240,JOLITEX
C3.0232,GO,83.62,214.0,COLCHA KING ULTRASSONICA 260X280,JOLITEX
C3.0232,TO,84.45,220.0,COLCHA KING ULTRASSONICA 260X280,JOLITEX
C3.0232,PA,83.62,224.0,COLCHA KING ULTRASSONICA 260X280,JOLITEX
C3.0232,MT,83.62,224.0,COLCHA KING ULTRASSONICA 260X280,JOLITEX
C3.0233,GO,56.91,142.0,COLCHA SOLTEIRO ULTRASSONICA 160X240,JOLITEX
C3.0233,TO,57.48,144.0,COLCHA SOLTEIRO ULTRASSONICA 160X240,JOLITEX
C3.0233,PA,56.91,146.0,COLCHA SOLTEIRO ULTRASSONICA 160X240,JOLITEX
C3.0233,MT,56.91,146.0,COLCHA SOLTEIRO ULTRASSONICA 160X240,JOLITEX
J10.0057,GO,33.11,88.0,JOGO BANHEIRO 3PCS,JOLITEX
J10.0057,TO,33.44,90.0,JOGO BANHEIRO 3PCS,JOLITEX
J10.0057,PA,33.11,53.0,JOGO BANHEIRO 3PCS,JOLITEX
J10.0057,MT,33.11,53.0,JOGO BANHEIRO 3PCS,JOLITEX
C3.0234,GO,26.67,52.0,CUSCUZEIRO POLIDO,DENISE ALUMINIOS
C3.0234,TO,31.16,90.0,CUSCUZEIRO POLIDO,DENISE ALUMINIOS
C3.0234,PA,26.67,62.0,CUSCUZEIRO POLIDO,DENISE ALUMINIOS
C3.0234,MT,26.67,62.0,CUSCUZEIRO POLIDO,DENISE ALUMINIOS
J10.0058,GO,186.48,466.0,JOGO PANELA FUNDIDO TAMPA VIDRO 16 A 24,DENISE ALUMINIOS ALUMINIOS
J10.0058,TO,188.35,470.0,JOGO PANELA FUNDIDO TAMPA VIDRO 16 A 24,DENISE ALUMINIOS ALUMINIOS
J10.0058,PA,186.48,470.0,JOGO PANELA FUNDIDO TAMPA VIDRO 16 A 24,DENISE ALUMINIOS ALUMINIOS
J10.0058,MT,186.48,470.0,JOGO PANELA FUNDIDO TAMPA VIDRO 16 A 24,DENISE ALUMINIOS ALUMINIOS
L12.0026,GO,30.21,40.0,LAMPADA LUZ LED MATA MOSQUITO,LUI ELETRONICOS
L12.0026,TO,30.51,40.0,LAMPADA LUZ LED MATA MOSQUITO,LUI ELETRONICOS
L12.0026,PA,30.21,48.0,LAMPADA LUZ LED MATA MOSQUITO,LUI ELETRONICOS
L12.0026,MT,30.21,48.0,LAMPADA LUZ LED MATA MOSQUITO,LUI ELETRONICOS
G7.0013,GO,27.18,19.0,GARRAFA PRATICA COLORS 1LT,LUI ELETRONICOS
G7.0013,TO,27.45,19.0,GARRAFA PRATICA COLORS 1LT,LUI ELETRONICOS
G7.0013,PA,27.18,19.0,GARRAFA PRATICA COLORS 1LT,LUI ELETRONICOS
G7.0013,MT,27.18,19.0,GARRAFA PRATICA COLORS 1LT,LUI ELETRONICOS
Q17.0001,GO,15.65,40.0,QUADRO MAGICO DIGITAL,LUI ELETRONICOS
Q17.0001,TO,15.8,46.0,QUADRO MAGICO DIGITAL,LUI ELETRONICOS
Q17.0001,PA,15.65,46.0,QUADRO MAGICO DIGITAL,LUI ELETRONICOS
Q17.0001,MT,15.65,46.0,QUADRO MAGICO DIGITAL,LUI ELETRONICOS
R18.0010,GO,63.16,181.0,REDE CADEIRA,FRAN DULTRA
R18.0010,TO,55.89,154.0,REDE CADEIRA,FRAN DULTRA
R18.0010,PA,54.99,156.0,REDE CADEIRA,FRAN DULTRA
R18.0010,MT,57.89,182.0,REDE CADEIRA,FRAN DULTRA
M13.0018,GO,16.96,36.0,MINI VENTILADOR DE MESA USB 14.9X9.61CM,DOLCE HOME COM
M13.0018,TO,17.13,27.0,MINI VENTILADOR DE MESA USB 14.9X9.61CM,DOLCE HOME COM
M13.0018,PA,16.96,27.0,MINI VENTILADOR DE MESA USB 14.9X9.61CM,DOLCE HOME COM
M13.0018,MT,16.96,27.0,MINI VENTILADOR DE MESA USB 14.9X9.61CM,DOLCE HOME COM
B2.0021,GO,61.69,186.0,BOLSA MOCHILA GRANDE PREMIUM,JULIA BOLSAS
B2.0021,TO,62.29,188.0,BOLSA MOCHILA GRANDE PREMIUM,JULIA BOLSAS
B2.0021,PA,61.68,190.0,BOLSA MOCHILA GRANDE PREMIUM,JULIA BOLSAS
B2.0021,MT,56.37,186.0,BOLSA MOCHILA GRANDE PREMIUM,JULIA BOLSAS
B2.0020,GO,24.17,48.0,BOLSA PORTA CELULAR TRANSVERSAL,JULIA BOLSAS
B2.0020,TO,24.41,68.0,BOLSA PORTA CELULAR TRANSVERSAL,JULIA BOLSAS
B2.0020,PA,24.17,68.0,BOLSA PORTA CELULAR TRANSVERSAL,JULIA BOLSAS
B2.0020,MT,24.17,68.0,BOLSA PORTA CELULAR TRANSVERSAL,JULIA BOLSAS
A1.0009,GO,80.17,96.0,ALMOFADA COURO SINTETICO LISA DALAS 030X050,DOMMUN
A1.0009,TO,80.97,96.0,ALMOFADA COURO SINTETICO LISA DALAS 030X050,DOMMUN
A1.0009,PA,80.17,96.0,ALMOFADA COURO SINTETICO LISA DALAS 030X050,DOMMUN
A1.0009,MT,80.17,96.0,ALMOFADA COURO SINTETICO LISA DALAS 030X050,DOMMUN
A1.0010,GO,100.23,120.0,ALMOFADA COURO SINTETICO LISA DALAS 050X050,DOMMUN
A1.0010,TO,101.24,120.0,ALMOFADA COURO SINTETICO LISA DALAS 050X050,DOMMUN
A1.0010,PA,100.23,120.0,ALMOFADA COURO SINTETICO LISA DALAS 050X050,DOMMUN
A1.0010,MT,100.23,120.0,ALMOFADA COURO SINTETICO LISA DALAS 050X050,DOMMUN
A1.0011,GO,21.07,25.0,ALMOFADA NOZINHO LISA,DOMMUN
A1.0011,TO,21.28,25.0,ALMOFADA NOZINHO LISA,DOMMUN
A1.0011,PA,21.07,25.0,ALMOFADA NOZINHO LISA,DOMMUN
A1.0011,MT,21.07,25.0,ALMOFADA NOZINHO LISA,DOMMUN
A1.0012,GO,140.37,168.0,ALMOFADA VELUDO SOFT LISA 0.40 DIAM,DOMMUN
A1.0012,TO,141.77,168.0,ALMOFADA VELUDO SOFT LISA 0.40 DIAM,DOMMUN
A1.0012,PA,140.37,168.0,ALMOFADA VELUDO SOFT LISA 0.40 DIAM,DOMMUN
A1.0012,MT,140.37,168.0,ALMOFADA VELUDO SOFT LISA 0.40 DIAM,DOMMUN
A1.0013,GO,95.32,114.0,ALMOFADA VELUDO TRAMAS 030X050 DIAM,DOMMUN
A1.0013,TO,96.27,114.0,ALMOFADA VELUDO TRAMAS 030X050 DIAM,DOMMUN
A1.0013,PA,95.32,114.0,ALMOFADA VELUDO TRAMAS 030X050 DIAM,DOMMUN
A1.0013,MT,95.32,114.0,ALMOFADA VELUDO TRAMAS 030X050 DIAM,DOMMUN
A1.0021,GO,95.32,114.0,ALMOFADA VELUDO VISION 50X50,DOMMUN
A1.0021,TO,96.27,114.0,ALMOFADA VELUDO VISION 50X50,DOMMUN
A1.0021,PA,95.32,114.0,ALMOFADA VELUDO VISION 50X50,DOMMUN
A1.0021,MT,95.32,114.0,ALMOFADA VELUDO VISION 50X50,DOMMUN
A1.0014,GO,75.25,90.0,ALMOFADA APLIQUE 030X050,DOMMUN
A1.0014,TO,76.0,90.0,ALMOFADA APLIQUE 030X050,DOMMUN
A1.0014,PA,75.25,90.0,ALMOFADA APLIQUE 030X050,DOMMUN
A1.0014,MT,75.25,90.0,ALMOFADA APLIQUE 030X050,DOMMUN
A1.0015,GO,90.2,108.0,ALMOFADA APLIQUE 050X050,DOMMUN
A1.0015,TO,91.1,108.0,ALMOFADA APLIQUE 050X050,DOMMUN
A1.0015,PA,90.2,108.0,ALMOFADA APLIQUE 050X050,DOMMUN
A1.0015,MT,90.2,108.0,ALMOFADA APLIQUE 050X050,DOMMUN
C3.0236,GO,63.11,76.0,CAPA TRICO OTTAWA 030X050 LISA,DOMMUN
C3.0236,TO,63.74,76.0,CAPA TRICO OTTAWA 030X050 LISA,DOMMUN
C3.0236,PA,63.11,76.0,CAPA TRICO OTTAWA 030X050 LISA,DOMMUN
C3.0236,MT,63.11,76.0,CAPA TRICO OTTAWA 030X050 LISA,DOMMUN
C3.0237,GO,64.88,78.0,CAPA TRICO OTTAWA 045X045 LISA,DOMMUN
C3.0237,TO,65.52,78.0,CAPA TRICO OTTAWA 045X045 LISA,DOMMUN
C3.0237,PA,64.88,78.0,CAPA TRICO OTTAWA 045X045 LISA,DOMMUN
C3.0237,MT,64.88,78.0,CAPA TRICO OTTAWA 045X045 LISA,DOMMUN
J10.0060,GO,25.08,30.0,JOGO GUARDANAPO 4PCS POA QUADRADO 34X34,DOMMUN
J10.0060,TO,25.33,30.0,JOGO GUARDANAPO 4PCS POA QUADRADO 34X34,DOMMUN
J10.0060,PA,25.08,30.0,JOGO GUARDANAPO 4PCS POA QUADRADO 34X34,DOMMUN
J10.0060,MT,25.08,30.0,JOGO GUARDANAPO 4PCS POA QUADRADO 34X34,DOMMUN
J10.0061,GO,25.08,30.0,JOGO GUARDANAPO 4PCS ROMANO QUADRADO  35X35,DOMMUN
J10.0061,TO,25.33,30.0,JOGO GUARDANAPO 4PCS ROMANO QUADRADO  35X35,DOMMUN
J10.0061,PA,25.08,30.0,JOGO GUARDANAPO 4PCS ROMANO QUADRADO  35X35,DOMMUN
J10.0061,MT,25.08,30.0,JOGO GUARDANAPO 4PCS ROMANO QUADRADO  35X35,DOMMUN
J10.0075,GO,34.92,42.0,JOGO AMERICANO 4PCS BORDADO FESTONE 37X37,DOMMUN
J10.0075,TO,35.27,42.0,JOGO AMERICANO 4PCS BORDADO FESTONE 37X37,DOMMUN
J10.0075,PA,34.92,42.0,JOGO AMERICANO 4PCS BORDADO FESTONE 37X37,DOMMUN
J10.0075,MT,34.92,42.0,JOGO AMERICANO 4PCS BORDADO FESTONE 37X37,DOMMUN
J10.0076,GO,34.92,42.0,JOGO AMERICANO 4PCS BORDADO RETANGULAR 35X50,DOMMUN
J10.0076,TO,35.27,42.0,JOGO AMERICANO 4PCS BORDADO RETANGULAR 35X50,DOMMUN
J10.0076,PA,34.92,42.0,JOGO AMERICANO 4PCS BORDADO RETANGULAR 35X50,DOMMUN
J10.0076,MT,34.92,42.0,JOGO AMERICANO 4PCS BORDADO RETANGULAR 35X50,DOMMUN
M13.0020,GO,59.2,71.0,MANTA IBIZA 150X200,DOMMUN
M13.0020,TO,59.79,71.0,MANTA IBIZA 150X200,DOMMUN
M13.0020,PA,59.2,71.0,MANTA IBIZA 150X200,DOMMUN
M13.0020,MT,59.2,71.0,MANTA IBIZA 150X200,DOMMUN
M13.0021,GO,59.2,71.0,MANTA TORINO 150X230,DOMMUN
M13.0021,TO,59.79,71.0,MANTA TORINO 150X230,DOMMUN
M13.0021,PA,59.2,71.0,MANTA TORINO 150X230,DOMMUN
M13.0021,MT,59.2,71.0,MANTA TORINO 150X230,DOMMUN
M13.0022,GO,169.56,203.0,MANTA MONTREAL 150X120,DOMMUN
M13.0022,TO,171.26,203.0,MANTA MONTREAL 150X120,DOMMUN
M13.0022,PA,169.56,203.0,MANTA MONTREAL 150X120,DOMMUN
M13.0022,MT,169.56,203.0,MANTA MONTREAL 150X120,DOMMUN
M13.0023,GO,120.3,144.0,MANTA TRICO PARIS 100X170,DOMMUN
M13.0023,TO,121.5,144.0,MANTA TRICO PARIS 100X170,DOMMUN
M13.0023,PA,120.3,144.0,MANTA TRICO PARIS 100X170,DOMMUN
M13.0023,MT,120.3,144.0,MANTA TRICO PARIS 100X170,DOMMUN
M13.0025,GO,120.3,144.0,MANTA ZURIQUE TRICO 180X230,DOMMUN
M13.0025,TO,121.5,144.0,MANTA ZURIQUE TRICO 180X230,DOMMUN
M13.0025,PA,120.3,144.0,MANTA ZURIQUE TRICO 180X230,DOMMUN
M13.0025,MT,120.3,144.0,MANTA ZURIQUE TRICO 180X230,DOMMUN
C3.0238,GO,76.65,192.0,COLCHA QUEEN ULTRASSONICA 240X260,JOLITEX
C3.0238,TO,77.42,194.0,COLCHA QUEEN ULTRASSONICA 240X260,JOLITEX
C3.0238,PA,76.65,194.0,COLCHA QUEEN ULTRASSONICA 240X260,JOLITEX
C3.0238,MT,76.65,194.0,COLCHA QUEEN ULTRASSONICA 240X260,JOLITEX
F6.0026,GO,66.93,168.0,FRIGIDEIRA FUNDIDA N32 T V,DENISE ALUMINIOS ALUMINIOS
F6.0026,TO,67.6,169.0,FRIGIDEIRA FUNDIDA N32 T V,DENISE ALUMINIOS ALUMINIOS
F6.0026,PA,66.93,172.0,FRIGIDEIRA FUNDIDA N32 T V,DENISE ALUMINIOS ALUMINIOS
F6.0026,MT,66.93,172.0,FRIGIDEIRA FUNDIDA N32 T V,DENISE ALUMINIOS ALUMINIOS
T20.0057,GO,9.4,26.0,TAPETE SISLLE 040X065 BEM VINDO C PONTEIRA,LANCER
T20.0057,TO,9.49,28.0,TAPETE SISLLE 040X065 BEM VINDO C PONTEIRA,LANCER
T20.0057,PA,9.4,28.0,TAPETE SISLLE 040X065 BEM VINDO C PONTEIRA,LANCER
T20.0057,MT,9.4,28.0,TAPETE SISLLE 040X065 BEM VINDO C PONTEIRA,LANCER
K11.0045,GO,60.69,97.0,KIT ESCOLAR 45CM,MAG ZY ATACADO
K11.0045,TO,61.3,97.0,KIT ESCOLAR 45CM,MAG ZY ATACADO
K11.0045,PA,60.69,97.0,KIT ESCOLAR 45CM,MAG ZY ATACADO
K11.0045,MT,60.69,97.0,KIT ESCOLAR 45CM,MAG ZY ATACADO
S19.0007,GO,38.0,79.0,SUPORTE BOTIJAO FUNDIDO,DENISE ALUMINIOS ALUMINIOS
S19.0007,TO,38.38,79.0,SUPORTE BOTIJAO FUNDIDO,DENISE ALUMINIOS ALUMINIOS
S19.0007,PA,38.0,79.0,SUPORTE BOTIJAO FUNDIDO,DENISE ALUMINIOS ALUMINIOS
S19.0007,MT,38.0,79.0,SUPORTE BOTIJAO FUNDIDO,DENISE ALUMINIOS ALUMINIOS
F6.0028,GO,23.6,66.0,FRIGIOVO TAMPA DE VIDRO,DENISE ALUMINIOS
F6.0028,TO,27.39,79.0,FRIGIOVO TAMPA DE VIDRO,DENISE ALUMINIOS
F6.0028,PA,23.1,65.0,FRIGIOVO TAMPA DE VIDRO,DENISE ALUMINIOS
F6.0028,MT,23.6,65.0,FRIGIOVO TAMPA DE VIDRO,DENISE ALUMINIOS
F6.0027,GO,46.45,116.0,FRIGIDEIRA T V N24,CAVA
F6.0027,TO,46.92,116.0,FRIGIDEIRA T V N24,CAVA
F6.0027,PA,46.45,118.0,FRIGIDEIRA T V N24,CAVA
F6.0027,MT,46.45,118.0,FRIGIDEIRA T V N24,CAVA
J10.0062,GO,74.11,192.0,JOGO DE ALMOFADAS 4PCS C CORTINA,TOQUE IDEAL
J10.0062,TO,74.85,198.0,JOGO DE ALMOFADAS 4PCS C CORTINA,TOQUE IDEAL
J10.0062,PA,74.11,198.0,JOGO DE ALMOFADAS 4PCS C CORTINA,TOQUE IDEAL
J10.0062,MT,74.11,198.0,JOGO DE ALMOFADAS 4PCS C CORTINA,TOQUE IDEAL
K11.0047,GO,71.75,198.0,KIT ALMOFADA SILICONE 5PCS,TOQUE IDEAL
K11.0047,TO,81.33,198.0,KIT ALMOFADA SILICONE 5PCS,TOQUE IDEAL
K11.0047,PA,62.86,198.0,KIT ALMOFADA SILICONE 5PCS,TOQUE IDEAL
K11.0047,MT,62.21,198.0,KIT ALMOFADA SILICONE 5PCS,TOQUE IDEAL
L12.0027,GO,8.79,28.0,LANTERNA LUZ DE TRABALHO,LUI ELETRONICOS
L12.0027,TO,8.88,28.0,LANTERNA LUZ DE TRABALHO,LUI ELETRONICOS
L12.0027,PA,8.79,28.0,LANTERNA LUZ DE TRABALHO,LUI ELETRONICOS
L12.0027,MT,8.79,28.0,LANTERNA LUZ DE TRABALHO,LUI ELETRONICOS
P16.0008,GO,101.82,210.0,PANELA DE PRESSAO 5LTS,PATOLUX
P16.0008,TO,102.84,212.0,PANELA DE PRESSAO 5LTS,PATOLUX
P16.0008,PA,101.82,214.0,PANELA DE PRESSAO 5LTS,PATOLUX
P16.0008,MT,101.82,214.0,PANELA DE PRESSAO 5LTS,PATOLUX
J10.0025,GO,228.24,570.0,JOGO DE PANELAS 05 PCS,PATOLUX
J10.0025,TO,230.52,360.0,JOGO DE PANELAS 05 PCS,PATOLUX
J10.0025,PA,228.24,356.0,JOGO DE PANELAS 05 PCS,PATOLUX
J10.0025,MT,228.24,356.0,JOGO DE PANELAS 05 PCS,PATOLUX
P16.0011,GO,83.84,220.0,PANELA PRESSAO 7LTS,PATOLUX
P16.0011,TO,84.68,222.0,PANELA PRESSAO 7LTS,PATOLUX
P16.0011,PA,83.84,224.0,PANELA PRESSAO 7LTS,PATOLUX
P16.0011,MT,83.84,224.0,PANELA PRESSAO 7LTS,PATOLUX
B2.0011,GO,38.15,126.0,BOLSA VIAGEM,JULIA BOLSAS
B2.0011,TO,38.54,128.0,BOLSA VIAGEM,JULIA BOLSAS
B2.0011,PA,38.15,130.0,BOLSA VIAGEM,JULIA BOLSAS
B2.0011,MT,38.15,130.0,BOLSA VIAGEM,JULIA BOLSAS
T20.0177,GO,28.36,68.0,T BAN ADULTO ADRILAR MELINDA 075X150,ADRILAR
T20.0177,TO,28.65,68.0,T BAN ADULTO ADRILAR MELINDA 075X150,ADRILAR
T20.0177,PA,28.36,68.0,T BAN ADULTO ADRILAR MELINDA 075X150,ADRILAR
T20.0177,MT,28.36,68.0,T BAN ADULTO ADRILAR MELINDA 075X150,ADRILAR
T20.0178,GO,23.02,68.0,T BAN ADULTO ADRILAR GIANY 075X150,ADRILAR
T20.0178,TO,23.25,68.0,T BAN ADULTO ADRILAR GIANY 075X150,ADRILAR
T20.0178,PA,23.02,68.0,T BAN ADULTO ADRILAR GIANY 075X150,ADRILAR
T20.0178,MT,23.02,68.0,T BAN ADULTO ADRILAR GIANY 075X150,ADRILAR
T20.0179,GO,19.78,68.0,T BAN ADULTO ADRILAR SCHEILA 075X150,ADRILAR
T20.0179,TO,19.98,68.0,T BAN ADULTO ADRILAR SCHEILA 075X150,ADRILAR
T20.0179,PA,19.78,68.0,T BAN ADULTO ADRILAR SCHEILA 075X150,ADRILAR
T20.0179,MT,19.78,68.0,T BAN ADULTO ADRILAR SCHEILA 075X150,ADRILAR
P16.0050,GO,6.7,18.0,PANO COPINHA ADRILAR 050X070,ADRILAR
P16.0050,TO,6.58,18.0,PANO COPINHA ADRILAR 050X070,ADRILAR
P16.0050,PA,6.53,18.0,PANO COPINHA ADRILAR 050X070,ADRILAR
P16.0050,MT,6.49,18.0,PANO COPINHA ADRILAR 050X070,ADRILAR
J10.0063,GO,59.28,170.0,JOGO COZINHA CABIDE,PARAIBA
J10.0063,TO,57.09,185.0,JOGO COZINHA CABIDE,PARAIBA
J10.0063,PA,64.52,185.0,JOGO COZINHA CABIDE,PARAIBA
J10.0063,MT,56.13,170.0,JOGO COZINHA CABIDE,PARAIBA
T20.0180,GO,11.04,31.0,TAPETE COLORS,PARAIBA
T20.0180,TO,11.15,32.0,TAPETE COLORS,PARAIBA
T20.0180,PA,11.04,33.0,TAPETE COLORS,PARAIBA
T20.0180,MT,11.04,33.0,TAPETE COLORS,PARAIBA
B2.0022,GO,25.03,86.0,BOLSA MOCHILA MULTIUSO,JULIA BOLSAS
B2.0022,TO,25.28,88.0,BOLSA MOCHILA MULTIUSO,JULIA BOLSAS
B2.0022,PA,25.03,90.0,BOLSA MOCHILA MULTIUSO,JULIA BOLSAS
B2.0022,MT,25.03,90.0,BOLSA MOCHILA MULTIUSO,JULIA BOLSAS
L12.0028,GO,41.13,210.0,LAMPADA CAMERA IP,LUI ELETRONICOS
L12.0028,TO,41.54,212.0,LAMPADA CAMERA IP,LUI ELETRONICOS
L12.0028,PA,41.81,214.0,LAMPADA CAMERA IP,LUI ELETRONICOS
L12.0028,MT,41.13,214.0,LAMPADA CAMERA IP,LUI ELETRONICOS
L12.0029,GO,57.44,92.0,LAMPADA LED PETALA DOBRAVEL,LUI ELETRONICOS
L12.0029,TO,58.01,92.0,LAMPADA LED PETALA DOBRAVEL,LUI ELETRONICOS
L12.0029,PA,57.44,91.0,LAMPADA LED PETALA DOBRAVEL,LUI ELETRONICOS
L12.0029,MT,57.44,91.0,LAMPADA LED PETALA DOBRAVEL,LUI ELETRONICOS
T20.0181,GO,19.41,50.0,TOALHA DE MESA LINHAO 4 CADEIRAS 1.30MT,ADRILAR
T20.0181,TO,19.61,52.0,TOALHA DE MESA LINHAO 4 CADEIRAS 1.30MT,ADRILAR
T20.0181,PA,19.41,54.0,TOALHA DE MESA LINHAO 4 CADEIRAS 1.30MT,ADRILAR
T20.0181,MT,19.41,54.0,TOALHA DE MESA LINHAO 4 CADEIRAS 1.30MT,ADRILAR
T20.0182,GO,28.04,70.0,TOALHA DE MESA LINHAO 6 CADEIRAS 2.20MT,ADRILAR
T20.0182,TO,28.32,72.0,TOALHA DE MESA LINHAO 6 CADEIRAS 2.20MT,ADRILAR
T20.0182,PA,28.04,74.0,TOALHA DE MESA LINHAO 6 CADEIRAS 2.20MT,ADRILAR
T20.0182,MT,28.04,74.0,TOALHA DE MESA LINHAO 6 CADEIRAS 2.20MT,ADRILAR
T20.0183,GO,35.62,90.0,TOALHA DE MESA LINHAO 8 CADEIRAS 3MT,ADRILAR
T20.0183,TO,35.97,92.0,TOALHA DE MESA LINHAO 8 CADEIRAS 3MT,ADRILAR
T20.0183,PA,35.62,94.0,TOALHA DE MESA LINHAO 8 CADEIRAS 3MT,ADRILAR
T20.0183,MT,35.62,94.0,TOALHA DE MESA LINHAO 8 CADEIRAS 3MT,ADRILAR
F6.0008,GO,6.72,11.0,"FRONHA AVULSA 0,50x0,70",ADRILAR
F6.0008,TO,6.79,11.0,"FRONHA AVULSA 0,50x0,70",ADRILAR
F6.0008,PA,6.72,11.0,"FRONHA AVULSA 0,50x0,70",ADRILAR
F6.0008,MT,6.72,11.0,"FRONHA AVULSA 0,50x0,70",ADRILAR
C3.0239,GO,56.53,142.0,COLCHA SOLTEIRO SICILIA 160X240,NIAZITEX
C3.0239,TO,57.09,144.0,COLCHA SOLTEIRO SICILIA 160X240,NIAZITEX
C3.0239,PA,56.53,89.0,COLCHA SOLTEIRO SICILIA 160X240,NIAZITEX
C3.0239,MT,56.53,89.0,COLCHA SOLTEIRO SICILIA 160X240,NIAZITEX
C3.0240,GO,76.65,192.0,COLCHA CASAL SICILIA 220X240,NIAZITEX
C3.0240,TO,77.42,194.0,COLCHA CASAL SICILIA 220X240,NIAZITEX
C3.0240,PA,76.65,198.0,COLCHA CASAL SICILIA 220X240,NIAZITEX
C3.0240,MT,76.65,198.0,COLCHA CASAL SICILIA 220X240,NIAZITEX
C3.0241,GO,85.27,214.0,COLCHA QUEEN SICILIA 240X260,NIAZITEX
C3.0241,TO,86.12,216.0,COLCHA QUEEN SICILIA 240X260,NIAZITEX
C3.0241,PA,85.27,220.0,COLCHA QUEEN SICILIA 240X260,NIAZITEX
C3.0241,MT,85.27,220.0,COLCHA QUEEN SICILIA 240X260,NIAZITEX
C3.0242,GO,93.87,236.0,COLCHA KING SICILIA 260X280,NIAZITEX
C3.0242,TO,94.81,238.0,COLCHA KING SICILIA 260X280,NIAZITEX
C3.0242,PA,93.87,242.0,COLCHA KING SICILIA 260X280,NIAZITEX
C3.0242,MT,93.87,242.0,COLCHA KING SICILIA 260X280,NIAZITEX
T20.0020,GO,6.47,18.0,T ROSTO CAMILE,ENGOTEX
T20.0020,TO,6.54,18.0,T ROSTO CAMILE,ENGOTEX
T20.0020,PA,6.47,18.0,T ROSTO CAMILE,ENGOTEX
T20.0020,MT,6.47,18.0,T ROSTO CAMILE,ENGOTEX
C3.0243,GO,21.75,68.0,CANECA TRIGGER 375ML PALMEIRAS,GLOBIMPORT
C3.0243,TO,21.97,69.0,CANECA TRIGGER 375ML PALMEIRAS,GLOBIMPORT
C3.0243,PA,21.75,70.0,CANECA TRIGGER 375ML PALMEIRAS,GLOBIMPORT
C3.0243,MT,21.75,70.0,CANECA TRIGGER 375ML PALMEIRAS,GLOBIMPORT
C3.0246,GO,16.95,49.0,COPO CHUTEIRA 370ML PALMEIRAS,GLOBIMPORT
C3.0246,TO,17.12,26.0,COPO CHUTEIRA 370ML PALMEIRAS,GLOBIMPORT
C3.0246,PA,16.95,26.0,COPO CHUTEIRA 370ML PALMEIRAS,GLOBIMPORT
C3.0246,MT,16.95,26.0,COPO CHUTEIRA 370ML PALMEIRAS,GLOBIMPORT
C3.0247,GO,16.95,49.0,COPO COUNTRY 400ML CORINTHIANS,GLOBIMPORT
C3.0247,TO,17.12,26.0,COPO COUNTRY 400ML CORINTHIANS,GLOBIMPORT
C3.0247,PA,16.95,52.0,COPO COUNTRY 400ML CORINTHIANS,GLOBIMPORT
C3.0247,MT,16.95,52.0,COPO COUNTRY 400ML CORINTHIANS,GLOBIMPORT
C3.0244,GO,21.75,68.0,CANECA TRIGGER 375ML CORINTHIANS,GLOBIMPORT
C3.0244,TO,21.97,34.0,CANECA TRIGGER 375ML CORINTHIANS,GLOBIMPORT
C3.0244,PA,21.75,70.0,CANECA TRIGGER 375ML CORINTHIANS,GLOBIMPORT
C3.0244,MT,21.75,70.0,CANECA TRIGGER 375ML CORINTHIANS,GLOBIMPORT
C3.0248,GO,16.95,49.0,COPO SHAPE 470ML FLAMENGO,GLOBIMPORT
C3.0248,TO,17.12,26.0,COPO SHAPE 470ML FLAMENGO,GLOBIMPORT
C3.0248,PA,16.95,26.0,COPO SHAPE 470ML FLAMENGO,GLOBIMPORT
C3.0248,MT,16.95,26.0,COPO SHAPE 470ML FLAMENGO,GLOBIMPORT
C3.0245,GO,23.08,70.0,CANECA SCANDINAVIA 355ML FLAMENGO,GLOBIMPORT
C3.0245,TO,23.31,36.0,CANECA SCANDINAVIA 355ML FLAMENGO,GLOBIMPORT
C3.0245,PA,23.08,72.0,CANECA SCANDINAVIA 355ML FLAMENGO,GLOBIMPORT
C3.0245,MT,23.08,72.0,CANECA SCANDINAVIA 355ML FLAMENGO,GLOBIMPORT
C3.0249,GO,16.95,49.0,COPO SHAPE 470ML PALMEIRAS,GLOBIMPORT
C3.0249,TO,17.12,26.0,COPO SHAPE 470ML PALMEIRAS,GLOBIMPORT
C3.0249,PA,16.95,52.0,COPO SHAPE 470ML PALMEIRAS,GLOBIMPORT
C3.0249,MT,16.95,52.0,COPO SHAPE 470ML PALMEIRAS,GLOBIMPORT
C3.0250,GO,39.32,110.0,CAFETEIRA LUXO ITALIAN,KE HOME
C3.0250,TO,39.72,112.0,CAFETEIRA LUXO ITALIAN,KE HOME
C3.0250,PA,39.32,61.0,CAFETEIRA LUXO ITALIAN,KE HOME
C3.0250,MT,39.32,61.0,CAFETEIRA LUXO ITALIAN,KE HOME
K11.0026,GO,93.44,248.0,KIT TALHERES INOX 07PCS,KE HOME
K11.0026,TO,94.37,249.0,KIT TALHERES INOX 07PCS,KE HOME
K11.0026,PA,93.44,250.0,KIT TALHERES INOX 07PCS,KE HOME
K11.0026,MT,93.44,250.0,KIT TALHERES INOX 07PCS,KE HOME
A1.0016,GO,8.61,28.0,ABRIDOR MULTIFUNCIONAL,KE HOME
A1.0016,TO,8.7,15.0,ABRIDOR MULTIFUNCIONAL,KE HOME
A1.0016,PA,8.61,12.0,ABRIDOR MULTIFUNCIONAL,KE HOME
A1.0016,MT,8.61,12.0,ABRIDOR MULTIFUNCIONAL,KE HOME
T20.0061,GO,22.33,62.0,TIGELA DUPLA DE INOX C REVES PLASTICO,KE HOME
T20.0061,TO,22.55,64.0,TIGELA DUPLA DE INOX C REVES PLASTICO,KE HOME
T20.0061,PA,22.33,66.0,TIGELA DUPLA DE INOX C REVES PLASTICO,KE HOME
T20.0061,MT,22.33,66.0,TIGELA DUPLA DE INOX C REVES PLASTICO,KE HOME
E5.0007,GO,10.43,32.0,ESCORREDOR RETRATIL GRANDE,KE HOME
E5.0007,TO,10.54,34.0,ESCORREDOR RETRATIL GRANDE,KE HOME
E5.0007,PA,10.43,15.0,ESCORREDOR RETRATIL GRANDE,KE HOME
E5.0007,MT,10.43,15.0,ESCORREDOR RETRATIL GRANDE,KE HOME
E5.0008,GO,29.3,74.0,ESCORREDOR RETANGULAR RETRATIL,KE HOME
E5.0008,TO,29.59,76.0,ESCORREDOR RETANGULAR RETRATIL,KE HOME
E5.0008,PA,29.3,45.0,ESCORREDOR RETANGULAR RETRATIL,KE HOME
E5.0008,MT,29.3,45.0,ESCORREDOR RETANGULAR RETRATIL,KE HOME
K11.0048,GO,91.46,238.0,KIT TALHERES SILICONE FLORIDA 12PCS,KE HOME
K11.0048,TO,92.37,239.0,KIT TALHERES SILICONE FLORIDA 12PCS,KE HOME
K11.0048,PA,91.46,240.0,KIT TALHERES SILICONE FLORIDA 12PCS,KE HOME
K11.0048,MT,91.46,240.0,KIT TALHERES SILICONE FLORIDA 12PCS,KE HOME
C3.0251,GO,68.23,174.0,COBRELEITO MILAO CORTTEX CASAL NAO UTILIZAR ESSES CODIGOS,FATEX
C3.0251,TO,68.91,176.0,COBRELEITO MILAO CORTTEX CASAL NAO UTILIZAR ESSES CODIGOS,FATEX
C3.0251,PA,68.23,178.0,COBRELEITO MILAO CORTTEX CASAL NAO UTILIZAR ESSES CODIGOS,FATEX
C3.0251,MT,68.23,178.0,COBRELEITO MILAO CORTTEX CASAL NAO UTILIZAR ESSES CODIGOS,FATEX
C3.0252,GO,78.26,196.0,COBRELEITO MILAO CORTTEX QUEEN NAO UTILIZAR ESSES CODIGOS,FATEX
C3.0252,TO,79.04,198.0,COBRELEITO MILAO CORTTEX QUEEN NAO UTILIZAR ESSES CODIGOS,FATEX
C3.0252,PA,78.26,199.0,COBRELEITO MILAO CORTTEX QUEEN NAO UTILIZAR ESSES CODIGOS,FATEX
C3.0252,MT,78.26,199.0,COBRELEITO MILAO CORTTEX QUEEN NAO UTILIZAR ESSES CODIGOS,FATEX
C3.0253,GO,89.3,230.0,COBRELEITO MILAO CORTTEX KING NAO UTILIZAR ESSES CODIGOS,FATEX
C3.0253,TO,90.19,232.0,COBRELEITO MILAO CORTTEX KING NAO UTILIZAR ESSES CODIGOS,FATEX
C3.0253,PA,89.3,234.0,COBRELEITO MILAO CORTTEX KING NAO UTILIZAR ESSES CODIGOS,FATEX
C3.0253,MT,89.3,234.0,COBRELEITO MILAO CORTTEX KING NAO UTILIZAR ESSES CODIGOS,FATEX
B2.0023,GO,63.15,130.0,BRINQUEDO PROJETOR DE TELA,SONWIND LTDA
B2.0023,TO,63.78,130.0,BRINQUEDO PROJETOR DE TELA,SONWIND LTDA
B2.0023,PA,63.15,98.0,BRINQUEDO PROJETOR DE TELA,SONWIND LTDA
B2.0023,MT,63.15,98.0,BRINQUEDO PROJETOR DE TELA,SONWIND LTDA
J10.0065,GO,68.87,186.0,JOGO BANHO DE ADRILAR 5PCS MUNIQUE,ADRILAR
J10.0065,TO,69.56,188.0,JOGO BANHO DE ADRILAR 5PCS MUNIQUE,ADRILAR
J10.0065,PA,68.87,190.0,JOGO BANHO DE ADRILAR 5PCS MUNIQUE,ADRILAR
J10.0065,MT,68.87,190.0,JOGO BANHO DE ADRILAR 5PCS MUNIQUE,ADRILAR
C3.0254,GO,48.16,126.0,CONJUNTO DE FACA 6 PCS INOX,CANDURA DIST
C3.0254,TO,48.64,128.0,CONJUNTO DE FACA 6 PCS INOX,CANDURA DIST
C3.0254,PA,48.16,77.0,CONJUNTO DE FACA 6 PCS INOX,CANDURA DIST
C3.0254,MT,48.16,77.0,CONJUNTO DE FACA 6 PCS INOX,CANDURA DIST
C3.0255,GO,21.57,58.0,CONJUNTO MESTRE CHURRASQUEIRO 3 PCS INOX,CANDURA DIST
C3.0255,TO,21.79,59.0,CONJUNTO MESTRE CHURRASQUEIRO 3 PCS INOX,CANDURA DIST
C3.0255,PA,21.57,34.0,CONJUNTO MESTRE CHURRASQUEIRO 3 PCS INOX,CANDURA DIST
C3.0255,MT,21.57,34.0,CONJUNTO MESTRE CHURRASQUEIRO 3 PCS INOX,CANDURA DIST
B2.0024,GO,24.08,62.0,BALDE RETRATIL 5LT,CANDURA DIST
B2.0024,TO,24.32,64.0,BALDE RETRATIL 5LT,CANDURA DIST
B2.0024,PA,24.08,38.0,BALDE RETRATIL 5LT,CANDURA DIST
B2.0024,MT,24.08,38.0,BALDE RETRATIL 5LT,CANDURA DIST
B2.0025,GO,38.13,95.0,BALDE RETRATIL 10LT,CANDURA DIST
B2.0025,TO,38.51,96.0,BALDE RETRATIL 10LT,CANDURA DIST
B2.0025,PA,38.13,61.0,BALDE RETRATIL 10LT,CANDURA DIST
B2.0025,MT,38.13,61.0,BALDE RETRATIL 10LT,CANDURA DIST
M13.0026,GO,7.52,22.0,MIXER SHAKE FRATELLI,CANDURA DIST
M13.0026,TO,7.6,12.0,MIXER SHAKE FRATELLI,CANDURA DIST
M13.0026,PA,7.52,12.0,MIXER SHAKE FRATELLI,CANDURA DIST
M13.0026,MT,7.52,12.0,MIXER SHAKE FRATELLI,CANDURA DIST
A1.0017,GO,6.52,19.0,AFIADOR DE FACA E TESOURA EM LAMINA INOX,CANDURA DIST
A1.0017,TO,6.59,20.0,AFIADOR DE FACA E TESOURA EM LAMINA INOX,CANDURA DIST
A1.0017,PA,6.52,10.0,AFIADOR DE FACA E TESOURA EM LAMINA INOX,CANDURA DIST
A1.0017,MT,6.52,10.0,AFIADOR DE FACA E TESOURA EM LAMINA INOX,CANDURA DIST
C3.0256,GO,61.2,184.0,CORTADOR MULTIFUNCIONAL 5 FUNCOES INOX,CANDURA DIST
C3.0256,TO,61.82,186.0,CORTADOR MULTIFUNCIONAL 5 FUNCOES INOX,CANDURA DIST
C3.0256,PA,61.2,98.0,CORTADOR MULTIFUNCIONAL 5 FUNCOES INOX,CANDURA DIST
C3.0256,MT,61.2,98.0,CORTADOR MULTIFUNCIONAL 5 FUNCOES INOX,CANDURA DIST
S19.0001,GO,26.61,78.0,SAIA P BOX CASAL,ROSDRY ENXOVAIS
S19.0001,TO,26.88,79.0,SAIA P BOX CASAL,ROSDRY ENXOVAIS
S19.0001,PA,26.61,42.0,SAIA P BOX CASAL,ROSDRY ENXOVAIS
S19.0001,MT,26.61,42.0,SAIA P BOX CASAL,ROSDRY ENXOVAIS
S19.0002,GO,27.7,82.0,SAIA P BOX QUEEN,0
S19.0002,TO,27.97,84.0,SAIA P BOX QUEEN,0
S19.0002,PA,27.7,44.0,SAIA P BOX QUEEN,0
S19.0002,MT,27.7,44.0,SAIA P BOX QUEEN,0
S19.0003,GO,24.63,68.0,SAIA P BOX SOLTEIRO,0
S19.0003,TO,24.87,69.0,SAIA P BOX SOLTEIRO,0
S19.0003,PA,24.63,39.0,SAIA P BOX SOLTEIRO,0
S19.0003,MT,24.63,39.0,SAIA P BOX SOLTEIRO,0
S19.0006,GO,29.77,88.0,SAIA P BOX KING 300X270,ROSDRY ENXOVAIS
S19.0006,TO,30.07,89.0,SAIA P BOX KING 300X270,ROSDRY ENXOVAIS
S19.0006,PA,29.77,47.0,SAIA P BOX KING 300X270,ROSDRY ENXOVAIS
S19.0006,MT,29.77,47.0,SAIA P BOX KING 300X270,ROSDRY ENXOVAIS
P16.0051,GO,24.4,68.0,PROCESSADOR G 5 LAMINAS,ROMA IMPORTADORA
P16.0051,TO,24.64,69.0,PROCESSADOR G 5 LAMINAS,ROMA IMPORTADORA
P16.0051,PA,24.4,40.0,PROCESSADOR G 5 LAMINAS,ROMA IMPORTADORA
P16.0051,MT,24.4,40.0,PROCESSADOR G 5 LAMINAS,ROMA IMPORTADORA
F6.0029,GO,63.17,172.0,FAQUEIRO ESTOJO 6 PCS,ROMA IMPORTADORA
F6.0029,TO,63.8,174.0,FAQUEIRO ESTOJO 6 PCS,ROMA IMPORTADORA
F6.0029,PA,63.17,102.0,FAQUEIRO ESTOJO 6 PCS,ROMA IMPORTADORA
F6.0029,MT,63.17,102.0,FAQUEIRO ESTOJO 6 PCS,ROMA IMPORTADORA
F6.0030,GO,64.16,178.0,FAQUEIRO SUPORTE MADEIRA 7 PCS,ROMA IMPORTADORA
F6.0030,TO,64.8,179.0,FAQUEIRO SUPORTE MADEIRA 7 PCS,ROMA IMPORTADORA
F6.0030,PA,64.16,104.0,FAQUEIRO SUPORTE MADEIRA 7 PCS,ROMA IMPORTADORA
F6.0030,MT,64.16,104.0,FAQUEIRO SUPORTE MADEIRA 7 PCS,ROMA IMPORTADORA
P16.0052,GO,105.18,302.0,PANELA DE PRESSAO FECHO EXT ANTIADERENTE 3LT,PATOLUX
P16.0052,TO,111.01,276.0,PANELA DE PRESSAO FECHO EXT ANTIADERENTE 3LT,PATOLUX
P16.0052,PA,110.3,318.0,PANELA DE PRESSAO FECHO EXT ANTIADERENTE 3LT,PATOLUX
P16.0052,MT,90.27,276.0,PANELA DE PRESSAO FECHO EXT ANTIADERENTE 3LT,PATOLUX
P16.0053,GO,111.28,318.0,PANELA DE PRESSAO FECHO EXT ANTIADERENTE 5LT,PATOLUX
P16.0053,TO,118.36,350.0,PANELA DE PRESSAO FECHO EXT ANTIADERENTE 5LT,PATOLUX
P16.0053,PA,123.37,353.0,PANELA DE PRESSAO FECHO EXT ANTIADERENTE 5LT,PATOLUX
P16.0053,MT,107.44,308.0,PANELA DE PRESSAO FECHO EXT ANTIADERENTE 5LT,PATOLUX
J10.0066,GO,336.68,962.0,JG PANELA 5PCS QUADRADO PREMIUM,PATOLUX
J10.0066,TO,323.89,926.0,JG PANELA 5PCS QUADRADO PREMIUM,PATOLUX
J10.0066,PA,353.24,988.0,JG PANELA 5PCS QUADRADO PREMIUM,PATOLUX
J10.0066,MT,320.69,918.0,JG PANELA 5PCS QUADRADO PREMIUM,PATOLUX
J10.0067,GO,254.56,692.0,JOGO DE PANELA QUAD TV 5PCS AZ VR PT,PATOLUX
J10.0067,TO,257.11,694.0,JOGO DE PANELA QUAD TV 5PCS AZ VR PT,PATOLUX
J10.0067,PA,254.56,696.0,JOGO DE PANELA QUAD TV 5PCS AZ VR PT,PATOLUX
J10.0067,MT,254.56,696.0,JOGO DE PANELA QUAD TV 5PCS AZ VR PT,PATOLUX
K11.0055,GO,74.25,119.0,KIT QUARTO ELEGANCE 4PCS,TOQUE IDEAL
K11.0055,TO,74.99,119.0,KIT QUARTO ELEGANCE 4PCS,TOQUE IDEAL
K11.0055,PA,74.25,119.0,KIT QUARTO ELEGANCE 4PCS,TOQUE IDEAL
K11.0055,MT,74.25,119.0,KIT QUARTO ELEGANCE 4PCS,TOQUE IDEAL
J10.0064,GO,201.15,561.0,JOGO DE PANELA PREMIUM 16 24 T V ALUMBELLA,PRALUM
J10.0064,TO,203.16,563.0,JOGO DE PANELA PREMIUM 16 24 T V ALUMBELLA,PRALUM
J10.0064,PA,201.15,327.0,JOGO DE PANELA PREMIUM 16 24 T V ALUMBELLA,PRALUM
J10.0064,MT,201.15,327.0,JOGO DE PANELA PREMIUM 16 24 T V ALUMBELLA,PRALUM
K11.0056,GO,42.37,154.0,KIT FACAS COLOR 8PCS PREMIUM,XDX TALHERES
K11.0056,TO,43.4,156.0,KIT FACAS COLOR 8PCS PREMIUM,XDX TALHERES
K11.0056,PA,42.39,158.0,KIT FACAS COLOR 8PCS PREMIUM,XDX TALHERES
K11.0056,MT,42.37,158.0,KIT FACAS COLOR 8PCS PREMIUM,XDX TALHERES
C3.0070,GO,69.64,168.0,COLCHA SOLTEIRO LOFT,CAMESA
C3.0070,TO,70.33,168.0,COLCHA SOLTEIRO LOFT,CAMESA
C3.0070,PA,69.64,168.0,COLCHA SOLTEIRO LOFT,CAMESA
C3.0070,MT,69.64,168.0,COLCHA SOLTEIRO LOFT,CAMESA
C3.0257,GO,9.99,16.0,CANECA DE PORCELANA RETA 300ML DECORADA,PORCELANA UNITA LTDA
C3.0257,TO,10.09,16.0,CANECA DE PORCELANA RETA 300ML DECORADA,PORCELANA UNITA LTDA
C3.0257,PA,9.99,16.0,CANECA DE PORCELANA RETA 300ML DECORADA,PORCELANA UNITA LTDA
C3.0257,MT,9.99,16.0,CANECA DE PORCELANA RETA 300ML DECORADA,PORCELANA UNITA LTDA
P16.0054,GO,65.22,220.0,PORTA CONDIMENTOS GIRATORIO,CANDURA DIST
P16.0054,TO,65.87,222.0,PORTA CONDIMENTOS GIRATORIO,CANDURA DIST
P16.0054,PA,65.22,224.0,PORTA CONDIMENTOS GIRATORIO,CANDURA DIST
P16.0054,MT,65.22,224.0,PORTA CONDIMENTOS GIRATORIO,CANDURA DIST
O15.0002,GO,4.37,18.0,OCULOS F AVIADOR M12187,SPECTRE
O15.0002,TO,4.41,7.0,OCULOS F AVIADOR M12187,SPECTRE
O15.0002,PA,4.37,6.0,OCULOS F AVIADOR M12187,SPECTRE
O15.0002,MT,4.37,6.0,OCULOS F AVIADOR M12187,SPECTRE
O15.0003,GO,4.37,18.0,OCULOS F ESPECIAIS DS47,SPECTRE
O15.0003,TO,4.41,7.0,OCULOS F ESPECIAIS DS47,SPECTRE
O15.0003,PA,4.37,6.0,OCULOS F ESPECIAIS DS47,SPECTRE
O15.0003,MT,4.37,6.0,OCULOS F ESPECIAIS DS47,SPECTRE
O15.0004,GO,4.37,18.0,OCULOS F ESPECIAIS 88160,SPECTRE
O15.0004,TO,4.41,7.0,OCULOS F ESPECIAIS 88160,SPECTRE
O15.0004,PA,4.37,6.0,OCULOS F ESPECIAIS 88160,SPECTRE
O15.0004,MT,4.37,6.0,OCULOS F ESPECIAIS 88160,SPECTRE
O15.0005,GO,4.37,18.0,OCULOS F ESPECIAIS CS6183,SPECTRE
O15.0005,TO,4.41,7.0,OCULOS F ESPECIAIS CS6183,SPECTRE
O15.0005,PA,4.37,6.0,OCULOS F ESPECIAIS CS6183,SPECTRE
O15.0005,MT,4.37,6.0,OCULOS F ESPECIAIS CS6183,SPECTRE
O15.0006,GO,4.37,18.0,OCULOS F ESPECIAIS SL8606,SPECTRE
O15.0006,TO,4.41,7.0,OCULOS F ESPECIAIS SL8606,SPECTRE
O15.0006,PA,4.37,6.0,OCULOS F ESPECIAIS SL8606,SPECTRE
O15.0006,MT,4.37,6.0,OCULOS F ESPECIAIS SL8606,SPECTRE
O15.0007,GO,17.41,68.0,OCULOS F RETRO HP22038 1,SPECTRE
O15.0007,TO,17.59,28.0,OCULOS F RETRO HP22038 1,SPECTRE
O15.0007,PA,17.41,27.0,OCULOS F RETRO HP22038 1,SPECTRE
O15.0007,MT,17.41,27.0,OCULOS F RETRO HP22038 1,SPECTRE
O15.0008,GO,17.41,68.0,OCULOS F RETANGULAR HP21803A,SPECTRE
O15.0008,TO,17.59,28.0,OCULOS F RETANGULAR HP21803A,SPECTRE
O15.0008,PA,17.41,27.0,OCULOS F RETANGULAR HP21803A,SPECTRE
O15.0008,MT,17.41,27.0,OCULOS F RETANGULAR HP21803A,SPECTRE
O15.0009,GO,17.41,68.0,OCULOS F RETANGULAR HP19121 3,SPECTRE
O15.0009,TO,17.59,28.0,OCULOS F RETANGULAR HP19121 3,SPECTRE
O15.0009,PA,17.41,27.0,OCULOS F RETANGULAR HP19121 3,SPECTRE
O15.0009,MT,17.41,27.0,OCULOS F RETANGULAR HP19121 3,SPECTRE
O15.0010,GO,17.41,68.0,OCULOS F ESPECIAS HP21808,SPECTRE
O15.0010,TO,17.59,28.0,OCULOS F ESPECIAS HP21808,SPECTRE
O15.0010,PA,17.41,27.0,OCULOS F ESPECIAS HP21808,SPECTRE
O15.0010,MT,17.41,27.0,OCULOS F ESPECIAS HP21808,SPECTRE
O15.0011,GO,17.41,68.0,OCULOS F GATINHO HP19284 20,SPECTRE
O15.0011,TO,17.59,28.0,OCULOS F GATINHO HP19284 20,SPECTRE
O15.0011,PA,17.41,27.0,OCULOS F GATINHO HP19284 20,SPECTRE
O15.0011,MT,17.41,27.0,OCULOS F GATINHO HP19284 20,SPECTRE
O15.0012,GO,17.41,68.0,OCULOS F GATINHO HP22429,SPECTRE
O15.0012,TO,17.59,28.0,OCULOS F GATINHO HP22429,SPECTRE
O15.0012,PA,17.41,27.0,OCULOS F GATINHO HP22429,SPECTRE
O15.0012,MT,17.41,27.0,OCULOS F GATINHO HP22429,SPECTRE
O15.0013,GO,9.89,38.0,OCULOS F RETANGULAR 9803,SPECTRE
O15.0013,TO,9.99,16.0,OCULOS F RETANGULAR 9803,SPECTRE
O15.0013,PA,9.89,15.0,OCULOS F RETANGULAR 9803,SPECTRE
O15.0013,MT,9.89,15.0,OCULOS F RETANGULAR 9803,SPECTRE
O15.0014,GO,9.89,38.0,OCULOS F RETANGULAR JL2163,SPECTRE
O15.0014,TO,9.99,16.0,OCULOS F RETANGULAR JL2163,SPECTRE
O15.0014,PA,9.89,15.0,OCULOS F RETANGULAR JL2163,SPECTRE
O15.0014,MT,9.89,15.0,OCULOS F RETANGULAR JL2163,SPECTRE
O15.0015,GO,9.89,38.0,OCULOS F REDONDO SRP11725,SPECTRE
O15.0015,TO,9.99,16.0,OCULOS F REDONDO SRP11725,SPECTRE
O15.0015,PA,9.89,15.0,OCULOS F REDONDO SRP11725,SPECTRE
O15.0015,MT,9.89,15.0,OCULOS F REDONDO SRP11725,SPECTRE
O15.0016,GO,9.89,38.0,OCULOS F GATINHO T9446,SPECTRE
O15.0016,TO,9.99,16.0,OCULOS F GATINHO T9446,SPECTRE
O15.0016,PA,9.89,15.0,OCULOS F GATINHO T9446,SPECTRE
O15.0016,MT,9.89,15.0,OCULOS F GATINHO T9446,SPECTRE
O15.0017,GO,9.89,38.0,OCULOS F GATINHO SRP345,SPECTRE
O15.0017,TO,9.99,16.0,OCULOS F GATINHO SRP345,SPECTRE
O15.0017,PA,9.89,15.0,OCULOS F GATINHO SRP345,SPECTRE
O15.0017,MT,9.89,15.0,OCULOS F GATINHO SRP345,SPECTRE
O15.0018,GO,9.89,38.0,OCULOS F GATINHO 182167,SPECTRE
O15.0018,TO,9.99,16.0,OCULOS F GATINHO 182167,SPECTRE
O15.0018,PA,9.89,15.0,OCULOS F GATINHO 182167,SPECTRE
O15.0018,MT,9.89,15.0,OCULOS F GATINHO 182167,SPECTRE
O15.0019,GO,9.89,38.0,OCULOS F GATINHO SRP072SK,SPECTRE
O15.0019,TO,9.99,16.0,OCULOS F GATINHO SRP072SK,SPECTRE
O15.0019,PA,9.89,15.0,OCULOS F GATINHO SRP072SK,SPECTRE
O15.0019,MT,9.89,15.0,OCULOS F GATINHO SRP072SK,SPECTRE
O15.0020,GO,9.89,38.0,OCULOS F GATINHO 33027,SPECTRE
O15.0020,TO,9.99,16.0,OCULOS F GATINHO 33027,SPECTRE
O15.0020,PA,9.89,15.0,OCULOS F GATINHO 33027,SPECTRE
O15.0020,MT,9.89,15.0,OCULOS F GATINHO 33027,SPECTRE
O15.0021,GO,9.89,38.0,OCULOS F ESPECIAIS B0422,SPECTRE
O15.0021,TO,9.99,16.0,OCULOS F ESPECIAIS B0422,SPECTRE
O15.0021,PA,9.89,15.0,OCULOS F ESPECIAIS B0422,SPECTRE
O15.0021,MT,9.89,15.0,OCULOS F ESPECIAIS B0422,SPECTRE
O15.0022,GO,3.97,18.0,OCULOS INF RETRO SRK 040,SPECTRE
O15.0022,TO,4.01,6.0,OCULOS INF RETRO SRK 040,SPECTRE
O15.0022,PA,3.97,6.0,OCULOS INF RETRO SRK 040,SPECTRE
O15.0022,MT,3.97,6.0,OCULOS INF RETRO SRK 040,SPECTRE
O15.0023,GO,3.97,18.0,OCULOS INF RETRO M1609,SPECTRE
O15.0023,TO,4.01,6.0,OCULOS INF RETRO M1609,SPECTRE
O15.0023,PA,3.97,6.0,OCULOS INF RETRO M1609,SPECTRE
O15.0023,MT,3.97,6.0,OCULOS INF RETRO M1609,SPECTRE
O15.0024,GO,3.97,18.0,OCULOS INF RETRO SRK071,SPECTRE
O15.0024,TO,4.01,6.0,OCULOS INF RETRO SRK071,SPECTRE
O15.0024,PA,3.97,6.0,OCULOS INF RETRO SRK071,SPECTRE
O15.0024,MT,3.97,6.0,OCULOS INF RETRO SRK071,SPECTRE
O15.0025,GO,3.97,18.0,OCULOS INF RETRO SRK040,SPECTRE
O15.0025,TO,4.01,6.0,OCULOS INF RETRO SRK040,SPECTRE
O15.0025,PA,3.97,6.0,OCULOS INF RETRO SRK040,SPECTRE
O15.0025,MT,3.97,6.0,OCULOS INF RETRO SRK040,SPECTRE
O15.0026,GO,3.97,18.0,OCULOS INF RETRO SRK166,SPECTRE
O15.0026,TO,4.01,6.0,OCULOS INF RETRO SRK166,SPECTRE
O15.0026,PA,3.97,6.0,OCULOS INF RETRO SRK166,SPECTRE
O15.0026,MT,3.97,6.0,OCULOS INF RETRO SRK166,SPECTRE
O15.0027,GO,3.97,18.0,OCULOS INF RETANGULAR MY 1601,SPECTRE
O15.0027,TO,4.01,6.0,OCULOS INF RETANGULAR MY 1601,SPECTRE
O15.0027,PA,3.97,6.0,OCULOS INF RETANGULAR MY 1601,SPECTRE
O15.0027,MT,3.97,6.0,OCULOS INF RETANGULAR MY 1601,SPECTRE
O15.0028,GO,3.97,18.0,OCULOS INF RETANGULAR MY 1614,SPECTRE
O15.0028,TO,4.01,6.0,OCULOS INF RETANGULAR MY 1614,SPECTRE
O15.0028,PA,3.97,6.0,OCULOS INF RETANGULAR MY 1614,SPECTRE
O15.0028,MT,3.97,6.0,OCULOS INF RETANGULAR MY 1614,SPECTRE
O15.0029,GO,3.97,18.0,OCULOS INF AVIADOR MY1606A,SPECTRE
O15.0029,TO,4.01,6.0,OCULOS INF AVIADOR MY1606A,SPECTRE
O15.0029,PA,3.97,6.0,OCULOS INF AVIADOR MY1606A,SPECTRE
O15.0029,MT,3.97,6.0,OCULOS INF AVIADOR MY1606A,SPECTRE
O15.0030,GO,3.97,18.0,OCULOS INF ESPECIAIS MY1633,SPECTRE
O15.0030,TO,4.01,6.0,OCULOS INF ESPECIAIS MY1633,SPECTRE
O15.0030,PA,3.97,6.0,OCULOS INF ESPECIAIS MY1633,SPECTRE
O15.0030,MT,3.97,6.0,OCULOS INF ESPECIAIS MY1633,SPECTRE
O15.0031,GO,3.97,18.0,OCULOS INF ESPECIAIS MY 1603,SPECTRE
O15.0031,TO,4.01,6.0,OCULOS INF ESPECIAIS MY 1603,SPECTRE
O15.0031,PA,3.97,6.0,OCULOS INF ESPECIAIS MY 1603,SPECTRE
O15.0031,MT,3.97,6.0,OCULOS INF ESPECIAIS MY 1603,SPECTRE
O15.0032,GO,3.97,18.0,OCULOS INF ESPECIAIS MY 1615,SPECTRE
O15.0032,TO,4.01,6.0,OCULOS INF ESPECIAIS MY 1615,SPECTRE
O15.0032,PA,3.97,6.0,OCULOS INF ESPECIAIS MY 1615,SPECTRE
O15.0032,MT,3.97,6.0,OCULOS INF ESPECIAIS MY 1615,SPECTRE
C3.0284,GO,36.11,123.0,COBRELEITO SOLTEIRO 2 PCS ADRILAR 160X220,ADRILAR
C3.0284,TO,36.52,123.0,COBRELEITO SOLTEIRO 2 PCS ADRILAR 160X220,ADRILAR
C3.0284,PA,36.11,123.0,COBRELEITO SOLTEIRO 2 PCS ADRILAR 160X220,ADRILAR
C3.0284,MT,36.11,123.0,COBRELEITO SOLTEIRO 2 PCS ADRILAR 160X220,ADRILAR
C3.0285,GO,23.47,56.0,CJ XICARAS CAFE 2 UND,LYOR
C3.0285,TO,23.71,58.0,CJ XICARAS CAFE 2 UND,LYOR
C3.0285,PA,23.47,60.0,CJ XICARAS CAFE 2 UND,LYOR
C3.0285,MT,23.47,60.0,CJ XICARAS CAFE 2 UND,LYOR
G7.0014,GO,54.38,148.0,GARRAFA TERMICA GENOVA 1LT,LYOR
G7.0014,TO,54.92,152.0,GARRAFA TERMICA GENOVA 1LT,LYOR
G7.0014,PA,54.38,154.0,GARRAFA TERMICA GENOVA 1LT,LYOR
G7.0014,MT,54.38,154.0,GARRAFA TERMICA GENOVA 1LT,LYOR
X23.0001,GO,7.13,21.0,XICARA P CAFE C PIRES DE CRISTAL,LYOR
X23.0001,TO,7.2,22.0,XICARA P CAFE C PIRES DE CRISTAL,LYOR
X23.0001,PA,7.13,24.0,XICARA P CAFE C PIRES DE CRISTAL,LYOR
X23.0001,MT,7.13,24.0,XICARA P CAFE C PIRES DE CRISTAL,LYOR
T20.0184,GO,12.13,38.0,TRAVESSA OVAL DE CRISTAL,LYOR
T20.0184,TO,12.25,40.0,TRAVESSA OVAL DE CRISTAL,LYOR
T20.0184,PA,12.13,40.0,TRAVESSA OVAL DE CRISTAL,LYOR
T20.0184,MT,12.13,40.0,TRAVESSA OVAL DE CRISTAL,LYOR
B2.0026,GO,7.21,16.0,BOWL CRISTAL CORACAO,LYOR
B2.0026,TO,7.28,18.0,BOWL CRISTAL CORACAO,LYOR
B2.0026,PA,7.21,20.0,BOWL CRISTAL CORACAO,LYOR
B2.0026,MT,7.21,20.0,BOWL CRISTAL CORACAO,LYOR
M13.0027,GO,11.97,36.0,MELEIRA CRISTAL C PEGADOR LYOR,LYOR
M13.0027,TO,12.08,38.0,MELEIRA CRISTAL C PEGADOR LYOR,LYOR
M13.0027,PA,11.97,40.0,MELEIRA CRISTAL C PEGADOR LYOR,LYOR
M13.0027,MT,11.97,40.0,MELEIRA CRISTAL C PEGADOR LYOR,LYOR
A1.0018,GO,14.01,23.0,ACUCAREIRO CRISTAL C COLHER,LYOR
A1.0018,TO,14.15,38.0,ACUCAREIRO CRISTAL C COLHER,LYOR
A1.0018,PA,14.01,40.0,ACUCAREIRO CRISTAL C COLHER,LYOR
A1.0018,MT,14.01,40.0,ACUCAREIRO CRISTAL C COLHER,LYOR
G7.0015,GO,51.69,148.0,GARRAFA TERMICA DIAMOND 1LT,LYOR
G7.0015,TO,52.21,152.0,GARRAFA TERMICA DIAMOND 1LT,LYOR
G7.0015,PA,51.69,154.0,GARRAFA TERMICA DIAMOND 1LT,LYOR
G7.0015,MT,51.69,154.0,GARRAFA TERMICA DIAMOND 1LT,LYOR
C3.0286,GO,4.26,12.0,COPO CAFE  BAMBU COM MEXEDOR,LYOR
C3.0286,TO,4.3,7.0,COPO CAFE  BAMBU COM MEXEDOR,LYOR
C3.0286,PA,4.26,14.0,COPO CAFE  BAMBU COM MEXEDOR,LYOR
C3.0286,MT,4.26,14.0,COPO CAFE  BAMBU COM MEXEDOR,LYOR
C3.0287,GO,22.37,72.0,CJ XICARAS CAFE 6 UND PIRES MARROCOS,LYOR
C3.0287,TO,22.59,74.0,CJ XICARAS CAFE 6 UND PIRES MARROCOS,LYOR
C3.0287,PA,22.37,76.0,CJ XICARAS CAFE 6 UND PIRES MARROCOS,LYOR
C3.0287,MT,22.37,76.0,CJ XICARAS CAFE 6 UND PIRES MARROCOS,LYOR
C3.0288,GO,86.96,258.0,CENTRO DE MESA DECORATIVO,LYOR
C3.0288,TO,87.83,140.0,CENTRO DE MESA DECORATIVO,LYOR
C3.0288,PA,86.96,260.0,CENTRO DE MESA DECORATIVO,LYOR
C3.0288,MT,86.96,260.0,CENTRO DE MESA DECORATIVO,LYOR
C3.0289,GO,25.52,74.0,CJ VIDRO 3 PCS BANHEIRO,LYOR
C3.0289,TO,25.78,41.0,CJ VIDRO 3 PCS BANHEIRO,LYOR
C3.0289,PA,25.52,76.0,CJ VIDRO 3 PCS BANHEIRO,LYOR
C3.0289,MT,25.52,76.0,CJ VIDRO 3 PCS BANHEIRO,LYOR
V22.0003,GO,59.3,176.0,VASO VIDRO ITALY 11X9X11.5,LYOR
V22.0003,TO,59.89,96.0,VASO VIDRO ITALY 11X9X11.5,LYOR
V22.0003,PA,59.3,180.0,VASO VIDRO ITALY 11X9X11.5,LYOR
V22.0003,MT,59.3,180.0,VASO VIDRO ITALY 11X9X11.5,LYOR
C3.0290,GO,37.52,112.0,CHALEIRA VIDRO,LYOR
C3.0290,TO,37.9,114.0,CHALEIRA VIDRO,LYOR
C3.0290,PA,37.52,116.0,CHALEIRA VIDRO,LYOR
C3.0290,MT,37.52,116.0,CHALEIRA VIDRO,LYOR
C3.0291,GO,15.33,46.0,CJ BOWLS VIDRO 6 UND,LYOR
C3.0291,TO,15.49,48.0,CJ BOWLS VIDRO 6 UND,LYOR
C3.0291,PA,15.33,50.0,CJ BOWLS VIDRO 6 UND,LYOR
C3.0291,MT,15.33,50.0,CJ BOWLS VIDRO 6 UND,LYOR
C3.0259,GO,8.03,32.0,COSME SOMBRA SOBRANCELHA RUBY ROSE,KAUAN
C3.0259,TO,8.11,34.0,COSME SOMBRA SOBRANCELHA RUBY ROSE,KAUAN
C3.0259,PA,8.03,36.0,COSME SOMBRA SOBRANCELHA RUBY ROSE,KAUAN
C3.0259,MT,8.03,36.0,COSME SOMBRA SOBRANCELHA RUBY ROSE,KAUAN
C3.0260,GO,1.5,6.0,COSME ESPONJA MAQUIAGEM,KAUAN
C3.0260,TO,1.52,7.0,COSME ESPONJA MAQUIAGEM,KAUAN
C3.0260,PA,1.5,8.0,COSME ESPONJA MAQUIAGEM,KAUAN
C3.0260,MT,1.5,8.0,COSME ESPONJA MAQUIAGEM,KAUAN
C3.0261,GO,1.5,6.0,COSME ESPONJA MAQUIAGEM COXINHA,KAUAN
C3.0261,TO,1.52,7.0,COSME ESPONJA MAQUIAGEM COXINHA,KAUAN
C3.0261,PA,1.5,8.0,COSME ESPONJA MAQUIAGEM COXINHA,KAUAN
C3.0261,MT,1.5,8.0,COSME ESPONJA MAQUIAGEM COXINHA,KAUAN
C3.0262,GO,5.82,22.0,COSME LIP GLOSS FEBELLA,KAUAN
C3.0262,TO,5.88,23.0,COSME LIP GLOSS FEBELLA,KAUAN
C3.0262,PA,5.82,24.0,COSME LIP GLOSS FEBELLA,KAUAN
C3.0262,MT,5.82,24.0,COSME LIP GLOSS FEBELLA,KAUAN
C3.0263,GO,6.02,24.0,COSME PALETA DE SOMBRAS BASICA SARAH S BEAUTY,KAUAN
C3.0263,TO,6.08,25.0,COSME PALETA DE SOMBRAS BASICA SARAH S BEAUTY,KAUAN
C3.0263,PA,6.02,26.0,COSME PALETA DE SOMBRAS BASICA SARAH S BEAUTY,KAUAN
C3.0263,MT,6.02,26.0,COSME PALETA DE SOMBRAS BASICA SARAH S BEAUTY,KAUAN
C3.0264,GO,13.04,52.0,COSME KIT PINCEL 10 PCS BEAUTY E TRENDS,KAUAN
C3.0264,TO,13.17,53.0,COSME KIT PINCEL 10 PCS BEAUTY E TRENDS,KAUAN
C3.0264,PA,13.04,54.0,COSME KIT PINCEL 10 PCS BEAUTY E TRENDS,KAUAN
C3.0264,MT,13.04,54.0,COSME KIT PINCEL 10 PCS BEAUTY E TRENDS,KAUAN
C3.0265,GO,3.81,15.0,COSME FAIXA DE CABELO MAQUIAGEM,KAUAN
C3.0265,TO,3.85,16.0,COSME FAIXA DE CABELO MAQUIAGEM,KAUAN
C3.0265,PA,3.81,17.0,COSME FAIXA DE CABELO MAQUIAGEM,KAUAN
C3.0265,MT,3.81,17.0,COSME FAIXA DE CABELO MAQUIAGEM,KAUAN
C3.0266,GO,5.42,21.0,COSME MAX LOVE PRIMER HD,KAUAN
C3.0266,TO,5.47,22.0,COSME MAX LOVE PRIMER HD,KAUAN
C3.0266,PA,5.42,23.0,COSME MAX LOVE PRIMER HD,KAUAN
C3.0266,MT,5.42,23.0,COSME MAX LOVE PRIMER HD,KAUAN
C3.0267,GO,5.42,21.0,COSME VIVAI LIP TINT GEL MY LOVE,KAUAN
C3.0267,TO,5.47,22.0,COSME VIVAI LIP TINT GEL MY LOVE,KAUAN
C3.0267,PA,5.42,23.0,COSME VIVAI LIP TINT GEL MY LOVE,KAUAN
C3.0267,MT,5.42,23.0,COSME VIVAI LIP TINT GEL MY LOVE,KAUAN
C3.0268,GO,7.63,29.0,COSME DELINEADOR LIQUIDO PRETO RUBY ROSE,KAUAN
C3.0268,TO,7.7,30.0,COSME DELINEADOR LIQUIDO PRETO RUBY ROSE,KAUAN
C3.0268,PA,7.63,31.0,COSME DELINEADOR LIQUIDO PRETO RUBY ROSE,KAUAN
C3.0268,MT,7.63,31.0,COSME DELINEADOR LIQUIDO PRETO RUBY ROSE,KAUAN
C3.0269,GO,2.51,9.0,COSME UNHA POSTICA INFANTIL BLUE MOON,KAUAN
C3.0269,TO,2.53,10.0,COSME UNHA POSTICA INFANTIL BLUE MOON,KAUAN
C3.0269,PA,2.51,11.0,COSME UNHA POSTICA INFANTIL BLUE MOON,KAUAN
C3.0269,MT,2.51,11.0,COSME UNHA POSTICA INFANTIL BLUE MOON,KAUAN
C3.0270,GO,7.82,29.0,COSME BASE LIQUIDA MAX COBERTURA 500 505 MAX LOVE,KAUAN
C3.0270,TO,7.89,30.0,COSME BASE LIQUIDA MAX COBERTURA 500 505 MAX LOVE,KAUAN
C3.0270,PA,7.82,31.0,COSME BASE LIQUIDA MAX COBERTURA 500 505 MAX LOVE,KAUAN
C3.0270,MT,7.82,31.0,COSME BASE LIQUIDA MAX COBERTURA 500 505 MAX LOVE,KAUAN
C3.0271,GO,5.42,21.0,COSME BRUMA FIXADORA MISS ROSE GLOW FIX,KAUAN
C3.0271,TO,5.47,22.0,COSME BRUMA FIXADORA MISS ROSE GLOW FIX,KAUAN
C3.0271,PA,5.42,23.0,COSME BRUMA FIXADORA MISS ROSE GLOW FIX,KAUAN
C3.0271,MT,5.42,23.0,COSME BRUMA FIXADORA MISS ROSE GLOW FIX,KAUAN
C3.0272,GO,4.01,16.0,COSME BALM LABIAL MAGICO DREAM LIPS RUBY ROSE,KAUAN
C3.0272,TO,4.05,17.0,COSME BALM LABIAL MAGICO DREAM LIPS RUBY ROSE,KAUAN
C3.0272,PA,4.01,18.0,COSME BALM LABIAL MAGICO DREAM LIPS RUBY ROSE,KAUAN
C3.0272,MT,4.01,18.0,COSME BALM LABIAL MAGICO DREAM LIPS RUBY ROSE,KAUAN
C3.0273,GO,6.92,27.0,COSME BATOM LIQUIDO MATTE 30 HRS MAX LOVE,KAUAN
C3.0273,TO,6.99,28.0,COSME BATOM LIQUIDO MATTE 30 HRS MAX LOVE,KAUAN
C3.0273,PA,6.92,29.0,COSME BATOM LIQUIDO MATTE 30 HRS MAX LOVE,KAUAN
C3.0273,MT,6.92,29.0,COSME BATOM LIQUIDO MATTE 30 HRS MAX LOVE,KAUAN
C3.0274,GO,6.02,24.0,COSME BLUSH PROFISSIONAL MAKE RUBY ROSE,KAUAN
C3.0274,TO,6.08,25.0,COSME BLUSH PROFISSIONAL MAKE RUBY ROSE,KAUAN
C3.0274,PA,6.02,26.0,COSME BLUSH PROFISSIONAL MAKE RUBY ROSE,KAUAN
C3.0274,MT,6.02,26.0,COSME BLUSH PROFISSIONAL MAKE RUBY ROSE,KAUAN
C3.0275,GO,6.32,25.0,COSME PINCEL MAGICO,KAUAN
C3.0275,TO,6.38,26.0,COSME PINCEL MAGICO,KAUAN
C3.0275,PA,6.32,27.0,COSME PINCEL MAGICO,KAUAN
C3.0275,MT,6.32,27.0,COSME PINCEL MAGICO,KAUAN
C3.0276,GO,4.72,18.0,COSME VIVAI LPI GLOSS BALAO,KAUAN
C3.0276,TO,4.76,19.0,COSME VIVAI LPI GLOSS BALAO,KAUAN
C3.0276,PA,4.72,20.0,COSME VIVAI LPI GLOSS BALAO,KAUAN
C3.0276,MT,4.72,20.0,COSME VIVAI LPI GLOSS BALAO,KAUAN
C3.0277,GO,5.92,23.0,COSME VIVAI SOS BOCAO,KAUAN
C3.0277,TO,5.98,24.0,COSME VIVAI SOS BOCAO,KAUAN
C3.0277,PA,5.92,25.0,COSME VIVAI SOS BOCAO,KAUAN
C3.0277,MT,5.92,25.0,COSME VIVAI SOS BOCAO,KAUAN
C3.0278,GO,7.22,28.0,COSME SOMBRA SWEET BELLE ANGEL,KAUAN
C3.0278,TO,7.3,29.0,COSME SOMBRA SWEET BELLE ANGEL,KAUAN
C3.0278,PA,7.22,30.0,COSME SOMBRA SWEET BELLE ANGEL,KAUAN
C3.0278,MT,7.22,30.0,COSME SOMBRA SWEET BELLE ANGEL,KAUAN
C3.0279,GO,5.42,21.0,COSME SOMBRA GLITTER JASMYNE,KAUAN
C3.0279,TO,5.47,22.0,COSME SOMBRA GLITTER JASMYNE,KAUAN
C3.0279,PA,5.42,23.0,COSME SOMBRA GLITTER JASMYNE,KAUAN
C3.0279,MT,5.42,23.0,COSME SOMBRA GLITTER JASMYNE,KAUAN
C3.0280,GO,6.92,27.0,COSME GLOSS LABIAL BLACK RAIN EFEITO MAGICO MAX LOVE,KAUAN
C3.0280,TO,6.99,28.0,COSME GLOSS LABIAL BLACK RAIN EFEITO MAGICO MAX LOVE,KAUAN
C3.0280,PA,6.92,29.0,COSME GLOSS LABIAL BLACK RAIN EFEITO MAGICO MAX LOVE,KAUAN
C3.0280,MT,6.92,29.0,COSME GLOSS LABIAL BLACK RAIN EFEITO MAGICO MAX LOVE,KAUAN
C3.0281,GO,7.42,29.0,COSME BASE LIQUIDA MATTE BELLE ANGEL,KAUAN
C3.0281,TO,7.5,30.0,COSME BASE LIQUIDA MATTE BELLE ANGEL,KAUAN
C3.0281,PA,7.42,31.0,COSME BASE LIQUIDA MATTE BELLE ANGEL,KAUAN
C3.0281,MT,7.42,31.0,COSME BASE LIQUIDA MATTE BELLE ANGEL,KAUAN
C3.0282,GO,8.83,35.0,COSME MASCARA CILIOS DEFINE E ALONGA RUBY ROSE  TROPICO,KAUAN
C3.0282,TO,8.92,36.0,COSME MASCARA CILIOS DEFINE E ALONGA RUBY ROSE  TROPICO,KAUAN
C3.0282,PA,8.83,37.0,COSME MASCARA CILIOS DEFINE E ALONGA RUBY ROSE  TROPICO,KAUAN
C3.0282,MT,8.83,37.0,COSME MASCARA CILIOS DEFINE E ALONGA RUBY ROSE  TROPICO,KAUAN
C3.0283,GO,3.61,14.0,COSME LENCO DEMAQUILANTE ROSA ROSQUETA FENZA,KAUAN
C3.0283,TO,3.65,15.0,COSME LENCO DEMAQUILANTE ROSA ROSQUETA FENZA,KAUAN
C3.0283,PA,3.61,16.0,COSME LENCO DEMAQUILANTE ROSA ROSQUETA FENZA,KAUAN
C3.0283,MT,3.61,16.0,COSME LENCO DEMAQUILANTE ROSA ROSQUETA FENZA,KAUAN
C3.0294,GO,57.84,172.0,COELHINHO SALTADOR A PILHA H10054,TUKA TOY
C3.0294,TO,58.41,174.0,COELHINHO SALTADOR A PILHA H10054,TUKA TOY
C3.0294,PA,57.84,176.0,COELHINHO SALTADOR A PILHA H10054,TUKA TOY
C3.0294,MT,57.84,176.0,COELHINHO SALTADOR A PILHA H10054,TUKA TOY
C3.0295,GO,25.55,76.0,COELHINHO FELIZ DIA 550988330,TUKA TOY
C3.0295,TO,25.8,78.0,COELHINHO FELIZ DIA 550988330,TUKA TOY
C3.0295,PA,25.55,80.0,COELHINHO FELIZ DIA 550988330,TUKA TOY
C3.0295,MT,25.55,80.0,COELHINHO FELIZ DIA 550988330,TUKA TOY
C3.0296,GO,33.24,98.0,COELHINHO RECHEADO H1034,TUKA TOY
C3.0296,TO,33.57,99.0,COELHINHO RECHEADO H1034,TUKA TOY
C3.0296,PA,33.24,99.0,COELHINHO RECHEADO H1034,TUKA TOY
C3.0296,MT,33.24,99.0,COELHINHO RECHEADO H1034,TUKA TOY
P16.0055,GO,26.36,78.0,PELUCIA BONECA DE PANO H10056,TUKA TOY
P16.0055,TO,26.63,80.0,PELUCIA BONECA DE PANO H10056,TUKA TOY
P16.0055,PA,26.36,80.0,PELUCIA BONECA DE PANO H10056,TUKA TOY
P16.0055,MT,26.36,80.0,PELUCIA BONECA DE PANO H10056,TUKA TOY
P16.0056,GO,30.16,90.0,PELUCIA  GATINHO SONORO 18009M28,TUKA TOY
P16.0056,TO,30.46,92.0,PELUCIA  GATINHO SONORO 18009M28,TUKA TOY
P16.0056,PA,30.16,92.0,PELUCIA  GATINHO SONORO 18009M28,TUKA TOY
P16.0056,MT,30.16,92.0,PELUCIA  GATINHO SONORO 18009M28,TUKA TOY
P16.0057,GO,27.09,81.0,PELUCIA DIVERSOS 12844,TUKA TOY
P16.0057,TO,27.36,83.0,PELUCIA DIVERSOS 12844,TUKA TOY
P16.0057,PA,27.09,83.0,PELUCIA DIVERSOS 12844,TUKA TOY
P16.0057,MT,27.09,83.0,PELUCIA DIVERSOS 12844,TUKA TOY
P16.0058,GO,20.79,62.0,PELUCIA CORACAO G VTK332107750U,TUKA TOY
P16.0058,TO,21.0,64.0,PELUCIA CORACAO G VTK332107750U,TUKA TOY
P16.0058,PA,20.79,64.0,PELUCIA CORACAO G VTK332107750U,TUKA TOY
P16.0058,MT,20.79,64.0,PELUCIA CORACAO G VTK332107750U,TUKA TOY
P16.0059,GO,20.79,62.0,PELUCIA CORACAO M 159427,TUKA TOY
P16.0059,TO,21.0,64.0,PELUCIA CORACAO M 159427,TUKA TOY
P16.0059,PA,20.79,64.0,PELUCIA CORACAO M 159427,TUKA TOY
P16.0059,MT,20.79,64.0,PELUCIA CORACAO M 159427,TUKA TOY
P16.0060,GO,59.99,179.0,PELUCIA GALAXIAS DIVERSOS 2729028,TUKA TOY
P16.0060,TO,60.59,180.0,PELUCIA GALAXIAS DIVERSOS 2729028,TUKA TOY
P16.0060,PA,59.99,180.0,PELUCIA GALAXIAS DIVERSOS 2729028,TUKA TOY
P16.0060,MT,59.99,180.0,PELUCIA GALAXIAS DIVERSOS 2729028,TUKA TOY
P16.0061,GO,24.01,71.0,PELUCIA CENTOPEIA H10044,TUKA TOY
P16.0061,TO,24.25,73.0,PELUCIA CENTOPEIA H10044,TUKA TOY
P16.0061,PA,24.01,73.0,PELUCIA CENTOPEIA H10044,TUKA TOY
P16.0061,MT,24.01,73.0,PELUCIA CENTOPEIA H10044,TUKA TOY
P16.0062,GO,17.86,53.0,PELUCIA DIVERSOS 14255,TUKA TOY
P16.0062,TO,18.04,55.0,PELUCIA DIVERSOS 14255,TUKA TOY
P16.0062,PA,17.86,55.0,PELUCIA DIVERSOS 14255,TUKA TOY
P16.0062,MT,17.86,55.0,PELUCIA DIVERSOS 14255,TUKA TOY
P16.0063,GO,27.09,78.0,PELUCIA ANJO 55039122,TUKA TOY
P16.0063,TO,27.36,79.0,PELUCIA ANJO 55039122,TUKA TOY
P16.0063,PA,27.09,80.0,PELUCIA ANJO 55039122,TUKA TOY
P16.0063,MT,27.09,80.0,PELUCIA ANJO 55039122,TUKA TOY
P16.0064,GO,32.84,97.0,PELUCIA URSO 332027235,TUKA TOY
P16.0064,TO,33.16,98.0,PELUCIA URSO 332027235,TUKA TOY
P16.0064,PA,32.84,99.0,PELUCIA URSO 332027235,TUKA TOY
P16.0064,MT,32.84,99.0,PELUCIA URSO 332027235,TUKA TOY
P16.0065,GO,35.23,103.0,PELUCIA URSO POLAR 331138735,TUKA TOY
P16.0065,TO,35.59,104.0,PELUCIA URSO POLAR 331138735,TUKA TOY
P16.0065,PA,35.23,105.0,PELUCIA URSO POLAR 331138735,TUKA TOY
P16.0065,MT,35.23,105.0,PELUCIA URSO POLAR 331138735,TUKA TOY
P16.0066,GO,28.32,83.0,PELUCIA GATO 069977,TUKA TOY
P16.0066,TO,28.6,84.0,PELUCIA GATO 069977,TUKA TOY
P16.0066,PA,28.32,85.0,PELUCIA GATO 069977,TUKA TOY
P16.0066,MT,28.32,85.0,PELUCIA GATO 069977,TUKA TOY
P16.0067,GO,30.16,88.0,PELUCIA VACA 331911728,TUKA TOY
P16.0067,TO,30.46,89.0,PELUCIA VACA 331911728,TUKA TOY
P16.0067,PA,30.16,90.0,PELUCIA VACA 331911728,TUKA TOY
P16.0067,MT,30.16,90.0,PELUCIA VACA 331911728,TUKA TOY
P16.0068,GO,31.61,92.0,PELUCIA SAFARI H10042,TUKA TOY
P16.0068,TO,31.92,93.0,PELUCIA SAFARI H10042,TUKA TOY
P16.0068,PA,31.61,94.0,PELUCIA SAFARI H10042,TUKA TOY
P16.0068,MT,31.61,94.0,PELUCIA SAFARI H10042,TUKA TOY
P16.0069,GO,22.05,62.0,PELUCIA VARIADOS 331911925,TUKA TOY
P16.0069,TO,22.27,63.0,PELUCIA VARIADOS 331911925,TUKA TOY
P16.0069,PA,22.05,64.0,PELUCIA VARIADOS 331911925,TUKA TOY
P16.0069,MT,22.05,64.0,PELUCIA VARIADOS 331911925,TUKA TOY
P16.0070,GO,57.84,171.0,PELUCIA ONCA 1410G7,TUKA TOY
P16.0070,TO,58.41,172.0,PELUCIA ONCA 1410G7,TUKA TOY
P16.0070,PA,57.84,173.0,PELUCIA ONCA 1410G7,TUKA TOY
P16.0070,MT,57.84,173.0,PELUCIA ONCA 1410G7,TUKA TOY
P16.0071,GO,120.25,360.0,PELUCIA TIGRE 11314760,TUKA TOY
P16.0071,TO,121.45,361.0,PELUCIA TIGRE 11314760,TUKA TOY
P16.0071,PA,120.25,362.0,PELUCIA TIGRE 11314760,TUKA TOY
P16.0071,MT,120.25,362.0,PELUCIA TIGRE 11314760,TUKA TOY
P16.0072,GO,34.77,103.0,PELUCIA BRILHOSOS 0699116,TUKA TOY
P16.0072,TO,35.12,104.0,PELUCIA BRILHOSOS 0699116,TUKA TOY
P16.0072,PA,34.77,105.0,PELUCIA BRILHOSOS 0699116,TUKA TOY
P16.0072,MT,34.77,105.0,PELUCIA BRILHOSOS 0699116,TUKA TOY
P16.0073,GO,53.22,159.0,PELUCIA GALO H10053,TUKA TOY
P16.0073,TO,53.76,160.0,PELUCIA GALO H10053,TUKA TOY
P16.0073,PA,53.22,161.0,PELUCIA GALO H10053,TUKA TOY
P16.0073,MT,53.22,161.0,PELUCIA GALO H10053,TUKA TOY
P16.0074,GO,140.86,418.0,PELUCIA DINOSSAURO VTK6485,TUKA TOY
P16.0074,TO,142.27,419.0,PELUCIA DINOSSAURO VTK6485,TUKA TOY
P16.0074,PA,140.86,420.0,PELUCIA DINOSSAURO VTK6485,TUKA TOY
P16.0074,MT,140.86,420.0,PELUCIA DINOSSAURO VTK6485,TUKA TOY
P16.0075,GO,35.57,106.0,PELUCIA TIGRE 69939,TUKA TOY
P16.0075,TO,35.93,107.0,PELUCIA TIGRE 69939,TUKA TOY
P16.0075,PA,35.57,108.0,PELUCIA TIGRE 69939,TUKA TOY
P16.0075,MT,35.57,108.0,PELUCIA TIGRE 69939,TUKA TOY
P16.0076,GO,25.86,77.0,PELUCIA CACHORRO 332110026,TUKA TOY
P16.0076,TO,26.11,78.0,PELUCIA CACHORRO 332110026,TUKA TOY
P16.0076,PA,25.86,79.0,PELUCIA CACHORRO 332110026,TUKA TOY
P16.0076,MT,25.86,79.0,PELUCIA CACHORRO 332110026,TUKA TOY
P16.0077,GO,51.38,153.0,PELUCIA BRILHOSO 069994,TUKA TOY
P16.0077,TO,51.89,154.0,PELUCIA BRILHOSO 069994,TUKA TOY
P16.0077,PA,51.38,155.0,PELUCIA BRILHOSO 069994,TUKA TOY
P16.0077,MT,51.38,155.0,PELUCIA BRILHOSO 069994,TUKA TOY
P16.0078,GO,23.55,70.0,PELUCIA CACHORRO 66485325,TUKA TOY
P16.0078,TO,23.78,71.0,PELUCIA CACHORRO 66485325,TUKA TOY
P16.0078,PA,23.55,72.0,PELUCIA CACHORRO 66485325,TUKA TOY
P16.0078,MT,23.55,72.0,PELUCIA CACHORRO 66485325,TUKA TOY
P16.0079,GO,29.82,89.0,PELUCIA TIGRE 558031830,TUKA TOY
P16.0079,TO,30.12,90.0,PELUCIA TIGRE 558031830,TUKA TOY
P16.0079,PA,29.82,91.0,PELUCIA TIGRE 558031830,TUKA TOY
P16.0079,MT,29.82,91.0,PELUCIA TIGRE 558031830,TUKA TOY
K11.0057,GO,62.11,185.0,KIT DE UTENSILIOS DE SILICONE 12PCS OVERT,LION IMPORTS
K11.0057,TO,62.73,186.0,KIT DE UTENSILIOS DE SILICONE 12PCS OVERT,LION IMPORTS
K11.0057,PA,62.11,187.0,KIT DE UTENSILIOS DE SILICONE 12PCS OVERT,LION IMPORTS
K11.0057,MT,62.11,187.0,KIT DE UTENSILIOS DE SILICONE 12PCS OVERT,LION IMPORTS
K11.0058,GO,45.15,115.0,KIT GASTRONOMIA OVERT,LION IMPORTS
K11.0058,TO,45.6,115.0,KIT GASTRONOMIA OVERT,LION IMPORTS
K11.0058,PA,45.15,115.0,KIT GASTRONOMIA OVERT,LION IMPORTS
K11.0058,MT,45.15,115.0,KIT GASTRONOMIA OVERT,LION IMPORTS
T20.0187,GO,18.33,55.0,TESOURA MULTIUSO PROFISSIONAL OVERT,LION IMPORTS
T20.0187,TO,18.51,56.0,TESOURA MULTIUSO PROFISSIONAL OVERT,LION IMPORTS
T20.0187,PA,18.33,29.0,TESOURA MULTIUSO PROFISSIONAL OVERT,LION IMPORTS
T20.0187,MT,18.33,29.0,TESOURA MULTIUSO PROFISSIONAL OVERT,LION IMPORTS
P16.0080,GO,19.34,58.0,PELUCIA ELEFANTE G B60033,BANANA TOYS
P16.0080,TO,19.53,59.0,PELUCIA ELEFANTE G B60033,BANANA TOYS
P16.0080,PA,19.34,60.0,PELUCIA ELEFANTE G B60033,BANANA TOYS
P16.0080,MT,19.34,60.0,PELUCIA ELEFANTE G B60033,BANANA TOYS
P16.0081,GO,19.34,58.0,PELUCIA ELEFANTE NANA B60018,BANANA TOYS
P16.0081,TO,19.53,59.0,PELUCIA ELEFANTE NANA B60018,BANANA TOYS
P16.0081,PA,19.34,60.0,PELUCIA ELEFANTE NANA B60018,BANANA TOYS
P16.0081,MT,19.34,60.0,PELUCIA ELEFANTE NANA B60018,BANANA TOYS
G7.0017,GO,16.27,48.0,GRIP ACADEMIA MB8001,LUI ELETRONICOS
G7.0017,TO,16.44,26.0,GRIP ACADEMIA MB8001,LUI ELETRONICOS
G7.0017,PA,16.27,25.0,GRIP ACADEMIA MB8001,LUI ELETRONICOS
G7.0017,MT,16.27,25.0,GRIP ACADEMIA MB8001,LUI ELETRONICOS
M13.0029,GO,27.31,82.0,MAQUINA BARBA MBT400,LUI ELETRONICOS
M13.0029,TO,27.58,83.0,MAQUINA BARBA MBT400,LUI ELETRONICOS
M13.0029,PA,27.31,84.0,MAQUINA BARBA MBT400,LUI ELETRONICOS
M13.0029,MT,27.31,84.0,MAQUINA BARBA MBT400,LUI ELETRONICOS
M13.0030,GO,21.52,70.0,MAQUINA CABELO MBT300,LUI ELETRONICOS
M13.0030,TO,21.73,71.0,MAQUINA CABELO MBT300,LUI ELETRONICOS
M13.0030,PA,21.52,36.0,MAQUINA CABELO MBT300,LUI ELETRONICOS
M13.0030,MT,21.52,36.0,MAQUINA CABELO MBT300,LUI ELETRONICOS
C3.0297,GO,76.47,228.0,CHAPINHA DE CABELO,LUI ELETRONICOS
C3.0297,TO,77.24,123.0,CHAPINHA DE CABELO,LUI ELETRONICOS
C3.0297,PA,76.47,230.0,CHAPINHA DE CABELO,LUI ELETRONICOS
C3.0297,MT,76.47,230.0,CHAPINHA DE CABELO,LUI ELETRONICOS
E5.0009,GO,106.57,318.0,ESCOVA 2 EM 1,LUI ELETRONICOS
E5.0009,TO,107.64,172.0,ESCOVA 2 EM 1,LUI ELETRONICOS
E5.0009,PA,106.57,320.0,ESCOVA 2 EM 1,LUI ELETRONICOS
E5.0009,MT,106.57,320.0,ESCOVA 2 EM 1,LUI ELETRONICOS
R18.0011,GO,37.34,110.0,REFLETOR 120 LED SOLAR MB5006,LUI ELETRONICOS
R18.0011,TO,37.72,112.0,REFLETOR 120 LED SOLAR MB5006,LUI ELETRONICOS
R18.0011,PA,37.34,59.0,REFLETOR 120 LED SOLAR MB5006,LUI ELETRONICOS
R18.0011,MT,37.34,59.0,REFLETOR 120 LED SOLAR MB5006,LUI ELETRONICOS
M13.0031,GO,59.42,176.0,MINI AR ULTRA MB5029A,LUI ELETRONICOS
M13.0031,TO,60.01,178.0,MINI AR ULTRA MB5029A,LUI ELETRONICOS
M13.0031,PA,59.42,180.0,MINI AR ULTRA MB5029A,LUI ELETRONICOS
M13.0031,MT,59.42,180.0,MINI AR ULTRA MB5029A,LUI ELETRONICOS
M13.0032,GO,76.47,226.0,MICROFONE KARAOKE MB6011,LUI ELETRONICOS
M13.0032,TO,77.24,123.0,MICROFONE KARAOKE MB6011,LUI ELETRONICOS
M13.0032,PA,76.47,230.0,MICROFONE KARAOKE MB6011,LUI ELETRONICOS
M13.0032,MT,76.47,230.0,MICROFONE KARAOKE MB6011,LUI ELETRONICOS
M13.0033,GO,19.28,58.0,MINI TRIPE NEPHOO MB3005,0
M13.0033,TO,19.48,59.0,MINI TRIPE NEPHOO MB3005,0
M13.0033,PA,19.28,60.0,MINI TRIPE NEPHOO MB3005,0
M13.0033,MT,19.28,60.0,MINI TRIPE NEPHOO MB3005,0
P16.0082,GO,6.24,10.0,PET ESCOVA DE BANHO SILICONE,LUI ELETRONICOS
P16.0082,TO,6.3,11.0,PET ESCOVA DE BANHO SILICONE,LUI ELETRONICOS
P16.0082,PA,6.24,12.0,PET ESCOVA DE BANHO SILICONE,LUI ELETRONICOS
P16.0082,MT,6.24,12.0,PET ESCOVA DE BANHO SILICONE,LUI ELETRONICOS
C3.0293,GO,24.82,80.0,CAPA DE MAQUINA LONA,ALESSANDRA
C3.0293,TO,28.12,82.0,CAPA DE MAQUINA LONA,ALESSANDRA
C3.0293,PA,27.78,84.0,CAPA DE MAQUINA LONA,ALESSANDRA
C3.0293,MT,27.84,84.0,CAPA DE MAQUINA LONA,ALESSANDRA
C3.0258,GO,66.85,212.0,COOLER TERMICO 30 LATAS,PEDREIRA
C3.0258,TO,73.14,214.0,COOLER TERMICO 30 LATAS,PEDREIRA
C3.0258,PA,73.0,216.0,COOLER TERMICO 30 LATAS,PEDREIRA
C3.0258,MT,66.85,216.0,COOLER TERMICO 30 LATAS,PEDREIRA
K11.0059,GO,33.74,108.0,KIT POTE COLORS 2LT 6PCS,PEDREIRA
K11.0059,TO,34.08,110.0,KIT POTE COLORS 2LT 6PCS,PEDREIRA
K11.0059,PA,33.74,112.0,KIT POTE COLORS 2LT 6PCS,PEDREIRA
K11.0059,MT,33.74,112.0,KIT POTE COLORS 2LT 6PCS,PEDREIRA
K11.0060,GO,31.31,92.0,KIT POTE COLORS 2LT 5PCS,PEDREIRA
K11.0060,TO,31.62,94.0,KIT POTE COLORS 2LT 5PCS,PEDREIRA
K11.0060,PA,31.31,96.0,KIT POTE COLORS 2LT 5PCS,PEDREIRA
K11.0060,MT,31.31,96.0,KIT POTE COLORS 2LT 5PCS,PEDREIRA
K11.0061,GO,25.47,92.0,KIT POTE BLACK 2LT 5PCS,PEDREIRA
K11.0061,TO,25.72,94.0,KIT POTE BLACK 2LT 5PCS,PEDREIRA
K11.0061,PA,25.47,96.0,KIT POTE BLACK 2LT 5PCS,PEDREIRA
K11.0061,MT,25.47,96.0,KIT POTE BLACK 2LT 5PCS,PEDREIRA
K11.0062,GO,21.98,62.0,KIT POTE COLORS 1LT 5PCS,PEDREIRA
K11.0062,TO,22.2,64.0,KIT POTE COLORS 1LT 5PCS,PEDREIRA
K11.0062,PA,21.98,66.0,KIT POTE COLORS 1LT 5PCS,PEDREIRA
K11.0062,MT,21.98,66.0,KIT POTE COLORS 1LT 5PCS,PEDREIRA
T20.0185,GO,4.02,16.0,TIGELA MELANINA,ELO IMPORTS
T20.0185,TO,4.06,6.0,TIGELA MELANINA,ELO IMPORTS
T20.0185,PA,4.02,16.0,TIGELA MELANINA,ELO IMPORTS
T20.0185,MT,4.02,16.0,TIGELA MELANINA,ELO IMPORTS
B2.0027,GO,9.32,38.0,BOLA PETISQUEIRA COM SOM,ELO IMPORTS
B2.0027,TO,9.41,15.0,BOLA PETISQUEIRA COM SOM,ELO IMPORTS
B2.0027,PA,9.32,38.0,BOLA PETISQUEIRA COM SOM,ELO IMPORTS
B2.0027,MT,9.32,38.0,BOLA PETISQUEIRA COM SOM,ELO IMPORTS
B2.0028,GO,5.4,22.0,BOLA FUTEBOL LED,ELO IMPORTS
B2.0028,TO,5.46,9.0,BOLA FUTEBOL LED,ELO IMPORTS
B2.0028,PA,5.4,22.0,BOLA FUTEBOL LED,ELO IMPORTS
B2.0028,MT,5.4,22.0,BOLA FUTEBOL LED,ELO IMPORTS
C3.0292,GO,6.7,26.0,COCADINHA PARA GATO,ELO IMPORTS
C3.0292,TO,6.77,11.0,COCADINHA PARA GATO,ELO IMPORTS
C3.0292,PA,6.7,26.0,COCADINHA PARA GATO,ELO IMPORTS
C3.0292,MT,6.7,26.0,COCADINHA PARA GATO,ELO IMPORTS
T20.0186,GO,8.78,14.0,TAPETE OVAL PATINHA,ELO IMPORTS
T20.0186,TO,8.86,14.0,TAPETE OVAL PATINHA,ELO IMPORTS
T20.0186,PA,8.78,14.0,TAPETE OVAL PATINHA,ELO IMPORTS
T20.0186,MT,8.78,14.0,TAPETE OVAL PATINHA,ELO IMPORTS
G7.0016,GO,7.81,32.0,GRAMA HIGIENICA PETS,ELO IMPORTS
G7.0016,TO,7.89,13.0,GRAMA HIGIENICA PETS,ELO IMPORTS
G7.0016,PA,7.81,32.0,GRAMA HIGIENICA PETS,ELO IMPORTS
G7.0016,MT,7.81,32.0,GRAMA HIGIENICA PETS,ELO IMPORTS
M13.0028,GO,15.43,25.0,MACACO AMIGAO,ELO IMPORTS
M13.0028,TO,15.58,25.0,MACACO AMIGAO,ELO IMPORTS
M13.0028,PA,15.43,25.0,MACACO AMIGAO,ELO IMPORTS
M13.0028,MT,15.43,25.0,MACACO AMIGAO,ELO IMPORTS
C3.0298,GO,8.53,9.0,COSME COLA CILIOS MACRILAN CA002B,M R DA COSTA COSMETICOS
C3.0298,TO,8.61,31.0,COSME COLA CILIOS MACRILAN CA002B,M R DA COSTA COSMETICOS
C3.0298,PA,8.53,32.0,COSME COLA CILIOS MACRILAN CA002B,M R DA COSTA COSMETICOS
C3.0298,MT,8.53,32.0,COSME COLA CILIOS MACRILAN CA002B,M R DA COSTA COSMETICOS
C3.0299,GO,8.25,9.0,COSME PALETA DE SOMBRAS QUEEN CS2987,M R DA COSTA COSMETICOS
C3.0299,TO,8.33,30.0,COSME PALETA DE SOMBRAS QUEEN CS2987,M R DA COSTA COSMETICOS
C3.0299,PA,8.25,31.0,COSME PALETA DE SOMBRAS QUEEN CS2987,M R DA COSTA COSMETICOS
C3.0299,MT,8.25,31.0,COSME PALETA DE SOMBRAS QUEEN CS2987,M R DA COSTA COSMETICOS
C3.0300,GO,63.29,70.0,COSME KIT PINCEIS LUXE MACRILAN ED002,M R DA COSTA COSMETICOS
C3.0300,TO,63.92,221.0,COSME KIT PINCEIS LUXE MACRILAN ED002,M R DA COSTA COSMETICOS
C3.0300,PA,63.29,223.0,COSME KIT PINCEIS LUXE MACRILAN ED002,M R DA COSTA COSMETICOS
C3.0300,MT,63.29,223.0,COSME KIT PINCEIS LUXE MACRILAN ED002,M R DA COSTA COSMETICOS
C3.0301,GO,63.98,70.0,COSME KIT PINCEL DIAMOND MACRILAN ED003,M R DA COSTA COSMETICOS
C3.0301,TO,64.62,231.0,COSME KIT PINCEL DIAMOND MACRILAN ED003,M R DA COSTA COSMETICOS
C3.0301,PA,63.98,233.0,COSME KIT PINCEL DIAMOND MACRILAN ED003,M R DA COSTA COSMETICOS
C3.0301,MT,63.98,233.0,COSME KIT PINCEL DIAMOND MACRILAN ED003,M R DA COSTA COSMETICOS
C3.0302,GO,48.15,50.0,COSME KIT PINCEL ESSENCIALS MACRILAN ED012,M R DA COSTA COSMETICOS
C3.0302,TO,48.64,170.0,COSME KIT PINCEL ESSENCIALS MACRILAN ED012,M R DA COSTA COSMETICOS
C3.0302,PA,48.15,172.0,COSME KIT PINCEL ESSENCIALS MACRILAN ED012,M R DA COSTA COSMETICOS
C3.0302,MT,48.15,172.0,COSME KIT PINCEL ESSENCIALS MACRILAN ED012,M R DA COSTA COSMETICOS
C3.0303,GO,7.12,8.0,COSME QUARTETO ENJOY MEU ESTILO EQ4MV,M R DA COSTA COSMETICOS
C3.0303,TO,7.19,27.0,COSME QUARTETO ENJOY MEU ESTILO EQ4MV,M R DA COSTA COSMETICOS
C3.0303,PA,7.12,28.0,COSME QUARTETO ENJOY MEU ESTILO EQ4MV,M R DA COSTA COSMETICOS
C3.0303,MT,7.12,28.0,COSME QUARTETO ENJOY MEU ESTILO EQ4MV,M R DA COSTA COSMETICOS
C3.0304,GO,5.45,6.0,COSME LAPIS DELINIADOR PRETO FENEZZA FZ14001,M R DA COSTA COSMETICOS
C3.0304,TO,5.51,22.0,COSME LAPIS DELINIADOR PRETO FENEZZA FZ14001,M R DA COSTA COSMETICOS
C3.0304,PA,5.45,23.0,COSME LAPIS DELINIADOR PRETO FENEZZA FZ14001,M R DA COSTA COSMETICOS
C3.0304,MT,5.45,23.0,COSME LAPIS DELINIADOR PRETO FENEZZA FZ14001,M R DA COSTA COSMETICOS
C3.0305,GO,3.83,4.0,COSME BATOM MATTE FENEZZA FZ20042,M R DA COSTA COSMETICOS
C3.0305,TO,3.87,15.0,COSME BATOM MATTE FENEZZA FZ20042,M R DA COSTA COSMETICOS
C3.0305,PA,3.83,16.0,COSME BATOM MATTE FENEZZA FZ20042,M R DA COSTA COSMETICOS
C3.0305,MT,3.83,16.0,COSME BATOM MATTE FENEZZA FZ20042,M R DA COSTA COSMETICOS
C3.0306,GO,5.47,6.0,COSME SHOWER GEL SABONETE ROSA MOSQUETA FENEZZA FZ26015,M R DA COSTA COSMETICOS
C3.0306,TO,5.52,20.0,COSME SHOWER GEL SABONETE ROSA MOSQUETA FENEZZA FZ26015,M R DA COSTA COSMETICOS
C3.0306,PA,5.47,21.0,COSME SHOWER GEL SABONETE ROSA MOSQUETA FENEZZA FZ26015,M R DA COSTA COSMETICOS
C3.0306,MT,5.47,21.0,COSME SHOWER GEL SABONETE ROSA MOSQUETA FENEZZA FZ26015,M R DA COSTA COSMETICOS
C3.0307,GO,6.15,7.0,COSME HIDRATANTE ROSA MOSQUETA 30G FENEZZA FZ37082,M R DA COSTA COSMETICOS
C3.0307,TO,6.21,23.0,COSME HIDRATANTE ROSA MOSQUETA 30G FENEZZA FZ37082,M R DA COSTA COSMETICOS
C3.0307,PA,6.15,24.0,COSME HIDRATANTE ROSA MOSQUETA 30G FENEZZA FZ37082,M R DA COSTA COSMETICOS
C3.0307,MT,6.15,24.0,COSME HIDRATANTE ROSA MOSQUETA 30G FENEZZA FZ37082,M R DA COSTA COSMETICOS
C3.0308,GO,7.23,8.0,COSME GLOSS THICK LIPS 200 INCOLOR MAX LOVE,M R DA COSTA COSMETICOS
C3.0308,TO,7.31,27.0,COSME GLOSS THICK LIPS 200 INCOLOR MAX LOVE,M R DA COSTA COSMETICOS
C3.0308,PA,7.23,28.0,COSME GLOSS THICK LIPS 200 INCOLOR MAX LOVE,M R DA COSTA COSMETICOS
C3.0308,MT,7.23,28.0,COSME GLOSS THICK LIPS 200 INCOLOR MAX LOVE,M R DA COSTA COSMETICOS
C3.0309,GO,10.22,11.0,COSME MASCARA CILIOS TROPICO RUBY ROSE HB500,M R DA COSTA COSMETICOS
C3.0309,TO,10.32,37.0,COSME MASCARA CILIOS TROPICO RUBY ROSE HB500,M R DA COSTA COSMETICOS
C3.0309,PA,10.22,38.0,COSME MASCARA CILIOS TROPICO RUBY ROSE HB500,M R DA COSTA COSMETICOS
C3.0309,MT,10.22,38.0,COSME MASCARA CILIOS TROPICO RUBY ROSE HB500,M R DA COSTA COSMETICOS
C3.0310,GO,9.99,11.0,COSME BLUSH ME HERRY LYRICS HB101973,M R DA COSTA COSMETICOS
C3.0310,TO,10.09,35.0,COSME BLUSH ME HERRY LYRICS HB101973,M R DA COSTA COSMETICOS
C3.0310,PA,9.99,36.0,COSME BLUSH ME HERRY LYRICS HB101973,M R DA COSTA COSMETICOS
C3.0310,MT,9.99,36.0,COSME BLUSH ME HERRY LYRICS HB101973,M R DA COSTA COSMETICOS
C3.0311,GO,49.15,50.0,COSME KIT PINCEL MACRILAN KP91A,M R DA COSTA COSMETICOS
C3.0311,TO,49.64,174.0,COSME KIT PINCEL MACRILAN KP91A,M R DA COSTA COSMETICOS
C3.0311,PA,49.15,176.0,COSME KIT PINCEL MACRILAN KP91A,M R DA COSTA COSMETICOS
C3.0311,MT,49.15,176.0,COSME KIT PINCEL MACRILAN KP91A,M R DA COSTA COSMETICOS
C3.0312,GO,34.13,35.0,COSME KIT PINCEL MACRILAN KP94,M R DA COSTA COSMETICOS
C3.0312,TO,34.48,124.0,COSME KIT PINCEL MACRILAN KP94,M R DA COSTA COSMETICOS
C3.0312,PA,34.13,126.0,COSME KIT PINCEL MACRILAN KP94,M R DA COSTA COSMETICOS
C3.0312,MT,34.13,126.0,COSME KIT PINCEL MACRILAN KP94,M R DA COSTA COSMETICOS
C3.0313,GO,4.51,5.0,COSME LENCO DEMAQ COLAGENO PESSEGO LDSP01,M R DA COSTA COSMETICOS
C3.0313,TO,4.56,17.0,COSME LENCO DEMAQ COLAGENO PESSEGO LDSP01,M R DA COSTA COSMETICOS
C3.0313,PA,4.51,18.0,COSME LENCO DEMAQ COLAGENO PESSEGO LDSP01,M R DA COSTA COSMETICOS
C3.0313,MT,4.51,18.0,COSME LENCO DEMAQ COLAGENO PESSEGO LDSP01,M R DA COSTA COSMETICOS
C3.0314,GO,4.51,5.0,COSME LENCO DEMAQ 3 EM 1 LDSP04,M R DA COSTA COSMETICOS
C3.0314,TO,4.56,17.0,COSME LENCO DEMAQ 3 EM 1 LDSP04,M R DA COSTA COSMETICOS
C3.0314,PA,4.51,18.0,COSME LENCO DEMAQ 3 EM 1 LDSP04,M R DA COSTA COSMETICOS
C3.0314,MT,4.51,18.0,COSME LENCO DEMAQ 3 EM 1 LDSP04,M R DA COSTA COSMETICOS
C3.0315,GO,7.3,8.0,COSME SOMBRA LIQUIDA GLITTER LUA E NEVE LN02026,M R DA COSTA COSMETICOS
C3.0315,TO,7.37,27.0,COSME SOMBRA LIQUIDA GLITTER LUA E NEVE LN02026,M R DA COSTA COSMETICOS
C3.0315,PA,7.3,28.0,COSME SOMBRA LIQUIDA GLITTER LUA E NEVE LN02026,M R DA COSTA COSMETICOS
C3.0315,MT,7.3,28.0,COSME SOMBRA LIQUIDA GLITTER LUA E NEVE LN02026,M R DA COSTA COSMETICOS
C3.0316,GO,6.78,7.0,COSME MASCARA CILIOS LUA E NEVE LN02080,M R DA COSTA COSMETICOS
C3.0316,TO,6.85,25.0,COSME MASCARA CILIOS LUA E NEVE LN02080,M R DA COSTA COSMETICOS
C3.0316,PA,6.78,26.0,COSME MASCARA CILIOS LUA E NEVE LN02080,M R DA COSTA COSMETICOS
C3.0316,MT,6.78,26.0,COSME MASCARA CILIOS LUA E NEVE LN02080,M R DA COSTA COSMETICOS
C3.0317,GO,7.09,8.0,COSME CANETA DELINEADORA SEREIA LUA E NEVE LN02147,M R DA COSTA COSMETICOS
C3.0317,TO,7.16,27.0,COSME CANETA DELINEADORA SEREIA LUA E NEVE LN02147,M R DA COSTA COSMETICOS
C3.0317,PA,7.09,28.0,COSME CANETA DELINEADORA SEREIA LUA E NEVE LN02147,M R DA COSTA COSMETICOS
C3.0317,MT,7.09,28.0,COSME CANETA DELINEADORA SEREIA LUA E NEVE LN02147,M R DA COSTA COSMETICOS
C3.0318,GO,4.19,5.0,COSME UNHAS POSTICAS FACK NAIL LUA221034,M R DA COSTA COSMETICOS
C3.0318,TO,4.23,17.0,COSME UNHAS POSTICAS FACK NAIL LUA221034,M R DA COSTA COSMETICOS
C3.0318,PA,4.19,18.0,COSME UNHAS POSTICAS FACK NAIL LUA221034,M R DA COSTA COSMETICOS
C3.0318,MT,4.19,18.0,COSME UNHAS POSTICAS FACK NAIL LUA221034,M R DA COSTA COSMETICOS
C3.0319,GO,8.23,9.0,COSME MASCARA UNICORNIO ALONGA SAFIRA UN3MASCL24,M R DA COSTA COSMETICOS
C3.0319,TO,8.31,29.0,COSME MASCARA UNICORNIO ALONGA SAFIRA UN3MASCL24,M R DA COSTA COSMETICOS
C3.0319,PA,8.23,30.0,COSME MASCARA UNICORNIO ALONGA SAFIRA UN3MASCL24,M R DA COSTA COSMETICOS
C3.0319,MT,8.23,30.0,COSME MASCARA UNICORNIO ALONGA SAFIRA UN3MASCL24,M R DA COSTA COSMETICOS
C3.0320,GO,1.93,2.0,COSME BRILHO LABIAL SEREIA MARIA PINK MP10011,M R DA COSTA COSMETICOS
C3.0320,TO,1.95,9.0,COSME BRILHO LABIAL SEREIA MARIA PINK MP10011,M R DA COSTA COSMETICOS
C3.0320,PA,1.93,10.0,COSME BRILHO LABIAL SEREIA MARIA PINK MP10011,M R DA COSTA COSMETICOS
C3.0320,MT,1.93,10.0,COSME BRILHO LABIAL SEREIA MARIA PINK MP10011,M R DA COSTA COSMETICOS
C3.0321,GO,1.93,2.0,COSME BRILHO LABIAL UNICORNIO MARIA PINK P100112,M R DA COSTA COSMETICOS
C3.0321,TO,1.95,9.0,COSME BRILHO LABIAL UNICORNIO MARIA PINK P100112,M R DA COSTA COSMETICOS
C3.0321,PA,1.93,10.0,COSME BRILHO LABIAL UNICORNIO MARIA PINK P100112,M R DA COSTA COSMETICOS
C3.0321,MT,1.93,10.0,COSME BRILHO LABIAL UNICORNIO MARIA PINK P100112,M R DA COSTA COSMETICOS
C3.0322,GO,16.51,17.0,COSME SEREIA SOMBRA E BATOM INFANTIL SWEET MISSY MP10013,M R DA COSTA COSMETICOS
C3.0322,TO,16.68,59.0,COSME SEREIA SOMBRA E BATOM INFANTIL SWEET MISSY MP10013,M R DA COSTA COSMETICOS
C3.0322,PA,16.51,60.0,COSME SEREIA SOMBRA E BATOM INFANTIL SWEET MISSY MP10013,M R DA COSTA COSMETICOS
C3.0322,MT,16.51,60.0,COSME SEREIA SOMBRA E BATOM INFANTIL SWEET MISSY MP10013,M R DA COSTA COSMETICOS
C3.0323,GO,16.51,17.0,COSME SORVETE SOMBRA E BATOM INFANTIL SWEET MISSY MP10014,M R DA COSTA COSMETICOS
C3.0323,TO,16.68,59.0,COSME SORVETE SOMBRA E BATOM INFANTIL SWEET MISSY MP10014,M R DA COSTA COSMETICOS
C3.0323,PA,16.51,60.0,COSME SORVETE SOMBRA E BATOM INFANTIL SWEET MISSY MP10014,M R DA COSTA COSMETICOS
C3.0323,MT,16.51,60.0,COSME SORVETE SOMBRA E BATOM INFANTIL SWEET MISSY MP10014,M R DA COSTA COSMETICOS
C3.0324,GO,16.51,17.0,COSME CUPCAKE SOMBRA E BATOM INFANTIL SWEET MISSY MP10022,M R DA COSTA COSMETICOS
C3.0324,TO,16.68,59.0,COSME CUPCAKE SOMBRA E BATOM INFANTIL SWEET MISSY MP10022,M R DA COSTA COSMETICOS
C3.0324,PA,16.51,60.0,COSME CUPCAKE SOMBRA E BATOM INFANTIL SWEET MISSY MP10022,M R DA COSTA COSMETICOS
C3.0324,MT,16.51,60.0,COSME CUPCAKE SOMBRA E BATOM INFANTIL SWEET MISSY MP10022,M R DA COSTA COSMETICOS
C3.0325,GO,3.89,5.0,COSME PO COMPACTO ALL DAY VIVAI 104611,M R DA COSTA COSMETICOS
C3.0325,TO,3.93,25.0,COSME PO COMPACTO ALL DAY VIVAI 104611,M R DA COSTA COSMETICOS
C3.0325,PA,3.89,26.0,COSME PO COMPACTO ALL DAY VIVAI 104611,M R DA COSTA COSMETICOS
C3.0325,MT,3.89,26.0,COSME PO COMPACTO ALL DAY VIVAI 104611,M R DA COSTA COSMETICOS
C3.0326,GO,6.85,7.0,COSME CORRETIVO NUDE VIVAI 108011,M R DA COSTA COSMETICOS
C3.0326,TO,6.92,25.0,COSME CORRETIVO NUDE VIVAI 108011,M R DA COSTA COSMETICOS
C3.0326,PA,6.85,26.0,COSME CORRETIVO NUDE VIVAI 108011,M R DA COSTA COSMETICOS
C3.0326,MT,6.85,26.0,COSME CORRETIVO NUDE VIVAI 108011,M R DA COSTA COSMETICOS
C3.0327,GO,9.76,10.0,COSME TRIO ILUMINADOR REAL GLOW FENEZZA 12FZ30024,M R DA COSTA COSMETICOS
C3.0327,TO,9.86,35.0,COSME TRIO ILUMINADOR REAL GLOW FENEZZA 12FZ30024,M R DA COSTA COSMETICOS
C3.0327,PA,9.76,36.0,COSME TRIO ILUMINADOR REAL GLOW FENEZZA 12FZ30024,M R DA COSTA COSMETICOS
C3.0327,MT,9.76,36.0,COSME TRIO ILUMINADOR REAL GLOW FENEZZA 12FZ30024,M R DA COSTA COSMETICOS
C3.0328,GO,9.74,10.0,COSME TRIO BLUSH MOULIN ROUGE FENEZZA 12FZ32012,M R DA COSTA COSMETICOS
C3.0328,TO,9.84,35.0,COSME TRIO BLUSH MOULIN ROUGE FENEZZA 12FZ32012,M R DA COSTA COSMETICOS
C3.0328,PA,9.74,36.0,COSME TRIO BLUSH MOULIN ROUGE FENEZZA 12FZ32012,M R DA COSTA COSMETICOS
C3.0328,MT,9.74,36.0,COSME TRIO BLUSH MOULIN ROUGE FENEZZA 12FZ32012,M R DA COSTA COSMETICOS
C3.0329,GO,3.97,5.0,COSME SABONETE PRIMER PRE MAKE 100ML PMSP01,M R DA COSTA COSMETICOS
C3.0329,TO,4.01,17.0,COSME SABONETE PRIMER PRE MAKE 100ML PMSP01,M R DA COSTA COSMETICOS
C3.0329,PA,3.97,18.0,COSME SABONETE PRIMER PRE MAKE 100ML PMSP01,M R DA COSTA COSMETICOS
C3.0329,MT,3.97,18.0,COSME SABONETE PRIMER PRE MAKE 100ML PMSP01,M R DA COSTA COSMETICOS
C3.0330,GO,6.49,7.0,COSME ILUMINADOR ILUME COLORS VIVAI 304911,M R DA COSTA COSMETICOS
C3.0330,TO,6.55,24.0,COSME ILUMINADOR ILUME COLORS VIVAI 304911,M R DA COSTA COSMETICOS
C3.0330,PA,6.49,25.0,COSME ILUMINADOR ILUME COLORS VIVAI 304911,M R DA COSTA COSMETICOS
C3.0330,MT,6.49,25.0,COSME ILUMINADOR ILUME COLORS VIVAI 304911,M R DA COSTA COSMETICOS
C3.0331,GO,6.58,7.0,COSME BRILHO LABIAL SOS BOCAO VIVAI 302511,M R DA COSTA COSMETICOS
C3.0331,TO,6.65,24.0,COSME BRILHO LABIAL SOS BOCAO VIVAI 302511,M R DA COSTA COSMETICOS
C3.0331,PA,6.58,25.0,COSME BRILHO LABIAL SOS BOCAO VIVAI 302511,M R DA COSTA COSMETICOS
C3.0331,MT,6.58,25.0,COSME BRILHO LABIAL SOS BOCAO VIVAI 302511,M R DA COSTA COSMETICOS
C3.0332,GO,6.42,7.0,COSME DEMAQUILANTE MICELAR  REFRESH MIAMAKE 303,M R DA COSTA COSMETICOS
C3.0332,TO,6.49,24.0,COSME DEMAQUILANTE MICELAR  REFRESH MIAMAKE 303,M R DA COSTA COSMETICOS
C3.0332,PA,6.42,25.0,COSME DEMAQUILANTE MICELAR  REFRESH MIAMAKE 303,M R DA COSTA COSMETICOS
C3.0332,MT,6.42,25.0,COSME DEMAQUILANTE MICELAR  REFRESH MIAMAKE 303,M R DA COSTA COSMETICOS
C3.0333,GO,5.38,6.0,COSME GLOSS BORBOLETINHA VIVAI 304911,M R DA COSTA COSMETICOS
C3.0333,TO,5.44,20.0,COSME GLOSS BORBOLETINHA VIVAI 304911,M R DA COSTA COSMETICOS
C3.0333,PA,5.38,21.0,COSME GLOSS BORBOLETINHA VIVAI 304911,M R DA COSTA COSMETICOS
C3.0333,MT,5.38,21.0,COSME GLOSS BORBOLETINHA VIVAI 304911,M R DA COSTA COSMETICOS
C3.0334,GO,5.87,6.0,COSME PO BANANA MISS ROSE 9011700B,M R DA COSTA COSMETICOS
C3.0334,TO,5.93,22.0,COSME PO BANANA MISS ROSE 9011700B,M R DA COSTA COSMETICOS
C3.0334,PA,5.87,23.0,COSME PO BANANA MISS ROSE 9011700B,M R DA COSTA COSMETICOS
C3.0334,MT,5.87,23.0,COSME PO BANANA MISS ROSE 9011700B,M R DA COSTA COSMETICOS
C3.0335,GO,5.95,7.0,COSME BATOM LIQUIDO MATTE BELEL ANGEL B079A,M R DA COSTA COSMETICOS
C3.0335,TO,6.01,22.0,COSME BATOM LIQUIDO MATTE BELEL ANGEL B079A,M R DA COSTA COSMETICOS
C3.0335,PA,5.95,23.0,COSME BATOM LIQUIDO MATTE BELEL ANGEL B079A,M R DA COSTA COSMETICOS
C3.0335,MT,5.95,23.0,COSME BATOM LIQUIDO MATTE BELEL ANGEL B079A,M R DA COSTA COSMETICOS
C3.0336,GO,15.31,16.0,COSME SOMBRA BELLE ANGEL B105,M R DA COSTA COSMETICOS
C3.0336,TO,15.46,55.0,COSME SOMBRA BELLE ANGEL B105,M R DA COSTA COSMETICOS
C3.0336,PA,15.31,56.0,COSME SOMBRA BELLE ANGEL B105,M R DA COSTA COSMETICOS
C3.0336,MT,15.31,56.0,COSME SOMBRA BELLE ANGEL B105,M R DA COSTA COSMETICOS
C3.0337,GO,8.87,9.0,COSME BASE LIQUIDA MATTE BELLE ANGEL B110,M R DA COSTA COSMETICOS
C3.0337,TO,8.96,33.0,COSME BASE LIQUIDA MATTE BELLE ANGEL B110,M R DA COSTA COSMETICOS
C3.0337,PA,8.87,34.0,COSME BASE LIQUIDA MATTE BELLE ANGEL B110,M R DA COSTA COSMETICOS
C3.0337,MT,8.87,34.0,COSME BASE LIQUIDA MATTE BELLE ANGEL B110,M R DA COSTA COSMETICOS
C3.0338,GO,7.48,8.0,COSME BATOM LIQUIDO 30 HRS NUDE MAX LOVE 662 667,M R DA COSTA COSMETICOS
C3.0338,TO,7.56,27.0,COSME BATOM LIQUIDO 30 HRS NUDE MAX LOVE 662 667,M R DA COSTA COSMETICOS
C3.0338,PA,7.48,28.0,COSME BATOM LIQUIDO 30 HRS NUDE MAX LOVE 662 667,M R DA COSTA COSMETICOS
C3.0338,MT,7.48,28.0,COSME BATOM LIQUIDO 30 HRS NUDE MAX LOVE 662 667,M R DA COSTA COSMETICOS
C3.0339,GO,7.48,8.0,COSME BATOM LIQUIDO MATTE 30 HRS MAX LOVE MAX LOVE 600 605,M R DA COSTA COSMETICOS
C3.0339,TO,7.56,27.0,COSME BATOM LIQUIDO MATTE 30 HRS MAX LOVE MAX LOVE 600 605,M R DA COSTA COSMETICOS
C3.0339,PA,7.48,28.0,COSME BATOM LIQUIDO MATTE 30 HRS MAX LOVE MAX LOVE 600 605,M R DA COSTA COSMETICOS
C3.0339,MT,7.48,28.0,COSME BATOM LIQUIDO MATTE 30 HRS MAX LOVE MAX LOVE 600 605,M R DA COSTA COSMETICOS
C3.0340,GO,7.26,8.0,COSME BASE LIQUIDA FENEZZA BE64,M R DA COSTA COSMETICOS
C3.0340,TO,7.33,27.0,COSME BASE LIQUIDA FENEZZA BE64,M R DA COSTA COSMETICOS
C3.0340,PA,7.26,28.0,COSME BASE LIQUIDA FENEZZA BE64,M R DA COSTA COSMETICOS
C3.0340,MT,7.26,28.0,COSME BASE LIQUIDA FENEZZA BE64,M R DA COSTA COSMETICOS
C3.0341,GO,1.43,2.0,COSME LAPIS MARROM BELLA FEMME BF10002,M R DA COSTA COSMETICOS
C3.0341,TO,1.44,7.0,COSME LAPIS MARROM BELLA FEMME BF10002,M R DA COSTA COSMETICOS
C3.0341,PA,1.43,8.0,COSME LAPIS MARROM BELLA FEMME BF10002,M R DA COSTA COSMETICOS
C3.0341,MT,1.43,8.0,COSME LAPIS MARROM BELLA FEMME BF10002,M R DA COSTA COSMETICOS
C3.0342,GO,1.47,2.0,COSME LAPIS ONCA PRETO BELLA FEMME BF10019,M R DA COSTA COSMETICOS
C3.0342,TO,1.49,7.0,COSME LAPIS ONCA PRETO BELLA FEMME BF10019,M R DA COSTA COSMETICOS
C3.0342,PA,1.47,8.0,COSME LAPIS ONCA PRETO BELLA FEMME BF10019,M R DA COSTA COSMETICOS
C3.0342,MT,1.47,8.0,COSME LAPIS ONCA PRETO BELLA FEMME BF10019,M R DA COSTA COSMETICOS
C3.0343,GO,9.65,10.0,COSME MASCARA 2 EM 1 BELLA FEMME BF10046,M R DA COSTA COSMETICOS
C3.0343,TO,9.74,35.0,COSME MASCARA 2 EM 1 BELLA FEMME BF10046,M R DA COSTA COSMETICOS
C3.0343,PA,9.65,36.0,COSME MASCARA 2 EM 1 BELLA FEMME BF10046,M R DA COSTA COSMETICOS
C3.0343,MT,9.65,36.0,COSME MASCARA 2 EM 1 BELLA FEMME BF10046,M R DA COSTA COSMETICOS
C3.0344,GO,5.07,5.0,COSME LAPIS DE OLHO NEON BOLT BELLA FEMME BF10094,M R DA COSTA COSMETICOS
C3.0344,TO,5.12,19.0,COSME LAPIS DE OLHO NEON BOLT BELLA FEMME BF10094,M R DA COSTA COSMETICOS
C3.0344,PA,5.07,20.0,COSME LAPIS DE OLHO NEON BOLT BELLA FEMME BF10094,M R DA COSTA COSMETICOS
C3.0344,MT,5.07,20.0,COSME LAPIS DE OLHO NEON BOLT BELLA FEMME BF10094,M R DA COSTA COSMETICOS
C3.0345,GO,7.27,8.0,COSME MASCARA CILIOS NEON BOLT BELLA FEMME BF10095,M R DA COSTA COSMETICOS
C3.0345,TO,7.34,27.0,COSME MASCARA CILIOS NEON BOLT BELLA FEMME BF10095,M R DA COSTA COSMETICOS
C3.0345,PA,7.27,28.0,COSME MASCARA CILIOS NEON BOLT BELLA FEMME BF10095,M R DA COSTA COSMETICOS
C3.0345,MT,7.27,28.0,COSME MASCARA CILIOS NEON BOLT BELLA FEMME BF10095,M R DA COSTA COSMETICOS
C3.0346,GO,13.84,14.0,COSME PALETA DE SOMBRAS NEON BOLT BELLA FEMME BF10097,M R DA COSTA COSMETICOS
C3.0346,TO,13.98,49.0,COSME PALETA DE SOMBRAS NEON BOLT BELLA FEMME BF10097,M R DA COSTA COSMETICOS
C3.0346,PA,13.84,50.0,COSME PALETA DE SOMBRAS NEON BOLT BELLA FEMME BF10097,M R DA COSTA COSMETICOS
C3.0346,MT,13.84,50.0,COSME PALETA DE SOMBRAS NEON BOLT BELLA FEMME BF10097,M R DA COSTA COSMETICOS
C3.0347,GO,7.72,8.0,COSME BATOM 2 EM 1 MATTE BELLA FEMME BF10099,M R DA COSTA COSMETICOS
C3.0347,TO,7.8,29.0,COSME BATOM 2 EM 1 MATTE BELLA FEMME BF10099,M R DA COSTA COSMETICOS
C3.0347,PA,7.72,30.0,COSME BATOM 2 EM 1 MATTE BELLA FEMME BF10099,M R DA COSTA COSMETICOS
C3.0347,MT,7.72,30.0,COSME BATOM 2 EM 1 MATTE BELLA FEMME BF10099,M R DA COSTA COSMETICOS
C3.0348,GO,4.78,5.0,COSME BLUSH FENEZZA BS03,M R DA COSTA COSMETICOS
C3.0348,TO,4.83,19.0,COSME BLUSH FENEZZA BS03,M R DA COSTA COSMETICOS
C3.0348,PA,4.78,20.0,COSME BLUSH FENEZZA BS03,M R DA COSTA COSMETICOS
C3.0348,MT,4.78,20.0,COSME BLUSH FENEZZA BS03,M R DA COSTA COSMETICOS
C3.0349,GO,8.53,9.0,COSME COLA CILIOS TRANSPARENTE MACRILAN CA001B,M R DA COSTA COSMETICOS
C3.0349,TO,8.61,31.0,COSME COLA CILIOS TRANSPARENTE MACRILAN CA001B,M R DA COSTA COSMETICOS
C3.0349,PA,8.53,32.0,COSME COLA CILIOS TRANSPARENTE MACRILAN CA001B,M R DA COSTA COSMETICOS
C3.0349,MT,8.53,32.0,COSME COLA CILIOS TRANSPARENTE MACRILAN CA001B,M R DA COSTA COSMETICOS
C3.0350,GO,16.51,17.0,COSME NARVAL SOMBRA E BATOM INFANTILDWEET MISSY MP10023,M R DA COSTA COSMETICOS
C3.0350,TO,16.68,57.0,COSME NARVAL SOMBRA E BATOM INFANTILDWEET MISSY MP10023,M R DA COSTA COSMETICOS
C3.0350,PA,16.51,58.0,COSME NARVAL SOMBRA E BATOM INFANTILDWEET MISSY MP10023,M R DA COSTA COSMETICOS
C3.0350,MT,16.51,58.0,COSME NARVAL SOMBRA E BATOM INFANTILDWEET MISSY MP10023,M R DA COSTA COSMETICOS
C3.0351,GO,16.51,17.0,COSME PANDA SOMBRA E BATOM INFANTIL SWEET MISSY MP10024,M R DA COSTA COSMETICOS
C3.0351,TO,16.68,57.0,COSME PANDA SOMBRA E BATOM INFANTIL SWEET MISSY MP10024,M R DA COSTA COSMETICOS
C3.0351,PA,16.51,58.0,COSME PANDA SOMBRA E BATOM INFANTIL SWEET MISSY MP10024,M R DA COSTA COSMETICOS
C3.0351,MT,16.51,58.0,COSME PANDA SOMBRA E BATOM INFANTIL SWEET MISSY MP10024,M R DA COSTA COSMETICOS
C3.0352,GO,7.72,8.0,COSME BRILHO LABIAL MORANGO MARIA PINK MP10025,M R DA COSTA COSMETICOS
C3.0352,TO,7.8,29.0,COSME BRILHO LABIAL MORANGO MARIA PINK MP10025,M R DA COSTA COSMETICOS
C3.0352,PA,7.72,30.0,COSME BRILHO LABIAL MORANGO MARIA PINK MP10025,M R DA COSTA COSMETICOS
C3.0352,MT,7.72,30.0,COSME BRILHO LABIAL MORANGO MARIA PINK MP10025,M R DA COSTA COSMETICOS
C3.0353,GO,6.24,7.0,COSME FIXADOR DE MAQUIAGEM MISS ROSE MR004,M R DA COSTA COSMETICOS
C3.0353,TO,6.3,23.0,COSME FIXADOR DE MAQUIAGEM MISS ROSE MR004,M R DA COSTA COSMETICOS
C3.0353,PA,6.24,24.0,COSME FIXADOR DE MAQUIAGEM MISS ROSE MR004,M R DA COSTA COSMETICOS
C3.0353,MT,6.24,24.0,COSME FIXADOR DE MAQUIAGEM MISS ROSE MR004,M R DA COSTA COSMETICOS
C3.0354,GO,9.29,10.0,COSME PALETA DE CONTORNO TAKE ME TO SEA MY LIFE MY8284,M R DA COSTA COSMETICOS
C3.0354,TO,9.39,35.0,COSME PALETA DE CONTORNO TAKE ME TO SEA MY LIFE MY8284,M R DA COSTA COSMETICOS
C3.0354,PA,9.29,36.0,COSME PALETA DE CONTORNO TAKE ME TO SEA MY LIFE MY8284,M R DA COSTA COSMETICOS
C3.0354,MT,9.29,36.0,COSME PALETA DE CONTORNO TAKE ME TO SEA MY LIFE MY8284,M R DA COSTA COSMETICOS
C3.0355,GO,10.4,11.0,COSME PO TRANSLUCIDO PLAYBOY PB1033,M R DA COSTA COSMETICOS
C3.0355,TO,10.51,39.0,COSME PO TRANSLUCIDO PLAYBOY PB1033,M R DA COSTA COSMETICOS
C3.0355,PA,10.4,40.0,COSME PO TRANSLUCIDO PLAYBOY PB1033,M R DA COSTA COSMETICOS
C3.0355,MT,10.4,40.0,COSME PO TRANSLUCIDO PLAYBOY PB1033,M R DA COSTA COSMETICOS
C3.0356,GO,9.92,10.0,COSME PROGRESSIVA DE CHUVEIRO 100 ML PCSP01,M R DA COSTA COSMETICOS
C3.0356,TO,10.02,37.0,COSME PROGRESSIVA DE CHUVEIRO 100 ML PCSP01,M R DA COSTA COSMETICOS
C3.0356,PA,9.92,38.0,COSME PROGRESSIVA DE CHUVEIRO 100 ML PCSP01,M R DA COSTA COSMETICOS
C3.0356,MT,9.92,38.0,COSME PROGRESSIVA DE CHUVEIRO 100 ML PCSP01,M R DA COSTA COSMETICOS
C3.0357,GO,10.41,11.0,COSME PO DA NOIVA DIGA SIM PNMV,M R DA COSTA COSMETICOS
C3.0357,TO,10.52,39.0,COSME PO DA NOIVA DIGA SIM PNMV,M R DA COSTA COSMETICOS
C3.0357,PA,10.41,40.0,COSME PO DA NOIVA DIGA SIM PNMV,M R DA COSTA COSMETICOS
C3.0357,MT,10.41,40.0,COSME PO DA NOIVA DIGA SIM PNMV,M R DA COSTA COSMETICOS
C3.0358,GO,5.95,6.0,COSME PRIMER HD 30ML MAX LOVE,M R DA COSTA COSMETICOS
C3.0358,TO,6.01,23.0,COSME PRIMER HD 30ML MAX LOVE,M R DA COSTA COSMETICOS
C3.0358,PA,5.95,24.0,COSME PRIMER HD 30ML MAX LOVE,M R DA COSTA COSMETICOS
C3.0358,MT,5.95,24.0,COSME PRIMER HD 30ML MAX LOVE,M R DA COSTA COSMETICOS
C3.0359,GO,4.89,5.0,COSME ESPONJAS CORACAO SM15513351,M R DA COSTA COSMETICOS
C3.0359,TO,4.94,21.0,COSME ESPONJAS CORACAO SM15513351,M R DA COSTA COSMETICOS
C3.0359,PA,4.89,22.0,COSME ESPONJAS CORACAO SM15513351,M R DA COSTA COSMETICOS
C3.0359,MT,4.89,22.0,COSME ESPONJAS CORACAO SM15513351,M R DA COSTA COSMETICOS
C3.0360,GO,3.08,4.0,COSME LIP TINT SP PODERES SPT02,M R DA COSTA COSMETICOS
C3.0360,TO,3.11,13.0,COSME LIP TINT SP PODERES SPT02,M R DA COSTA COSMETICOS
C3.0360,PA,3.08,14.0,COSME LIP TINT SP PODERES SPT02,M R DA COSTA COSMETICOS
C3.0360,MT,3.08,14.0,COSME LIP TINT SP PODERES SPT02,M R DA COSTA COSMETICOS
C3.0361,GO,6.99,7.0,COSME UNHAS POSTICAS TALKLEE ST221 011,M R DA COSTA COSMETICOS
C3.0361,TO,7.06,27.0,COSME UNHAS POSTICAS TALKLEE ST221 011,M R DA COSTA COSMETICOS
C3.0361,PA,6.99,28.0,COSME UNHAS POSTICAS TALKLEE ST221 011,M R DA COSTA COSMETICOS
C3.0361,MT,6.99,28.0,COSME UNHAS POSTICAS TALKLEE ST221 011,M R DA COSTA COSMETICOS
C3.0362,GO,7.58,8.0,COSME KIT PINCEL ST2222252,M R DA COSTA COSMETICOS
C3.0362,TO,7.65,29.0,COSME KIT PINCEL ST2222252,M R DA COSTA COSMETICOS
C3.0362,PA,7.58,30.0,COSME KIT PINCEL ST2222252,M R DA COSTA COSMETICOS
C3.0362,MT,7.58,30.0,COSME KIT PINCEL ST2222252,M R DA COSTA COSMETICOS
C3.0363,GO,2.57,3.0,COSME UNHAS POSTICAS LULU BEAUTY ST22223211 15,M R DA COSTA COSMETICOS
C3.0363,TO,2.59,11.0,COSME UNHAS POSTICAS LULU BEAUTY ST22223211 15,M R DA COSTA COSMETICOS
C3.0363,PA,2.57,12.0,COSME UNHAS POSTICAS LULU BEAUTY ST22223211 15,M R DA COSTA COSMETICOS
C3.0363,MT,2.57,12.0,COSME UNHAS POSTICAS LULU BEAUTY ST22223211 15,M R DA COSTA COSMETICOS
C3.0364,GO,2.57,3.0,COSME UNHAS POSTICAS GLAM FANTASY ST22223212,M R DA COSTA COSMETICOS
C3.0364,TO,2.59,11.0,COSME UNHAS POSTICAS GLAM FANTASY ST22223212,M R DA COSTA COSMETICOS
C3.0364,PA,2.57,12.0,COSME UNHAS POSTICAS GLAM FANTASY ST22223212,M R DA COSTA COSMETICOS
C3.0364,MT,2.57,12.0,COSME UNHAS POSTICAS GLAM FANTASY ST22223212,M R DA COSTA COSMETICOS
C3.0365,GO,3.71,4.0,COSME LIP GLOSS COCA ANY COLOR 1809,M R DA COSTA COSMETICOS
C3.0365,TO,3.74,15.0,COSME LIP GLOSS COCA ANY COLOR 1809,M R DA COSTA COSMETICOS
C3.0365,PA,3.71,16.0,COSME LIP GLOSS COCA ANY COLOR 1809,M R DA COSTA COSMETICOS
C3.0365,MT,3.71,16.0,COSME LIP GLOSS COCA ANY COLOR 1809,M R DA COSTA COSMETICOS
C3.0366,GO,4.19,5.0,COSME UNHAS POSTICAS TALKLEE ST221014,M R DA COSTA COSMETICOS
C3.0366,TO,4.23,17.0,COSME UNHAS POSTICAS TALKLEE ST221014,M R DA COSTA COSMETICOS
C3.0366,PA,4.19,18.0,COSME UNHAS POSTICAS TALKLEE ST221014,M R DA COSTA COSMETICOS
C3.0366,MT,4.19,18.0,COSME UNHAS POSTICAS TALKLEE ST221014,M R DA COSTA COSMETICOS
C3.0367,GO,6.01,6.0,COSME KIT SOMBRA MALETA ANY COLOR 1910,M R DA COSTA COSMETICOS
C3.0367,TO,6.07,25.0,COSME KIT SOMBRA MALETA ANY COLOR 1910,M R DA COSTA COSMETICOS
C3.0367,PA,6.01,26.0,COSME KIT SOMBRA MALETA ANY COLOR 1910,M R DA COSTA COSMETICOS
C3.0367,MT,6.01,26.0,COSME KIT SOMBRA MALETA ANY COLOR 1910,M R DA COSTA COSMETICOS
C3.0368,GO,3.51,4.0,COSME MASCARA GELATINA EYE MASK,MEY BRASIL
C3.0368,TO,3.55,13.0,COSME MASCARA GELATINA EYE MASK,MEY BRASIL
C3.0368,PA,3.51,14.0,COSME MASCARA GELATINA EYE MASK,MEY BRASIL
C3.0368,MT,3.51,14.0,COSME MASCARA GELATINA EYE MASK,MEY BRASIL
C3.0369,GO,3.51,4.0,COSME CURVEX EYELASH CURLER,MEY BRASIL
C3.0369,TO,3.55,13.0,COSME CURVEX EYELASH CURLER,MEY BRASIL
C3.0369,PA,3.51,14.0,COSME CURVEX EYELASH CURLER,MEY BRASIL
C3.0369,MT,3.51,14.0,COSME CURVEX EYELASH CURLER,MEY BRASIL
C3.0370,GO,2.61,3.0,COSME CILIOS POSTICOS  MEY BEAUTY,MEY BRASIL
C3.0370,TO,2.63,11.0,COSME CILIOS POSTICOS  MEY BEAUTY,MEY BRASIL
C3.0370,PA,2.61,12.0,COSME CILIOS POSTICOS  MEY BEAUTY,MEY BRASIL
C3.0370,MT,2.61,12.0,COSME CILIOS POSTICOS  MEY BEAUTY,MEY BRASIL
C3.0371,GO,3.18,4.0,COSME FAIXA SKIN CARE,MEY BRASIL
C3.0371,TO,3.21,13.0,COSME FAIXA SKIN CARE,MEY BRASIL
C3.0371,PA,3.18,14.0,COSME FAIXA SKIN CARE,MEY BRASIL
C3.0371,MT,3.18,14.0,COSME FAIXA SKIN CARE,MEY BRASIL
C3.0372,GO,11.04,12.0,COSME KIT ESTOJO PINCEL OSTRA MEY,MEY BRASIL
C3.0372,TO,11.15,43.0,COSME KIT ESTOJO PINCEL OSTRA MEY,MEY BRASIL
C3.0372,PA,11.04,44.0,COSME KIT ESTOJO PINCEL OSTRA MEY,MEY BRASIL
C3.0372,MT,11.04,44.0,COSME KIT ESTOJO PINCEL OSTRA MEY,MEY BRASIL
C3.0373,GO,1.5,2.0,COSME ESPATULA ESFOLIANTE CONNERT,MEY BRASIL
C3.0373,TO,1.52,7.0,COSME ESPATULA ESFOLIANTE CONNERT,MEY BRASIL
C3.0373,PA,1.5,8.0,COSME ESPATULA ESFOLIANTE CONNERT,MEY BRASIL
C3.0373,MT,1.5,8.0,COSME ESPATULA ESFOLIANTE CONNERT,MEY BRASIL
C3.0374,GO,2.01,2.0,COSME KIT ESPONJAS MEY,MEY BRASIL
C3.0374,TO,2.03,9.0,COSME KIT ESPONJAS MEY,MEY BRASIL
C3.0374,PA,2.01,10.0,COSME KIT ESPONJAS MEY,MEY BRASIL
C3.0374,MT,2.01,10.0,COSME KIT ESPONJAS MEY,MEY BRASIL
C3.0375,GO,14.55,15.0,COSME KIT SKIN CARE MEY,MEY BRASIL
C3.0375,TO,14.69,53.0,COSME KIT SKIN CARE MEY,MEY BRASIL
C3.0375,PA,14.55,54.0,COSME KIT SKIN CARE MEY,MEY BRASIL
C3.0375,MT,14.55,54.0,COSME KIT SKIN CARE MEY,MEY BRASIL
C3.0376,GO,9.03,10.0,COSME PEDRA REMOVEDORA DE OLEOSIDADE MEY,MEY BRASIL
C3.0376,TO,9.12,33.0,COSME PEDRA REMOVEDORA DE OLEOSIDADE MEY,MEY BRASIL
C3.0376,PA,9.03,34.0,COSME PEDRA REMOVEDORA DE OLEOSIDADE MEY,MEY BRASIL
C3.0376,MT,9.03,34.0,COSME PEDRA REMOVEDORA DE OLEOSIDADE MEY,MEY BRASIL
C3.0377,GO,2.57,3.0,COSME KIT NAVALHA EYEBROW TRIMMER,MEY BRASIL
C3.0377,TO,2.59,11.0,COSME KIT NAVALHA EYEBROW TRIMMER,MEY BRASIL
C3.0377,PA,2.57,12.0,COSME KIT NAVALHA EYEBROW TRIMMER,MEY BRASIL
C3.0377,MT,2.57,12.0,COSME KIT NAVALHA EYEBROW TRIMMER,MEY BRASIL
C3.0378,GO,7.02,8.0,COSME PINCEL BASE INDIVIDUAL,MEY BRASIL
C3.0378,TO,7.09,25.0,COSME PINCEL BASE INDIVIDUAL,MEY BRASIL
C3.0378,PA,7.02,26.0,COSME PINCEL BASE INDIVIDUAL,MEY BRASIL
C3.0378,MT,7.02,26.0,COSME PINCEL BASE INDIVIDUAL,MEY BRASIL
F6.0031,GO,13.85,14.0,FORMA MODELADORA CRIATIVO 5 PCS ACO,INGA IMPORT
F6.0031,TO,13.99,22.0,FORMA MODELADORA CRIATIVO 5 PCS ACO,INGA IMPORT
F6.0031,PA,13.85,42.0,FORMA MODELADORA CRIATIVO 5 PCS ACO,INGA IMPORT
F6.0031,MT,13.85,42.0,FORMA MODELADORA CRIATIVO 5 PCS ACO,INGA IMPORT
J10.0068,GO,8.89,28.0,JOGO DE PENEIRA INOX,INGA IMPORT
J10.0068,TO,8.98,29.0,JOGO DE PENEIRA INOX,INGA IMPORT
J10.0068,PA,8.89,30.0,JOGO DE PENEIRA INOX,INGA IMPORT
J10.0068,MT,8.89,30.0,JOGO DE PENEIRA INOX,INGA IMPORT
J10.0069,GO,32.42,90.0,JOGO AMERICANO 6PCS,INGA IMPORT
J10.0069,TO,32.74,91.0,JOGO AMERICANO 6PCS,INGA IMPORT
J10.0069,PA,32.42,92.0,JOGO AMERICANO 6PCS,INGA IMPORT
J10.0069,MT,32.42,92.0,JOGO AMERICANO 6PCS,INGA IMPORT
P16.0085,GO,24.94,72.0,PORTA FRIO COM PEGADOR,INGA IMPORT
P16.0085,TO,25.19,73.0,PORTA FRIO COM PEGADOR,INGA IMPORT
P16.0085,PA,24.94,74.0,PORTA FRIO COM PEGADOR,INGA IMPORT
P16.0085,MT,24.94,74.0,PORTA FRIO COM PEGADOR,INGA IMPORT
G7.0018,GO,47.47,148.0,GARRAFA TERMICA 1LT RETRO,INGA IMPORT
G7.0018,TO,47.94,150.0,GARRAFA TERMICA 1LT RETRO,INGA IMPORT
G7.0018,PA,47.47,152.0,GARRAFA TERMICA 1LT RETRO,INGA IMPORT
G7.0018,MT,47.47,152.0,GARRAFA TERMICA 1LT RETRO,INGA IMPORT
G7.0019,GO,42.45,128.0,GARRAFA TERMICA 1LT RATAN,INGA IMPORT
G7.0019,TO,42.87,130.0,GARRAFA TERMICA 1LT RATAN,INGA IMPORT
G7.0019,PA,42.45,132.0,GARRAFA TERMICA 1LT RATAN,INGA IMPORT
G7.0019,MT,42.45,132.0,GARRAFA TERMICA 1LT RATAN,INGA IMPORT
P16.0086,GO,8.48,13.0,PET KIT BOLAS DE TENIS 3UN,INGA IMPORT
P16.0086,TO,8.57,14.0,PET KIT BOLAS DE TENIS 3UN,INGA IMPORT
P16.0086,PA,8.48,15.0,PET KIT BOLAS DE TENIS 3UN,INGA IMPORT
P16.0086,MT,8.48,15.0,PET KIT BOLAS DE TENIS 3UN,INGA IMPORT
P16.0083,GO,11.3,18.0,PET PORCO SONORO,INGA IMPORT
P16.0083,TO,11.41,19.0,PET PORCO SONORO,INGA IMPORT
P16.0083,PA,11.3,20.0,PET PORCO SONORO,INGA IMPORT
P16.0083,MT,11.3,20.0,PET PORCO SONORO,INGA IMPORT
P16.0084,GO,14.14,46.0,PET FRANGO SONORO,INGA IMPORT
P16.0084,TO,14.28,23.0,PET FRANGO SONORO,INGA IMPORT
P16.0084,PA,14.14,48.0,PET FRANGO SONORO,INGA IMPORT
P16.0084,MT,14.14,48.0,PET FRANGO SONORO,INGA IMPORT
P16.0087,GO,15.81,48.0,PET DISCO CANINO FRISBEES,INGA IMPORT
P16.0087,TO,15.97,25.0,PET DISCO CANINO FRISBEES,INGA IMPORT
P16.0087,PA,15.81,50.0,PET DISCO CANINO FRISBEES,INGA IMPORT
P16.0087,MT,15.81,50.0,PET DISCO CANINO FRISBEES,INGA IMPORT
P16.0088,GO,14.08,46.0,PET GUIA RETRATIL SORTIDA 5M,INGA IMPORT
P16.0088,TO,14.22,23.0,PET GUIA RETRATIL SORTIDA 5M,INGA IMPORT
P16.0088,PA,14.08,48.0,PET GUIA RETRATIL SORTIDA 5M,INGA IMPORT
P16.0088,MT,14.08,48.0,PET GUIA RETRATIL SORTIDA 5M,INGA IMPORT
P16.0089,GO,14.05,46.0,PET TAPETE LAVAVEL P,MUNDO PET
P16.0089,TO,14.19,23.0,PET TAPETE LAVAVEL P,MUNDO PET
P16.0089,PA,14.05,48.0,PET TAPETE LAVAVEL P,MUNDO PET
P16.0089,MT,14.05,48.0,PET TAPETE LAVAVEL P,MUNDO PET
P16.0090,GO,17.06,54.0,PET KIT POP PET CLEA,MUNDO PET
P16.0090,TO,17.23,27.0,PET KIT POP PET CLEA,MUNDO PET
P16.0090,PA,17.06,56.0,PET KIT POP PET CLEA,MUNDO PET
P16.0090,MT,17.06,56.0,PET KIT POP PET CLEA,MUNDO PET
P16.0091,GO,9.02,28.0,PET TAPETE HIGIENICO 6UN,MUNDO PET
P16.0091,TO,9.11,15.0,PET TAPETE HIGIENICO 6UN,MUNDO PET
P16.0091,PA,9.02,30.0,PET TAPETE HIGIENICO 6UN,MUNDO PET
P16.0091,MT,9.02,30.0,PET TAPETE HIGIENICO 6UN,MUNDO PET
P16.0092,GO,16.04,52.0,PET SANITARIO PEQUENO,MUNDO PET
P16.0092,TO,16.2,26.0,PET SANITARIO PEQUENO,MUNDO PET
P16.0092,PA,16.04,54.0,PET SANITARIO PEQUENO,MUNDO PET
P16.0092,MT,16.04,54.0,PET SANITARIO PEQUENO,MUNDO PET
P16.0093,GO,7.02,11.0,PET CONE XIXI,MUNDO PET
P16.0093,TO,7.09,11.0,PET CONE XIXI,MUNDO PET
P16.0093,PA,7.02,11.0,PET CONE XIXI,MUNDO PET
P16.0093,MT,7.02,11.0,PET CONE XIXI,MUNDO PET
P16.0094,GO,9.93,32.0,PET LIMPA CARINHA,MUNDO PET
P16.0094,TO,10.03,16.0,PET LIMPA CARINHA,MUNDO PET
P16.0094,PA,9.93,34.0,PET LIMPA CARINHA,MUNDO PET
P16.0094,MT,9.93,34.0,PET LIMPA CARINHA,MUNDO PET
P16.0095,GO,14.04,22.0,PET BANHO A SECO MAC,MUNDO PET
P16.0095,TO,14.18,23.0,PET BANHO A SECO MAC,MUNDO PET
P16.0095,PA,14.04,24.0,PET BANHO A SECO MAC,MUNDO PET
P16.0095,MT,14.04,24.0,PET BANHO A SECO MAC,MUNDO PET
P16.0096,GO,9.93,32.0,PET EDUCADOR DOG,MUNDO PET
P16.0096,TO,10.03,16.0,PET EDUCADOR DOG,MUNDO PET
P16.0096,PA,9.93,34.0,PET EDUCADOR DOG,MUNDO PET
P16.0096,MT,9.93,34.0,PET EDUCADOR DOG,MUNDO PET
P16.0097,GO,9.02,30.0,PET LIMPA LAGRIMAS P,MUNDO PET
P16.0097,TO,9.11,15.0,PET LIMPA LAGRIMAS P,MUNDO PET
P16.0097,PA,9.02,32.0,PET LIMPA LAGRIMAS P,MUNDO PET
P16.0097,MT,9.02,32.0,PET LIMPA LAGRIMAS P,MUNDO PET
P16.0098,GO,5.01,18.0,PET HIGIENIZADOR DENTAL,MUNDO PET
P16.0098,TO,5.06,8.0,PET HIGIENIZADOR DENTAL,MUNDO PET
P16.0098,PA,5.01,20.0,PET HIGIENIZADOR DENTAL,MUNDO PET
P16.0098,MT,5.01,20.0,PET HIGIENIZADOR DENTAL,MUNDO PET
P16.0099,GO,10.94,36.0,PET SPRAY BUCAL,MUNDO PET
P16.0099,TO,11.05,18.0,PET SPRAY BUCAL,MUNDO PET
P16.0099,PA,10.94,38.0,PET SPRAY BUCAL,MUNDO PET
P16.0099,MT,10.94,38.0,PET SPRAY BUCAL,MUNDO PET
P16.0100,GO,7.01,11.0,PET PASTA BARBECUE,MUNDO PET
P16.0100,TO,7.08,11.0,PET PASTA BARBECUE,MUNDO PET
P16.0100,PA,7.01,11.0,PET PASTA BARBECUE,MUNDO PET
P16.0100,MT,7.01,11.0,PET PASTA BARBECUE,MUNDO PET
P16.0101,GO,53.18,85.0,PET TAPETE GELADO M,MUNDO PET
P16.0101,TO,53.71,86.0,PET TAPETE GELADO M,MUNDO PET
P16.0101,PA,53.18,87.0,PET TAPETE GELADO M,MUNDO PET
P16.0101,MT,53.18,87.0,PET TAPETE GELADO M,MUNDO PET
P16.0102,GO,8.02,26.0,PET LIMPA PATINHA,MUNDO PET
P16.0102,TO,8.1,13.0,PET LIMPA PATINHA,MUNDO PET
P16.0102,PA,8.02,28.0,PET LIMPA PATINHA,MUNDO PET
P16.0102,MT,8.02,28.0,PET LIMPA PATINHA,MUNDO PET
G7.0020,GO,36.62,38.0,GARRAFA TERMICA PLASTICO 2.200ML KC507,XDX TALHERES
G7.0020,TO,36.98,38.0,GARRAFA TERMICA PLASTICO 2.200ML KC507,XDX TALHERES
G7.0020,PA,36.62,38.0,GARRAFA TERMICA PLASTICO 2.200ML KC507,XDX TALHERES
G7.0020,MT,36.62,38.0,GARRAFA TERMICA PLASTICO 2.200ML KC507,XDX TALHERES
G7.0021,GO,31.6,50.0,GARRAFA COLORS 1400ML KC511,XDX TALHERES
G7.0021,TO,31.92,89.0,GARRAFA COLORS 1400ML KC511,XDX TALHERES
G7.0021,PA,31.6,90.0,GARRAFA COLORS 1400ML KC511,XDX TALHERES
G7.0021,MT,31.6,90.0,GARRAFA COLORS 1400ML KC511,XDX TALHERES
A1.0019,GO,20.56,58.0,AMOLADOR DE FACAS 13201,XDX TALHERES
A1.0019,TO,20.77,59.0,AMOLADOR DE FACAS 13201,XDX TALHERES
A1.0019,PA,20.56,60.0,AMOLADOR DE FACAS 13201,XDX TALHERES
A1.0019,MT,20.56,60.0,AMOLADOR DE FACAS 13201,XDX TALHERES
P16.0103,GO,11.53,34.0,PORTA AZEITE 300ML 20802,XDX TALHERES
P16.0103,TO,11.65,35.0,PORTA AZEITE 300ML 20802,XDX TALHERES
P16.0103,PA,11.53,18.0,PORTA AZEITE 300ML 20802,XDX TALHERES
P16.0103,MT,11.53,18.0,PORTA AZEITE 300ML 20802,XDX TALHERES
P16.0104,GO,187.12,498.0,PANELA DE RECHAUD 3.5L 9100301,XDX TALHERES
P16.0104,TO,188.99,500.0,PANELA DE RECHAUD 3.5L 9100301,XDX TALHERES
P16.0104,PA,187.12,502.0,PANELA DE RECHAUD 3.5L 9100301,XDX TALHERES
P16.0104,MT,187.12,502.0,PANELA DE RECHAUD 3.5L 9100301,XDX TALHERES
P16.0105,GO,31.6,78.74,POTE SLING 800ML,XDX TALHERES
P16.0105,TO,31.92,,POTE SLING 800ML,XDX TALHERES
P16.0105,PA,31.6,,POTE SLING 800ML,XDX TALHERES
P16.0105,MT,31.6,,POTE SLING 800ML,XDX TALHERES
M13.0034,GO,28.59,78.0,MIXER 2 EM 1 USB PORTATIL MULTIUSO 1091D5B,XDX TALHERES
M13.0034,TO,28.88,79.0,MIXER 2 EM 1 USB PORTATIL MULTIUSO 1091D5B,XDX TALHERES
M13.0034,PA,28.59,46.0,MIXER 2 EM 1 USB PORTATIL MULTIUSO 1091D5B,XDX TALHERES
M13.0034,MT,28.59,46.0,MIXER 2 EM 1 USB PORTATIL MULTIUSO 1091D5B,XDX TALHERES
L12.0030,GO,22.57,62.0,LATA SPRAY DE GARRAFA CONE 200ML,XDX TALHERES
L12.0030,TO,22.8,63.0,LATA SPRAY DE GARRAFA CONE 200ML,XDX TALHERES
L12.0030,PA,22.57,64.0,LATA SPRAY DE GARRAFA CONE 200ML,XDX TALHERES
L12.0030,MT,22.57,64.0,LATA SPRAY DE GARRAFA CONE 200ML,XDX TALHERES
M13.0035,GO,18.56,52.0,MOINHO DE PIMENTA DE 6 POLEGADAS LH002,XDX TALHERES
M13.0035,TO,18.74,53.0,MOINHO DE PIMENTA DE 6 POLEGADAS LH002,XDX TALHERES
M13.0035,PA,18.56,30.0,MOINHO DE PIMENTA DE 6 POLEGADAS LH002,XDX TALHERES
M13.0035,MT,18.56,30.0,MOINHO DE PIMENTA DE 6 POLEGADAS LH002,XDX TALHERES
G7.0022,GO,20.56,68.0,GARRAFA TERMICA KC320,XDX TALHERES
G7.0022,TO,20.77,33.0,GARRAFA TERMICA KC320,XDX TALHERES
G7.0022,PA,20.56,33.0,GARRAFA TERMICA KC320,XDX TALHERES
G7.0022,MT,20.56,33.0,GARRAFA TERMICA KC320,XDX TALHERES
T20.0188,GO,36.62,58.0,TRITURADOR MULTIFUNCOES NJ007,XDX TALHERES
T20.0188,TO,36.98,59.0,TRITURADOR MULTIFUNCOES NJ007,XDX TALHERES
T20.0188,PA,36.62,58.0,TRITURADOR MULTIFUNCOES NJ007,XDX TALHERES
T20.0188,MT,36.62,58.0,TRITURADOR MULTIFUNCOES NJ007,XDX TALHERES
G7.0023,GO,18.56,52.0,GARRAFA DE ACRILICO INFANTIL DYSL279,XDX TALHERES
G7.0023,TO,18.74,53.0,GARRAFA DE ACRILICO INFANTIL DYSL279,XDX TALHERES
G7.0023,PA,18.56,30.0,GARRAFA DE ACRILICO INFANTIL DYSL279,XDX TALHERES
G7.0023,MT,18.56,30.0,GARRAFA DE ACRILICO INFANTIL DYSL279,XDX TALHERES
C3.0382,GO,36.62,96.0,CAFETEIRA 2 XICARAS 915 8,XDX TALHERES
C3.0382,TO,36.98,97.0,CAFETEIRA 2 XICARAS 915 8,XDX TALHERES
C3.0382,PA,36.62,98.0,CAFETEIRA 2 XICARAS 915 8,XDX TALHERES
C3.0382,MT,36.62,98.0,CAFETEIRA 2 XICARAS 915 8,XDX TALHERES
C3.0383,GO,39.63,106.0,CAFETEIRA 4 XICARAS 915 9,XDX TALHERES
C3.0383,TO,40.02,108.0,CAFETEIRA 4 XICARAS 915 9,XDX TALHERES
C3.0383,PA,39.63,110.0,CAFETEIRA 4 XICARAS 915 9,XDX TALHERES
C3.0383,MT,39.63,110.0,CAFETEIRA 4 XICARAS 915 9,XDX TALHERES
C3.0384,GO,79.76,210.0,CAFETEIRA ITALIANA 12 XICARAS 915 12,XDX TALHERES
C3.0384,TO,80.56,212.0,CAFETEIRA ITALIANA 12 XICARAS 915 12,XDX TALHERES
C3.0384,PA,79.76,214.0,CAFETEIRA ITALIANA 12 XICARAS 915 12,XDX TALHERES
C3.0384,MT,79.76,214.0,CAFETEIRA ITALIANA 12 XICARAS 915 12,XDX TALHERES
K11.0063,GO,39.8,124.0,KIT UTENSILIOS COLORS 12PCS GJ12,XDX TALHERES
K11.0063,TO,40.48,126.0,KIT UTENSILIOS COLORS 12PCS GJ12,XDX TALHERES
K11.0063,PA,42.38,128.0,KIT UTENSILIOS COLORS 12PCS GJ12,XDX TALHERES
K11.0063,MT,39.8,128.0,KIT UTENSILIOS COLORS 12PCS GJ12,XDX TALHERES
J10.0070,GO,94.51,256.0,JOGO DE FACAS 8PCS BASE GIRATORIA,XDX TALHERES
J10.0070,TO,95.45,258.0,JOGO DE FACAS 8PCS BASE GIRATORIA,XDX TALHERES
J10.0070,PA,94.51,258.0,JOGO DE FACAS 8PCS BASE GIRATORIA,XDX TALHERES
J10.0070,MT,94.51,258.0,JOGO DE FACAS 8PCS BASE GIRATORIA,XDX TALHERES
P16.0106,GO,40.03,102.0,PET TAPETE HIGIENICO 30UN,0
P16.0106,TO,40.43,64.0,PET TAPETE HIGIENICO 30UN,0
P16.0106,PA,40.03,106.0,PET TAPETE HIGIENICO 30UN,0
P16.0106,MT,40.03,106.0,PET TAPETE HIGIENICO 30UN,0
C3.0385,GO,33.13,108.0,CARREGADOR PORTATIL 5000 MAH CRGDP,LUI ELETRONICOS
C3.0385,TO,33.46,110.0,CARREGADOR PORTATIL 5000 MAH CRGDP,LUI ELETRONICOS
C3.0385,PA,33.13,60.0,CARREGADOR PORTATIL 5000 MAH CRGDP,LUI ELETRONICOS
C3.0385,MT,33.13,60.0,CARREGADOR PORTATIL 5000 MAH CRGDP,LUI ELETRONICOS
C3.0386,GO,61.65,189.0,CAMERA BABA JT8172,LUI ELETRONICOS
C3.0386,TO,62.26,191.0,CAMERA BABA JT8172,LUI ELETRONICOS
C3.0386,PA,61.65,193.0,CAMERA BABA JT8172,LUI ELETRONICOS
C3.0386,MT,61.65,193.0,CAMERA BABA JT8172,LUI ELETRONICOS
C3.0387,GO,184.09,459.0,CAIXA SOM ECHO DOT 3 ALEXA CDSED,LUI ELETRONICOS
C3.0387,TO,185.93,461.0,CAIXA SOM ECHO DOT 3 ALEXA CDSED,LUI ELETRONICOS
C3.0387,PA,184.09,463.0,CAIXA SOM ECHO DOT 3 ALEXA CDSED,LUI ELETRONICOS
C3.0387,MT,184.09,463.0,CAIXA SOM ECHO DOT 3 ALEXA CDSED,LUI ELETRONICOS
C3.0388,GO,54.51,148.0,CONTROLE REPLICA XBOX FIO0229,LUI ELETRONICOS
C3.0388,TO,55.06,150.0,CONTROLE REPLICA XBOX FIO0229,LUI ELETRONICOS
C3.0388,PA,54.51,152.0,CONTROLE REPLICA XBOX FIO0229,LUI ELETRONICOS
C3.0388,MT,54.51,152.0,CONTROLE REPLICA XBOX FIO0229,LUI ELETRONICOS
C3.0389,GO,20.9,58.0,CAIXA DE SOM MINI WYH2217,0
C3.0389,TO,21.11,34.0,CAIXA DE SOM MINI WYH2217,0
C3.0389,PA,20.9,33.0,CAIXA DE SOM MINI WYH2217,0
C3.0389,MT,20.9,33.0,CAIXA DE SOM MINI WYH2217,0
D4.0005,GO,20.75,70.0,DEPILADOR LASER,LUI ELETRONICOS
D4.0005,TO,20.96,71.0,DEPILADOR LASER,LUI ELETRONICOS
D4.0005,PA,20.75,37.0,DEPILADOR LASER,LUI ELETRONICOS
D4.0005,MT,20.75,37.0,DEPILADOR LASER,LUI ELETRONICOS
F6.0032,GO,56.39,168.0,FONE SEM FIO KD770,LUI ELETRONICOS
F6.0032,TO,56.96,170.0,FONE SEM FIO KD770,LUI ELETRONICOS
F6.0032,PA,56.39,172.0,FONE SEM FIO KD770,LUI ELETRONICOS
F6.0032,MT,56.39,172.0,FONE SEM FIO KD770,LUI ELETRONICOS
R18.0012,GO,67.03,202.0,RADIO COM RELOGIO LE 666,LUI ELETRONICOS
R18.0012,TO,67.7,204.0,RADIO COM RELOGIO LE 666,LUI ELETRONICOS
R18.0012,PA,67.26,206.0,RADIO COM RELOGIO LE 666,LUI ELETRONICOS
R18.0012,MT,67.03,206.0,RADIO COM RELOGIO LE 666,LUI ELETRONICOS
B2.0029,GO,28.93,73.0,BRINQ MOTO PLASTICO MOTOR A PILHA TK1449,MOHNISH
B2.0029,TO,29.22,73.0,BRINQ MOTO PLASTICO MOTOR A PILHA TK1449,MOHNISH
B2.0029,PA,28.93,73.0,BRINQ MOTO PLASTICO MOTOR A PILHA TK1449,MOHNISH
B2.0029,MT,28.93,73.0,BRINQ MOTO PLASTICO MOTOR A PILHA TK1449,MOHNISH
B2.0030,GO,26.86,68.0,BRINQ PISTOLA DE PLASTICO PVC TKAB2902,MOHNISH
B2.0030,TO,27.13,68.0,BRINQ PISTOLA DE PLASTICO PVC TKAB2902,MOHNISH
B2.0030,PA,26.86,43.0,BRINQ PISTOLA DE PLASTICO PVC TKAB2902,MOHNISH
B2.0030,MT,26.86,43.0,BRINQ PISTOLA DE PLASTICO PVC TKAB2902,MOHNISH
B2.0031,GO,30.99,78.0,BRINQ MOTOSERRA DE PLASTICO PVC TKAB4267,MOHNISH
B2.0031,TO,31.3,78.0,BRINQ MOTOSERRA DE PLASTICO PVC TKAB4267,MOHNISH
B2.0031,PA,30.99,49.0,BRINQ MOTOSERRA DE PLASTICO PVC TKAB4267,MOHNISH
B2.0031,MT,30.99,49.0,BRINQ MOTOSERRA DE PLASTICO PVC TKAB4267,MOHNISH
B2.0032,GO,23.76,60.0,BRINQ KIT BELEZA DE PLASTICO TKAB2982C,MOHNISH
B2.0032,TO,24.0,60.0,BRINQ KIT BELEZA DE PLASTICO TKAB2982C,MOHNISH
B2.0032,PA,23.76,60.0,BRINQ KIT BELEZA DE PLASTICO TKAB2982C,MOHNISH
B2.0032,MT,23.76,60.0,BRINQ KIT BELEZA DE PLASTICO TKAB2982C,MOHNISH
B2.0033,GO,26.78,68.0,BRINQ BONECA DE PLASTICO TKAB1045,MOHNISH
B2.0033,TO,27.05,68.0,BRINQ BONECA DE PLASTICO TKAB1045,MOHNISH
B2.0033,PA,26.78,68.0,BRINQ BONECA DE PLASTICO TKAB1045,MOHNISH
B2.0033,MT,26.78,68.0,BRINQ BONECA DE PLASTICO TKAB1045,MOHNISH
B2.0034,GO,36.16,91.0,BRINQ BONECA PLASTIC0 BICICLETA TK2383,MOHNISH
B2.0034,TO,36.52,91.0,BRINQ BONECA PLASTIC0 BICICLETA TK2383,MOHNISH
B2.0034,PA,36.16,91.0,BRINQ BONECA PLASTIC0 BICICLETA TK2383,MOHNISH
B2.0034,MT,36.16,91.0,BRINQ BONECA PLASTIC0 BICICLETA TK2383,MOHNISH
B2.0035,GO,82.65,164.0,BRINQ MESA PROJETOR DE PLASTICO TKAB6188,MOHNISH
B2.0035,TO,83.48,166.0,BRINQ MESA PROJETOR DE PLASTICO TKAB6188,MOHNISH
B2.0035,PA,82.65,168.0,BRINQ MESA PROJETOR DE PLASTICO TKAB6188,MOHNISH
B2.0035,MT,82.65,168.0,BRINQ MESA PROJETOR DE PLASTICO TKAB6188,MOHNISH
B2.0036,GO,36.16,91.0,BRINQ CJ FERRAMENTAS DE PLASTICO TK1515,MOHNISH
B2.0036,TO,36.52,91.0,BRINQ CJ FERRAMENTAS DE PLASTICO TK1515,MOHNISH
B2.0036,PA,36.16,91.0,BRINQ CJ FERRAMENTAS DE PLASTICO TK1515,MOHNISH
B2.0036,MT,36.16,91.0,BRINQ CJ FERRAMENTAS DE PLASTICO TK1515,MOHNISH
B2.0037,GO,51.66,131.0,BRINQ BARRACA DE POLIESTER TKAB3348,MOHNISH
B2.0037,TO,52.17,131.0,BRINQ BARRACA DE POLIESTER TKAB3348,MOHNISH
B2.0037,PA,51.66,131.0,BRINQ BARRACA DE POLIESTER TKAB3348,MOHNISH
B2.0037,MT,51.66,131.0,BRINQ BARRACA DE POLIESTER TKAB3348,MOHNISH
B2.0038,GO,8.03,25.0,BRINQ PIAO DE PLASTICO PVC TKAB3207,MOHNISH
B2.0038,TO,8.11,25.0,BRINQ PIAO DE PLASTICO PVC TKAB3207,MOHNISH
B2.0038,PA,8.03,25.0,BRINQ PIAO DE PLASTICO PVC TKAB3207,MOHNISH
B2.0038,MT,8.03,25.0,BRINQ PIAO DE PLASTICO PVC TKAB3207,MOHNISH
B2.0039,GO,34.09,86.0,BRINQ CAMINHAO DE PLASTICO TKAB3111,MOHNISH
B2.0039,TO,34.43,86.0,BRINQ CAMINHAO DE PLASTICO TKAB3111,MOHNISH
B2.0039,PA,34.09,86.0,BRINQ CAMINHAO DE PLASTICO TKAB3111,MOHNISH
B2.0039,MT,34.09,86.0,BRINQ CAMINHAO DE PLASTICO TKAB3111,MOHNISH
B2.0040,GO,28.93,73.0,BRINQ CARRINHO DE PLASTICO PVC TKAB3703,MOHNISH
B2.0040,TO,29.22,73.0,BRINQ CARRINHO DE PLASTICO PVC TKAB3703,MOHNISH
B2.0040,PA,28.93,46.0,BRINQ CARRINHO DE PLASTICO PVC TKAB3703,MOHNISH
B2.0040,MT,28.93,46.0,BRINQ CARRINHO DE PLASTICO PVC TKAB3703,MOHNISH
B2.0041,GO,143.05,348.0,BRINQ BARRACA MAGICA INFANTIL A999277,FENICIA
B2.0041,TO,144.48,348.0,BRINQ BARRACA MAGICA INFANTIL A999277,FENICIA
B2.0041,PA,143.05,348.0,BRINQ BARRACA MAGICA INFANTIL A999277,FENICIA
B2.0041,MT,143.05,348.0,BRINQ BARRACA MAGICA INFANTIL A999277,FENICIA
B2.0042,GO,143.05,348.0,BRINQ BARRACA AP TOYS INFANTIL A999289,FENICIA
B2.0042,TO,144.48,348.0,BRINQ BARRACA AP TOYS INFANTIL A999289,FENICIA
B2.0042,PA,143.05,348.0,BRINQ BARRACA AP TOYS INFANTIL A999289,FENICIA
B2.0042,MT,143.05,348.0,BRINQ BARRACA AP TOYS INFANTIL A999289,FENICIA
B2.0043,GO,328.67,400.0,BRINQ CARRINHO SNEAK DE CONTROLE REMOTO UJ992211B,FENICIA
B2.0043,TO,331.95,400.0,BRINQ CARRINHO SNEAK DE CONTROLE REMOTO UJ992211B,FENICIA
B2.0043,PA,328.67,400.0,BRINQ CARRINHO SNEAK DE CONTROLE REMOTO UJ992211B,FENICIA
B2.0043,MT,328.67,400.0,BRINQ CARRINHO SNEAK DE CONTROLE REMOTO UJ992211B,FENICIA
B2.0044,GO,36.7,92.0,BRINQ COELHO DANCANTE YJ3007,FENICIA
B2.0044,TO,37.06,92.0,BRINQ COELHO DANCANTE YJ3007,FENICIA
B2.0044,PA,36.7,92.0,BRINQ COELHO DANCANTE YJ3007,FENICIA
B2.0044,MT,36.7,92.0,BRINQ COELHO DANCANTE YJ3007,FENICIA
B2.0045,GO,43.72,109.0,BRINQ ELETRIC MOTOCYCLE 3501,FENICIA
B2.0045,TO,44.16,109.0,BRINQ ELETRIC MOTOCYCLE 3501,FENICIA
B2.0045,PA,43.72,109.0,BRINQ ELETRIC MOTOCYCLE 3501,FENICIA
B2.0045,MT,43.72,109.0,BRINQ ELETRIC MOTOCYCLE 3501,FENICIA
B2.0046,GO,45.73,114.0,BRINQ MACACO MUSICAL 17198,FENICIA
B2.0046,TO,46.18,74.0,BRINQ MACACO MUSICAL 17198,FENICIA
B2.0046,PA,45.73,114.0,BRINQ MACACO MUSICAL 17198,FENICIA
B2.0046,MT,45.73,114.0,BRINQ MACACO MUSICAL 17198,FENICIA
B2.0047,GO,173.15,419.0,BRINQ TRATOR DE CONTROLE 8632 31,FENICIA
B2.0047,TO,174.88,419.0,BRINQ TRATOR DE CONTROLE 8632 31,FENICIA
B2.0047,PA,173.15,419.0,BRINQ TRATOR DE CONTROLE 8632 31,FENICIA
B2.0047,MT,173.15,419.0,BRINQ TRATOR DE CONTROLE 8632 31,FENICIA
B2.0048,GO,348.73,869.0,BRINQ GUINDASTE DE CONTROLE,FENICIA
B2.0048,TO,352.22,869.0,BRINQ GUINDASTE DE CONTROLE,FENICIA
B2.0048,PA,348.73,869.0,BRINQ GUINDASTE DE CONTROLE,FENICIA
B2.0048,MT,348.73,869.0,BRINQ GUINDASTE DE CONTROLE,FENICIA
C3.0390,GO,52.75,158.0,CARRINHO DE FEIRA SACOLA DC307B,FENICIA
C3.0390,TO,53.28,85.0,CARRINHO DE FEIRA SACOLA DC307B,FENICIA
C3.0390,PA,52.75,78.0,CARRINHO DE FEIRA SACOLA DC307B,FENICIA
C3.0390,MT,52.75,78.0,CARRINHO DE FEIRA SACOLA DC307B,FENICIA
A1.0020,GO,6.41,22.0,AMOLADOR DE FACAS 8298,Y888 IMPORTACAO EXPORT
A1.0020,TO,6.47,24.0,AMOLADOR DE FACAS 8298,Y888 IMPORTACAO EXPORT
A1.0020,PA,6.41,9.0,AMOLADOR DE FACAS 8298,Y888 IMPORTACAO EXPORT
A1.0020,MT,6.41,9.0,AMOLADOR DE FACAS 8298,Y888 IMPORTACAO EXPORT
M13.0036,GO,71.98,218.0,MINI ABAJUR DE LED 8131,Y888 IMPORTACAO EXPORT
M13.0036,TO,72.7,220.0,MINI ABAJUR DE LED 8131,Y888 IMPORTACAO EXPORT
M13.0036,PA,71.98,222.0,MINI ABAJUR DE LED 8131,Y888 IMPORTACAO EXPORT
M13.0036,MT,71.98,222.0,MINI ABAJUR DE LED 8131,Y888 IMPORTACAO EXPORT
C3.0107,GO,39.93,92.0,CORTINA RUSTICA,ADRILAR
C3.0107,TO,40.33,98.0,CORTINA RUSTICA,ADRILAR
C3.0107,PA,39.93,98.0,CORTINA RUSTICA,ADRILAR
C3.0107,MT,39.93,98.0,CORTINA RUSTICA,ADRILAR
C3.0391,GO,5.33,14.0,COSME GOLSS GOLDEN MAGIC BELLA FEMME BF10080,M R DA COSTA COSMETICOS
C3.0391,TO,5.38,15.0,COSME GOLSS GOLDEN MAGIC BELLA FEMME BF10080,M R DA COSTA COSMETICOS
C3.0391,PA,5.33,16.0,COSME GOLSS GOLDEN MAGIC BELLA FEMME BF10080,M R DA COSTA COSMETICOS
C3.0391,MT,5.33,16.0,COSME GOLSS GOLDEN MAGIC BELLA FEMME BF10080,M R DA COSTA COSMETICOS
K11.0064,GO,19.12,52.0,KIT PORTA RACAO E PORTA PETISCO 5 E 2LTS,AZZU
K11.0064,TO,19.31,31.0,KIT PORTA RACAO E PORTA PETISCO 5 E 2LTS,AZZU
K11.0064,PA,19.12,56.0,KIT PORTA RACAO E PORTA PETISCO 5 E 2LTS,AZZU
K11.0064,MT,19.12,56.0,KIT PORTA RACAO E PORTA PETISCO 5 E 2LTS,AZZU
P16.0108,GO,7.43,22.0,POTE PORTA PETISCO DIVERSOS 2LTS,AZZU
P16.0108,TO,7.51,12.0,POTE PORTA PETISCO DIVERSOS 2LTS,AZZU
P16.0108,PA,7.43,26.0,POTE PORTA PETISCO DIVERSOS 2LTS,AZZU
P16.0108,MT,7.43,26.0,POTE PORTA PETISCO DIVERSOS 2LTS,AZZU
K11.0065,GO,14.52,42.0,KIT NEW PRATT DIVERSOS 1500 1000 500ML,AZZU
K11.0065,TO,14.66,44.0,KIT NEW PRATT DIVERSOS 1500 1000 500ML,AZZU
K11.0065,PA,14.52,46.0,KIT NEW PRATT DIVERSOS 1500 1000 500ML,AZZU
K11.0065,MT,14.52,46.0,KIT NEW PRATT DIVERSOS 1500 1000 500ML,AZZU
L12.0031,GO,79.83,229.0,LANTERNA PREMIUM,LUI ELETRONICOS
L12.0031,TO,80.63,231.0,LANTERNA PREMIUM,LUI ELETRONICOS
L12.0031,PA,79.83,232.0,LANTERNA PREMIUM,LUI ELETRONICOS
L12.0031,MT,79.83,232.0,LANTERNA PREMIUM,LUI ELETRONICOS
C3.0039,GO,68.05,178.0,COBERTOR TOQUE DE SEDA KING ESTAMPADO 220X240,NIAZITEX
C3.0039,TO,68.73,178.0,COBERTOR TOQUE DE SEDA KING ESTAMPADO 220X240,NIAZITEX
C3.0039,PA,68.05,178.0,COBERTOR TOQUE DE SEDA KING ESTAMPADO 220X240,NIAZITEX
C3.0039,MT,68.05,178.0,COBERTOR TOQUE DE SEDA KING ESTAMPADO 220X240,NIAZITEX
J10.0071,GO,183.64,526.0,JOGO DE PANELA COLORS FUND 16 24 TAMPA DE ALUM,DENISE ALUMINIOS ALUMINIOS
J10.0071,TO,187.3,536.0,JOGO DE PANELA COLORS FUND 16 24 TAMPA DE ALUM,DENISE ALUMINIOS ALUMINIOS
J10.0071,PA,184.12,527.0,JOGO DE PANELA COLORS FUND 16 24 TAMPA DE ALUM,DENISE ALUMINIOS ALUMINIOS
J10.0071,MT,183.64,526.0,JOGO DE PANELA COLORS FUND 16 24 TAMPA DE ALUM,DENISE ALUMINIOS ALUMINIOS
K11.0066,GO,11.87,38.0,KIT NECESSER,MAG ZY ATACADO
K11.0066,TO,11.98,40.0,KIT NECESSER,MAG ZY ATACADO
K11.0066,PA,11.87,19.0,KIT NECESSER,MAG ZY ATACADO
K11.0066,MT,11.87,19.0,KIT NECESSER,MAG ZY ATACADO
B2.0049,GO,28.46,43.0,BOLSA MOCHILA MATERNIDADE,MAG ZY ATACADO
B2.0049,TO,28.75,43.0,BOLSA MOCHILA MATERNIDADE,MAG ZY ATACADO
B2.0049,PA,28.46,43.0,BOLSA MOCHILA MATERNIDADE,MAG ZY ATACADO
B2.0049,MT,28.46,43.0,BOLSA MOCHILA MATERNIDADE,MAG ZY ATACADO
C3.0392,GO,87.91,242.0,COBERTOR RASCHEL 220X240,FATEX
C3.0392,TO,88.79,129.0,COBERTOR RASCHEL 220X240,FATEX
C3.0392,PA,87.91,128.0,COBERTOR RASCHEL 220X240,FATEX
C3.0392,MT,87.91,128.0,COBERTOR RASCHEL 220X240,FATEX
C3.0393,GO,43.82,122.0,COBERTOR LUSTER 220X240,FATEX
C3.0393,TO,44.25,124.0,COBERTOR LUSTER 220X240,FATEX
C3.0393,PA,43.82,126.0,COBERTOR LUSTER 220X240,FATEX
C3.0393,MT,43.82,126.0,COBERTOR LUSTER 220X240,FATEX
G7.0024,GO,53.97,146.0,GARRAFA TERMICA RATTAN 1LT,LYOR
G7.0024,TO,54.51,148.0,GARRAFA TERMICA RATTAN 1LT,LYOR
G7.0024,PA,53.97,150.0,GARRAFA TERMICA RATTAN 1LT,LYOR
G7.0024,MT,53.97,150.0,GARRAFA TERMICA RATTAN 1LT,LYOR
E5.0010,GO,52.17,146.0,ESPANADOR ELETRICO DE PLASTICO AJUSTAVEL,LYOR
E5.0010,TO,52.69,148.0,ESPANADOR ELETRICO DE PLASTICO AJUSTAVEL,LYOR
E5.0010,PA,52.17,150.0,ESPANADOR ELETRICO DE PLASTICO AJUSTAVEL,LYOR
E5.0010,MT,52.17,150.0,ESPANADOR ELETRICO DE PLASTICO AJUSTAVEL,LYOR
F6.0033,GO,8.77,28.0,FOLHA DECORATIVA DE CRISTAL CHUMBO LEAF,LYOR
F6.0033,TO,8.86,30.0,FOLHA DECORATIVA DE CRISTAL CHUMBO LEAF,LYOR
F6.0033,PA,8.77,32.0,FOLHA DECORATIVA DE CRISTAL CHUMBO LEAF,LYOR
F6.0033,MT,8.77,32.0,FOLHA DECORATIVA DE CRISTAL CHUMBO LEAF,LYOR
B2.0051,GO,5.51,18.0,BANDEJA DE ACO INOX 22CM,RUTMAR
B2.0051,TO,5.57,20.0,BANDEJA DE ACO INOX 22CM,RUTMAR
B2.0051,PA,5.51,22.0,BANDEJA DE ACO INOX 22CM,RUTMAR
B2.0051,MT,5.51,22.0,BANDEJA DE ACO INOX 22CM,RUTMAR
B2.0052,GO,6.6,22.0,BANDEJA DE ACO INOX 25CM,RUTMAR
B2.0052,TO,6.66,24.0,BANDEJA DE ACO INOX 25CM,RUTMAR
B2.0052,PA,6.6,26.0,BANDEJA DE ACO INOX 25CM,RUTMAR
B2.0052,MT,6.6,26.0,BANDEJA DE ACO INOX 25CM,RUTMAR
B2.0053,GO,7.68,26.0,BANDEJA DE ACO INOX 29CM,RUTMAR
B2.0053,TO,7.75,28.0,BANDEJA DE ACO INOX 29CM,RUTMAR
B2.0053,PA,7.68,30.0,BANDEJA DE ACO INOX 29CM,RUTMAR
B2.0053,MT,7.68,30.0,BANDEJA DE ACO INOX 29CM,RUTMAR
B2.0054,GO,8.76,30.0,BANDEJA DE ACO INOX 34CM,RUTMAR
B2.0054,TO,8.85,32.0,BANDEJA DE ACO INOX 34CM,RUTMAR
B2.0054,PA,8.76,34.0,BANDEJA DE ACO INOX 34CM,RUTMAR
B2.0054,MT,8.76,34.0,BANDEJA DE ACO INOX 34CM,RUTMAR
T20.0189,GO,3.56,12.0,TIGELA DE ACO INOX 17CM,RUTMAR
T20.0189,TO,3.6,14.0,TIGELA DE ACO INOX 17CM,RUTMAR
T20.0189,PA,3.56,16.0,TIGELA DE ACO INOX 17CM,RUTMAR
T20.0189,MT,3.56,16.0,TIGELA DE ACO INOX 17CM,RUTMAR
T20.0190,GO,4.54,16.0,TIGELA DE ACO INOX 21CM,RUTMAR
T20.0190,TO,4.58,18.0,TIGELA DE ACO INOX 21CM,RUTMAR
T20.0190,PA,4.54,20.0,TIGELA DE ACO INOX 21CM,RUTMAR
T20.0190,MT,4.54,20.0,TIGELA DE ACO INOX 21CM,RUTMAR
T20.0191,GO,14.18,44.0,TIGELA DE ACO INOX 25CM,RUTMAR
T20.0191,TO,14.32,46.0,TIGELA DE ACO INOX 25CM,RUTMAR
T20.0191,PA,14.18,48.0,TIGELA DE ACO INOX 25CM,RUTMAR
T20.0191,MT,14.18,48.0,TIGELA DE ACO INOX 25CM,RUTMAR
T20.0192,GO,6.16,21.0,TRAVESSA DE ACO INOX 26X19CM,RUTMAR
T20.0192,TO,6.22,23.0,TRAVESSA DE ACO INOX 26X19CM,RUTMAR
T20.0192,PA,6.16,25.0,TRAVESSA DE ACO INOX 26X19CM,RUTMAR
T20.0192,MT,6.16,25.0,TRAVESSA DE ACO INOX 26X19CM,RUTMAR
C3.0394,GO,17.97,62.0,COQUETELEIRA AGITADOR DE VINHO DE ACO INOX 800 ML,RUTMAR
C3.0394,TO,18.15,64.0,COQUETELEIRA AGITADOR DE VINHO DE ACO INOX 800 ML,RUTMAR
C3.0394,PA,17.97,66.0,COQUETELEIRA AGITADOR DE VINHO DE ACO INOX 800 ML,RUTMAR
C3.0394,MT,17.97,66.0,COQUETELEIRA AGITADOR DE VINHO DE ACO INOX 800 ML,RUTMAR
X23.0002,GO,5.08,16.0,XICARA C PIRES DE VIDRO 200ML,RUTMAR
X23.0002,TO,5.13,18.0,XICARA C PIRES DE VIDRO 200ML,RUTMAR
X23.0002,PA,5.08,20.0,XICARA C PIRES DE VIDRO 200ML,RUTMAR
X23.0002,MT,5.08,20.0,XICARA C PIRES DE VIDRO 200ML,RUTMAR
C3.0395,GO,4.0,14.0,CANECA SUMIKO DE VIDRO,RUTMAR
C3.0395,TO,4.04,16.0,CANECA SUMIKO DE VIDRO,RUTMAR
C3.0395,PA,4.0,18.0,CANECA SUMIKO DE VIDRO,RUTMAR
C3.0395,MT,4.0,18.0,CANECA SUMIKO DE VIDRO,RUTMAR
C3.0396,GO,4.0,14.0,CANECA THUNDER 220ML,RUTMAR
C3.0396,TO,4.04,16.0,CANECA THUNDER 220ML,RUTMAR
C3.0396,PA,4.0,18.0,CANECA THUNDER 220ML,RUTMAR
C3.0396,MT,4.0,18.0,CANECA THUNDER 220ML,RUTMAR
J10.0074,GO,33.71,95.0,JOGO 6 CANECAS DE VIDRO 220ML RUTMAR,RUTMAR
J10.0074,TO,34.04,54.0,JOGO 6 CANECAS DE VIDRO 220ML RUTMAR,RUTMAR
J10.0074,PA,33.71,97.0,JOGO 6 CANECAS DE VIDRO 220ML RUTMAR,RUTMAR
J10.0074,MT,33.71,97.0,JOGO 6 CANECAS DE VIDRO 220ML RUTMAR,RUTMAR
T20.0193,GO,10.93,36.0,TACA DE GIN 645ML,RUTMAR
T20.0193,TO,11.04,38.0,TACA DE GIN 645ML,RUTMAR
T20.0193,PA,10.93,40.0,TACA DE GIN 645ML,RUTMAR
T20.0193,MT,10.93,40.0,TACA DE GIN 645ML,RUTMAR
X23.0003,GO,5.62,18.0,XICARA DE CAFE C PIRES VENEZA,RUTMAR
X23.0003,TO,5.68,20.0,XICARA DE CAFE C PIRES VENEZA,RUTMAR
X23.0003,PA,5.62,22.0,XICARA DE CAFE C PIRES VENEZA,RUTMAR
X23.0003,MT,5.62,22.0,XICARA DE CAFE C PIRES VENEZA,RUTMAR
G7.0025,GO,411.12,799.0,GARRAFA TERMICA ISABEL 1LT,HOME
G7.0025,TO,415.23,662.0,GARRAFA TERMICA ISABEL 1LT,HOME
G7.0025,PA,411.12,803.0,GARRAFA TERMICA ISABEL 1LT,HOME
G7.0025,MT,411.12,803.0,GARRAFA TERMICA ISABEL 1LT,HOME
G7.0026,GO,368.15,719.0,GARRAFA TERMICA ELIZABETH 1LT,HOME
G7.0026,TO,371.83,593.0,GARRAFA TERMICA ELIZABETH 1LT,HOME
G7.0026,PA,368.15,723.0,GARRAFA TERMICA ELIZABETH 1LT,HOME
G7.0026,MT,368.15,723.0,GARRAFA TERMICA ELIZABETH 1LT,HOME
G7.0027,GO,355.38,709.0,GARRAFA TERMICA CHARLOTTE 1LT,HOME
G7.0027,TO,358.93,711.0,GARRAFA TERMICA CHARLOTTE 1LT,HOME
G7.0027,PA,355.38,713.0,GARRAFA TERMICA CHARLOTTE 1LT,HOME
G7.0027,MT,355.38,713.0,GARRAFA TERMICA CHARLOTTE 1LT,HOME
G7.0028,GO,363.51,719.0,GARRAFA TERMICA LADY DI 1LT,HOME
G7.0028,TO,367.14,585.0,GARRAFA TERMICA LADY DI 1LT,HOME
G7.0028,PA,363.51,723.0,GARRAFA TERMICA LADY DI 1LT,HOME
G7.0028,MT,363.51,723.0,GARRAFA TERMICA LADY DI 1LT,HOME
G7.0029,GO,231.11,499.0,GARRAFA TERMICA CATARINA 1LT,HOME
G7.0029,TO,233.42,372.0,GARRAFA TERMICA CATARINA 1LT,HOME
G7.0029,PA,231.11,503.0,GARRAFA TERMICA CATARINA 1LT,HOME
G7.0029,MT,231.11,503.0,GARRAFA TERMICA CATARINA 1LT,HOME
K11.0067,GO,32.61,98.0,KIT LAVABO MARMORE 3 PCS 544053,CANDURA DIST
K11.0067,TO,32.93,98.0,KIT LAVABO MARMORE 3 PCS 544053,CANDURA DIST
K11.0067,PA,32.61,52.0,KIT LAVABO MARMORE 3 PCS 544053,CANDURA DIST
K11.0067,MT,32.61,52.0,KIT LAVABO MARMORE 3 PCS 544053,CANDURA DIST
K11.0068,GO,32.61,98.0,KIT LAVABO ARAMADO 3 PCS 544039,CANDURA DIST
K11.0068,TO,32.93,98.0,KIT LAVABO ARAMADO 3 PCS 544039,CANDURA DIST
K11.0068,PA,32.61,52.0,KIT LAVABO ARAMADO 3 PCS 544039,CANDURA DIST
K11.0068,MT,32.61,52.0,KIT LAVABO ARAMADO 3 PCS 544039,CANDURA DIST
K11.0069,GO,32.61,98.0,KIT LAVABO BAMBU 3PCS 544046,CANDURA DIST
K11.0069,TO,32.93,98.0,KIT LAVABO BAMBU 3PCS 544046,CANDURA DIST
K11.0069,PA,32.61,52.0,KIT LAVABO BAMBU 3PCS 544046,CANDURA DIST
K11.0069,MT,32.61,52.0,KIT LAVABO BAMBU 3PCS 544046,CANDURA DIST
K11.0070,GO,23.08,69.0,KIT LAVABO TRADICIONAL 3PCS 544084,CANDURA DIST
K11.0070,TO,23.31,69.0,KIT LAVABO TRADICIONAL 3PCS 544084,CANDURA DIST
K11.0070,PA,23.08,69.0,KIT LAVABO TRADICIONAL 3PCS 544084,CANDURA DIST
K11.0070,MT,23.08,69.0,KIT LAVABO TRADICIONAL 3PCS 544084,CANDURA DIST
K11.0071,GO,23.08,69.0,KIT LAVABO CONCHAS DO MAR 3PCS 544114,CANDURA DIST
K11.0071,TO,23.31,69.0,KIT LAVABO CONCHAS DO MAR 3PCS 544114,CANDURA DIST
K11.0071,PA,23.08,69.0,KIT LAVABO CONCHAS DO MAR 3PCS 544114,CANDURA DIST
K11.0071,MT,23.08,69.0,KIT LAVABO CONCHAS DO MAR 3PCS 544114,CANDURA DIST
K11.0072,GO,23.08,69.0,KIT LAVABO BATH 3 PCS 544077,CANDURA DIST
K11.0072,TO,23.31,69.0,KIT LAVABO BATH 3 PCS 544077,CANDURA DIST
K11.0072,PA,23.08,69.0,KIT LAVABO BATH 3 PCS 544077,CANDURA DIST
K11.0072,MT,23.08,69.0,KIT LAVABO BATH 3 PCS 544077,CANDURA DIST
K11.0073,GO,23.08,69.0,KIT LAVABO BRUSH WASH 3PCS 544060,CANDURA DIST
K11.0073,TO,23.31,69.0,KIT LAVABO BRUSH WASH 3PCS 544060,CANDURA DIST
K11.0073,PA,23.08,69.0,KIT LAVABO BRUSH WASH 3PCS 544060,CANDURA DIST
K11.0073,MT,23.08,69.0,KIT LAVABO BRUSH WASH 3PCS 544060,CANDURA DIST
G7.0030,GO,52.37,80.0,GARRAFA UNITERMI INOX 1LT VERONA 740615,CANDURA DIST
G7.0030,TO,52.89,80.0,GARRAFA UNITERMI INOX 1LT VERONA 740615,CANDURA DIST
G7.0030,PA,54.97,80.0,GARRAFA UNITERMI INOX 1LT VERONA 740615,CANDURA DIST
G7.0030,MT,52.37,80.0,GARRAFA UNITERMI INOX 1LT VERONA 740615,CANDURA DIST
T20.0194,GO,73.09,196.0,TAPETE REDONDO 1.40MT,CANDURA DIST
T20.0194,TO,73.82,197.0,TAPETE REDONDO 1.40MT,CANDURA DIST
T20.0194,PA,73.09,198.0,TAPETE REDONDO 1.40MT,CANDURA DIST
T20.0194,MT,73.09,198.0,TAPETE REDONDO 1.40MT,CANDURA DIST
T20.0195,GO,133.55,326.0,TAPETE REDONDO 2MT,CANDURA DIST
T20.0195,TO,134.89,327.0,TAPETE REDONDO 2MT,CANDURA DIST
T20.0195,PA,133.55,328.0,TAPETE REDONDO 2MT,CANDURA DIST
T20.0195,MT,133.55,328.0,TAPETE REDONDO 2MT,CANDURA DIST
M13.0024,GO,32.51,86.0,MANTA VENEZA SORTIDA 180X230,DOMMUN
M13.0024,TO,32.83,52.0,MANTA VENEZA SORTIDA 180X230,DOMMUN
M13.0024,PA,32.51,52.0,MANTA VENEZA SORTIDA 180X230,DOMMUN
M13.0024,MT,32.51,52.0,MANTA VENEZA SORTIDA 180X230,DOMMUN
P16.0109,GO,161.49,419.0,PESEIRA TRICO OTTAWA QUEEN 230X060,DOMMUN
P16.0109,TO,163.1,220.0,PESEIRA TRICO OTTAWA QUEEN 230X060,DOMMUN
P16.0109,PA,161.49,423.0,PESEIRA TRICO OTTAWA QUEEN 230X060,DOMMUN
P16.0109,MT,161.49,423.0,PESEIRA TRICO OTTAWA QUEEN 230X060,DOMMUN
M13.0038,GO,28.09,76.0,MANTA VENEZA SORTIDA 140X230,DOMMUN
M13.0038,TO,28.37,45.0,MANTA VENEZA SORTIDA 140X230,DOMMUN
M13.0038,PA,28.09,45.0,MANTA VENEZA SORTIDA 140X230,DOMMUN
M13.0038,MT,28.09,45.0,MANTA VENEZA SORTIDA 140X230,DOMMUN
C3.0235,GO,8.93,26.0,CAPA DE ALMOFADA JASMIN SORTIDA 43X43,DOMMUN
C3.0235,TO,9.02,28.0,CAPA DE ALMOFADA JASMIN SORTIDA 43X43,DOMMUN
C3.0235,PA,8.93,30.0,CAPA DE ALMOFADA JASMIN SORTIDA 43X43,DOMMUN
C3.0235,MT,8.93,30.0,CAPA DE ALMOFADA JASMIN SORTIDA 43X43,DOMMUN
J10.0059,GO,19.06,52.0,JOGO GUARDANAPO 2PCS ISTAMBUL 40X40,DOMMUN
J10.0059,TO,19.25,31.0,JOGO GUARDANAPO 2PCS ISTAMBUL 40X40,DOMMUN
J10.0059,PA,19.06,56.0,JOGO GUARDANAPO 2PCS ISTAMBUL 40X40,DOMMUN
J10.0059,MT,19.06,56.0,JOGO GUARDANAPO 2PCS ISTAMBUL 40X40,DOMMUN
M13.0037,GO,59.2,162.0,MANTA LIVORINO 100% ALG 150X230,DOMMUN
M13.0037,TO,59.79,95.0,MANTA LIVORINO 100% ALG 150X230,DOMMUN
M13.0037,PA,59.2,166.0,MANTA LIVORINO 100% ALG 150X230,DOMMUN
M13.0037,MT,59.2,166.0,MANTA LIVORINO 100% ALG 150X230,DOMMUN
K11.0074,GO,28.54,86.0,KIT BANDEJA INOX 22 25 29 34CM,RUTMAR
K11.0074,TO,28.83,88.0,KIT BANDEJA INOX 22 25 29 34CM,RUTMAR
K11.0074,PA,28.54,46.0,KIT BANDEJA INOX 22 25 29 34CM,RUTMAR
K11.0074,MT,28.54,46.0,KIT BANDEJA INOX 22 25 29 34CM,RUTMAR
K11.0076,GO,28.43,84.0,KIT TIGELA INOX 17 21 25 26X19CM,RUTMAR
K11.0076,TO,28.72,86.0,KIT TIGELA INOX 17 21 25 26X19CM,RUTMAR
K11.0076,PA,28.43,45.0,KIT TIGELA INOX 17 21 25 26X19CM,RUTMAR
K11.0076,MT,28.43,45.0,KIT TIGELA INOX 17 21 25 26X19CM,RUTMAR
G7.0031,GO,30.1,82.0,GARRAFA VACUM 800ML,XDX TALHERES
G7.0031,TO,30.4,84.0,GARRAFA VACUM 800ML,XDX TALHERES
G7.0031,PA,30.1,86.0,GARRAFA VACUM 800ML,XDX TALHERES
G7.0031,MT,30.1,86.0,GARRAFA VACUM 800ML,XDX TALHERES
V22.0004,GO,83.19,100.0,VASO VIDRO ITALY 13.5X11X14,LYOR
V22.0004,TO,84.02,100.0,VASO VIDRO ITALY 13.5X11X14,LYOR
V22.0004,PA,83.19,100.0,VASO VIDRO ITALY 13.5X11X14,LYOR
V22.0004,MT,83.19,100.0,VASO VIDRO ITALY 13.5X11X14,LYOR
V22.0005,GO,102.93,124.0,VASO VIDRO ITALY 15X13X16,LYOR
V22.0005,TO,103.96,124.0,VASO VIDRO ITALY 15X13X16,LYOR
V22.0005,PA,102.93,124.0,VASO VIDRO ITALY 15X13X16,LYOR
V22.0005,MT,102.93,124.0,VASO VIDRO ITALY 15X13X16,LYOR
V22.0006,GO,74.94,222.0,VASO VIDRO ITALY 13X11X10,LYOR
V22.0006,TO,75.69,121.0,VASO VIDRO ITALY 13X11X10,LYOR
V22.0006,PA,74.94,226.0,VASO VIDRO ITALY 13X11X10,LYOR
V22.0006,MT,74.94,226.0,VASO VIDRO ITALY 13X11X10,LYOR
V22.0007,GO,91.05,266.0,VASO VIDRO ITALY 15X12X12.5,LYOR
V22.0007,TO,91.96,147.0,VASO VIDRO ITALY 15X12X12.5,LYOR
V22.0007,PA,91.05,270.0,VASO VIDRO ITALY 15X12X12.5,LYOR
V22.0007,MT,91.05,270.0,VASO VIDRO ITALY 15X12X12.5,LYOR
V22.0008,GO,111.84,326.0,VASO VIDRO ITALY 17X14X16.5,LYOR
V22.0008,TO,112.96,180.0,VASO VIDRO ITALY 17X14X16.5,LYOR
V22.0008,PA,111.84,330.0,VASO VIDRO ITALY 17X14X16.5,LYOR
V22.0008,MT,111.84,330.0,VASO VIDRO ITALY 17X14X16.5,LYOR
J10.0072,GO,20.06,59.0,JOGO DE XICARAS CHA DESENHO CORACAO 80ML,AMIGOLD
J10.0072,TO,20.26,60.0,JOGO DE XICARAS CHA DESENHO CORACAO 80ML,AMIGOLD
J10.0072,PA,20.06,61.0,JOGO DE XICARAS CHA DESENHO CORACAO 80ML,AMIGOLD
J10.0072,MT,20.06,61.0,JOGO DE XICARAS CHA DESENHO CORACAO 80ML,AMIGOLD
J10.0073,GO,59.91,168.0,JOGO DE XICARAS ITALIANA 12PCS,AMIGOLD
J10.0073,TO,60.51,170.0,JOGO DE XICARAS ITALIANA 12PCS,AMIGOLD
J10.0073,PA,59.91,172.0,JOGO DE XICARAS ITALIANA 12PCS,AMIGOLD
J10.0073,MT,59.91,172.0,JOGO DE XICARAS ITALIANA 12PCS,AMIGOLD
E5.0011,GO,750.29,1500.0,EXPOSITOR DE OCULOS G,SPECTRE
E5.0011,TO,757.8,1500.0,EXPOSITOR DE OCULOS G,SPECTRE
E5.0011,PA,750.29,1500.0,EXPOSITOR DE OCULOS G,SPECTRE
E5.0011,MT,750.29,1500.0,EXPOSITOR DE OCULOS G,SPECTRE
E5.0012,GO,285.75,580.0,EXPOSITOR DE OCULOS P,SPECTRE
E5.0012,TO,288.61,580.0,EXPOSITOR DE OCULOS P,SPECTRE
E5.0012,PA,285.75,370.0,EXPOSITOR DE OCULOS P,SPECTRE
E5.0012,MT,285.75,370.0,EXPOSITOR DE OCULOS P,SPECTRE
L12.0032,GO,99.3,275.0,LUMINARIA BATATA FRITA KAWAII USARE,FLORIPA ROTO
L12.0032,TO,100.29,160.0,LUMINARIA BATATA FRITA KAWAII USARE,FLORIPA ROTO
L12.0032,PA,99.3,150.0,LUMINARIA BATATA FRITA KAWAII USARE,FLORIPA ROTO
L12.0032,MT,99.3,150.0,LUMINARIA BATATA FRITA KAWAII USARE,FLORIPA ROTO
L12.0033,GO,101.62,277.0,LUMINARIA BOLA DE FUTEBOL USARE,FLORIPA ROTO
L12.0033,TO,102.64,279.0,LUMINARIA BOLA DE FUTEBOL USARE,FLORIPA ROTO
L12.0033,PA,101.62,154.0,LUMINARIA BOLA DE FUTEBOL USARE,FLORIPA ROTO
L12.0033,MT,101.62,154.0,LUMINARIA BOLA DE FUTEBOL USARE,FLORIPA ROTO
L12.0034,GO,118.35,325.0,LUMINARIA PAC MAN USARE,FLORIPA ROTO
L12.0034,TO,119.53,191.0,LUMINARIA PAC MAN USARE,FLORIPA ROTO
L12.0034,PA,118.35,180.0,LUMINARIA PAC MAN USARE,FLORIPA ROTO
L12.0034,MT,118.35,180.0,LUMINARIA PAC MAN USARE,FLORIPA ROTO
L12.0035,GO,103.95,285.0,LUMINARIA CUPCAKE KAWAII USARE,FLORIPA ROTO
L12.0035,TO,104.99,167.0,LUMINARIA CUPCAKE KAWAII USARE,FLORIPA ROTO
L12.0035,PA,103.95,157.0,LUMINARIA CUPCAKE KAWAII USARE,FLORIPA ROTO
L12.0035,MT,103.95,157.0,LUMINARIA CUPCAKE KAWAII USARE,FLORIPA ROTO
L12.0036,GO,110.22,305.0,LUMINARIA PAC MAN FANTASMA AZUL USARE,FLORIPA ROTO
L12.0036,TO,111.32,178.0,LUMINARIA PAC MAN FANTASMA AZUL USARE,FLORIPA ROTO
L12.0036,PA,110.22,167.0,LUMINARIA PAC MAN FANTASMA AZUL USARE,FLORIPA ROTO
L12.0036,MT,110.22,167.0,LUMINARIA PAC MAN FANTASMA AZUL USARE,FLORIPA ROTO
L12.0037,GO,118.12,325.0,LUMINARIA REX TOY STORY USARE,FLORIPA ROTO
L12.0037,TO,119.3,190.0,LUMINARIA REX TOY STORY USARE,FLORIPA ROTO
L12.0037,PA,118.12,180.0,LUMINARIA REX TOY STORY USARE,FLORIPA ROTO
L12.0037,MT,118.12,180.0,LUMINARIA REX TOY STORY USARE,FLORIPA ROTO
L12.0038,GO,114.86,315.0,LUMINARIA LUA DE MESA USARE,FLORIPA ROTO
L12.0038,TO,116.01,185.0,LUMINARIA LUA DE MESA USARE,FLORIPA ROTO
L12.0038,PA,114.86,175.0,LUMINARIA LUA DE MESA USARE,FLORIPA ROTO
L12.0038,MT,114.86,175.0,LUMINARIA LUA DE MESA USARE,FLORIPA ROTO
L12.0039,GO,14.98,38.0,LUMINARIA LAMPADA LED BOLINHA 4W USARE,FLORIPA ROTO
L12.0039,TO,15.13,24.0,LUMINARIA LAMPADA LED BOLINHA 4W USARE,FLORIPA ROTO
L12.0039,PA,14.98,24.0,LUMINARIA LAMPADA LED BOLINHA 4W USARE,FLORIPA ROTO
L12.0039,MT,14.98,24.0,LUMINARIA LAMPADA LED BOLINHA 4W USARE,FLORIPA ROTO
L12.0040,GO,107.43,295.0,LUMINARIA CACTUS FLOR KAWAII USARE,FLORIPA ROTO
L12.0040,TO,108.5,297.0,LUMINARIA CACTUS FLOR KAWAII USARE,FLORIPA ROTO
L12.0040,PA,107.43,163.0,LUMINARIA CACTUS FLOR KAWAII USARE,FLORIPA ROTO
L12.0040,MT,107.43,163.0,LUMINARIA CACTUS FLOR KAWAII USARE,FLORIPA ROTO
L12.0041,GO,122.3,295.0,LUMINARIA STITCH USARE,FLORIPA ROTO
L12.0041,TO,123.52,197.0,LUMINARIA STITCH USARE,FLORIPA ROTO
L12.0041,PA,122.3,187.0,LUMINARIA STITCH USARE,FLORIPA ROTO
L12.0041,MT,122.3,187.0,LUMINARIA STITCH USARE,FLORIPA ROTO
L12.0042,GO,128.1,355.0,LUMINARIA MIKE WAZOWSKI USARE,FLORIPA ROTO
L12.0042,TO,129.38,206.0,LUMINARIA MIKE WAZOWSKI USARE,FLORIPA ROTO
L12.0042,PA,128.1,196.0,LUMINARIA MIKE WAZOWSKI USARE,FLORIPA ROTO
L12.0042,MT,128.1,196.0,LUMINARIA MIKE WAZOWSKI USARE,FLORIPA ROTO
L12.0043,GO,115.1,315.0,LUMINARIA BUSTO DAVI BRANCO USARE,FLORIPA ROTO
L12.0043,TO,116.25,317.0,LUMINARIA BUSTO DAVI BRANCO USARE,FLORIPA ROTO
L12.0043,PA,115.1,319.0,LUMINARIA BUSTO DAVI BRANCO USARE,FLORIPA ROTO
L12.0043,MT,115.1,319.0,LUMINARIA BUSTO DAVI BRANCO USARE,FLORIPA ROTO
L12.0044,GO,118.35,325.0,LUMINARIA OLAF USARE,FLORIPA ROTO
L12.0044,TO,119.53,191.0,LUMINARIA OLAF USARE,FLORIPA ROTO
L12.0044,PA,118.35,180.0,LUMINARIA OLAF USARE,FLORIPA ROTO
L12.0044,MT,118.35,180.0,LUMINARIA OLAF USARE,FLORIPA ROTO
L12.0045,GO,108.36,295.0,LUMINARIA FLAMINGO ROSA USARE,FLORIPA ROTO
L12.0045,TO,109.44,175.0,LUMINARIA FLAMINGO ROSA USARE,FLORIPA ROTO
L12.0045,PA,108.36,299.0,LUMINARIA FLAMINGO ROSA USARE,FLORIPA ROTO
L12.0045,MT,108.36,299.0,LUMINARIA FLAMINGO ROSA USARE,FLORIPA ROTO
F6.0034,GO,75.72,179.0,FOGAREIRO PORTATIL BESTFER,0
F6.0034,TO,76.48,125.0,FOGAREIRO PORTATIL BESTFER,0
F6.0034,PA,75.72,114.0,FOGAREIRO PORTATIL BESTFER,0
F6.0034,MT,75.72,114.0,FOGAREIRO PORTATIL BESTFER,0
C3.0397,GO,14.94,48.0,CHALEIRA COM INFUSOR 750ML,FU XIN
C3.0397,TO,15.09,49.0,CHALEIRA COM INFUSOR 750ML,FU XIN
C3.0397,PA,14.94,50.0,CHALEIRA COM INFUSOR 750ML,FU XIN
C3.0397,MT,14.94,50.0,CHALEIRA COM INFUSOR 750ML,FU XIN
C3.0398,GO,17.1,58.0,CHALEIRA COM INFUSOR 1.250ML,FU XIN
C3.0398,TO,17.27,59.0,CHALEIRA COM INFUSOR 1.250ML,FU XIN
C3.0398,PA,17.1,60.0,CHALEIRA COM INFUSOR 1.250ML,FU XIN
C3.0398,MT,17.1,60.0,CHALEIRA COM INFUSOR 1.250ML,FU XIN
P16.0110,GO,28.54,79.0,PORTA CONDIMENTOS MAGNETICO 5PCS,FU XIN
P16.0110,TO,28.83,46.0,PORTA CONDIMENTOS MAGNETICO 5PCS,FU XIN
P16.0110,PA,28.54,81.0,PORTA CONDIMENTOS MAGNETICO 5PCS,FU XIN
P16.0110,MT,28.54,81.0,PORTA CONDIMENTOS MAGNETICO 5PCS,FU XIN
L12.0046,GO,76.49,215.0,LUMINARIA ABACAXI DECORFAN,SP COMERCIO LTDA
L12.0046,TO,77.26,123.0,LUMINARIA ABACAXI DECORFAN,SP COMERCIO LTDA
L12.0046,PA,76.49,116.0,LUMINARIA ABACAXI DECORFAN,SP COMERCIO LTDA
L12.0046,MT,76.49,116.0,LUMINARIA ABACAXI DECORFAN,SP COMERCIO LTDA
L12.0047,GO,76.49,215.0,LUMINARIA ANJO FIO AZUL DECORFUN,SP COMERCIO LTDA
L12.0047,TO,77.26,217.0,LUMINARIA ANJO FIO AZUL DECORFUN,SP COMERCIO LTDA
L12.0047,PA,76.49,219.0,LUMINARIA ANJO FIO AZUL DECORFUN,SP COMERCIO LTDA
L12.0047,MT,76.49,219.0,LUMINARIA ANJO FIO AZUL DECORFUN,SP COMERCIO LTDA
L12.0048,GO,76.49,215.0,LUMINARIA ANJO FIO NATURAL DECORFUN,SP COMERCIO LTDA
L12.0048,TO,77.26,123.0,LUMINARIA ANJO FIO NATURAL DECORFUN,SP COMERCIO LTDA
L12.0048,PA,76.49,219.0,LUMINARIA ANJO FIO NATURAL DECORFUN,SP COMERCIO LTDA
L12.0048,MT,76.49,219.0,LUMINARIA ANJO FIO NATURAL DECORFUN,SP COMERCIO LTDA
L12.0049,GO,81.23,225.0,LUMINARIA ANJO FIO ROSA DECORFUN,SP COMERCIO LTDA
L12.0049,TO,82.05,131.0,LUMINARIA ANJO FIO ROSA DECORFUN,SP COMERCIO LTDA
L12.0049,PA,81.23,229.0,LUMINARIA ANJO FIO ROSA DECORFUN,SP COMERCIO LTDA
L12.0049,MT,81.23,229.0,LUMINARIA ANJO FIO ROSA DECORFUN,SP COMERCIO LTDA
L12.0050,GO,79.98,225.0,LUMINARIA ASTRONAUTA DECORFUN,SP COMERCIO LTDA
L12.0050,TO,80.78,129.0,LUMINARIA ASTRONAUTA DECORFUN,SP COMERCIO LTDA
L12.0050,PA,79.98,122.0,LUMINARIA ASTRONAUTA DECORFUN,SP COMERCIO LTDA
L12.0050,MT,79.98,122.0,LUMINARIA ASTRONAUTA DECORFUN,SP COMERCIO LTDA
L12.0051,GO,90.43,255.0,LUMINARIA CAPACETE ASTRONAUTA DECORFUN,SP COMERCIO LTDA
L12.0051,TO,91.33,146.0,LUMINARIA CAPACETE ASTRONAUTA DECORFUN,SP COMERCIO LTDA
L12.0051,PA,90.43,259.0,LUMINARIA CAPACETE ASTRONAUTA DECORFUN,SP COMERCIO LTDA
L12.0051,MT,90.43,259.0,LUMINARIA CAPACETE ASTRONAUTA DECORFUN,SP COMERCIO LTDA
L12.0052,GO,86.95,235.0,LUMINARIA CONTROLE PLAYSTATION PS4 DECORFUN,SP COMERCIO LTDA
L12.0052,TO,87.82,237.0,LUMINARIA CONTROLE PLAYSTATION PS4 DECORFUN,SP COMERCIO LTDA
L12.0052,PA,86.95,133.0,LUMINARIA CONTROLE PLAYSTATION PS4 DECORFUN,SP COMERCIO LTDA
L12.0052,MT,86.95,133.0,LUMINARIA CONTROLE PLAYSTATION PS4 DECORFUN,SP COMERCIO LTDA
L12.0053,GO,118.3,315.0,LUMINARIA  CONTROLE PS5 DECORFUN,SP COMERCIO LTDA
L12.0053,TO,119.49,317.0,LUMINARIA  CONTROLE PS5 DECORFUN,SP COMERCIO LTDA
L12.0053,PA,118.3,319.0,LUMINARIA  CONTROLE PS5 DECORFUN,SP COMERCIO LTDA
L12.0053,MT,118.3,319.0,LUMINARIA  CONTROLE PS5 DECORFUN,SP COMERCIO LTDA
L12.0054,GO,57.91,155.0,LUMINARIA CORACAO MAE PRESENTE DE DEUS DECORFUN,SP COMERCIO LTDA
L12.0054,TO,58.49,93.0,LUMINARIA CORACAO MAE PRESENTE DE DEUS DECORFUN,SP COMERCIO LTDA
L12.0054,PA,57.91,87.0,LUMINARIA CORACAO MAE PRESENTE DE DEUS DECORFUN,SP COMERCIO LTDA
L12.0054,MT,57.91,87.0,LUMINARIA CORACAO MAE PRESENTE DE DEUS DECORFUN,SP COMERCIO LTDA
L12.0055,GO,76.49,215.0,LUMINARIA CORUJA NATURAL DECORFUN,SP COMERCIO LTDA
L12.0055,TO,77.26,123.0,LUMINARIA CORUJA NATURAL DECORFUN,SP COMERCIO LTDA
L12.0055,PA,76.49,219.0,LUMINARIA CORUJA NATURAL DECORFUN,SP COMERCIO LTDA
L12.0055,MT,76.49,219.0,LUMINARIA CORUJA NATURAL DECORFUN,SP COMERCIO LTDA
L12.0056,GO,76.49,215.0,LUMINARIA CORUJA ROSA DECORFUN,SP COMERCIO LTDA
L12.0056,TO,77.26,123.0,LUMINARIA CORUJA ROSA DECORFUN,SP COMERCIO LTDA
L12.0056,PA,76.49,219.0,LUMINARIA CORUJA ROSA DECORFUN,SP COMERCIO LTDA
L12.0056,MT,76.49,219.0,LUMINARIA CORUJA ROSA DECORFUN,SP COMERCIO LTDA
L12.0057,GO,76.49,215.0,LUMINARIA ESTRELA AZUL DECORFUN,SP COMERCIO LTDA
L12.0057,TO,77.26,217.0,LUMINARIA ESTRELA AZUL DECORFUN,SP COMERCIO LTDA
L12.0057,PA,76.49,116.0,LUMINARIA ESTRELA AZUL DECORFUN,SP COMERCIO LTDA
L12.0057,MT,76.49,116.0,LUMINARIA ESTRELA AZUL DECORFUN,SP COMERCIO LTDA
L12.0058,GO,76.49,215.0,LUMINARIA ESTRELA NATURAL DECORFUN,SP COMERCIO LTDA
L12.0058,TO,77.26,123.0,LUMINARIA ESTRELA NATURAL DECORFUN,SP COMERCIO LTDA
L12.0058,PA,76.49,116.0,LUMINARIA ESTRELA NATURAL DECORFUN,SP COMERCIO LTDA
L12.0058,MT,76.49,116.0,LUMINARIA ESTRELA NATURAL DECORFUN,SP COMERCIO LTDA
L12.0059,GO,76.49,215.0,LUMINARIA ESTRELA ROSA DECORFUN,SP COMERCIO LTDA
L12.0059,TO,77.26,217.0,LUMINARIA ESTRELA ROSA DECORFUN,SP COMERCIO LTDA
L12.0059,PA,76.49,116.0,LUMINARIA ESTRELA ROSA DECORFUN,SP COMERCIO LTDA
L12.0059,MT,76.49,116.0,LUMINARIA ESTRELA ROSA DECORFUN,SP COMERCIO LTDA
L12.0060,GO,77.65,215.0,LUMINARIA FOGUETE AZUL DECORFUN,SP COMERCIO LTDA
L12.0060,TO,78.43,125.0,LUMINARIA FOGUETE AZUL DECORFUN,SP COMERCIO LTDA
L12.0060,PA,77.65,219.0,LUMINARIA FOGUETE AZUL DECORFUN,SP COMERCIO LTDA
L12.0060,MT,77.65,219.0,LUMINARIA FOGUETE AZUL DECORFUN,SP COMERCIO LTDA
L12.0061,GO,77.65,215.0,LUMINARIA FOGUETE NATURAL DECORFUN,SP COMERCIO LTDA
L12.0061,TO,78.43,125.0,LUMINARIA FOGUETE NATURAL DECORFUN,SP COMERCIO LTDA
L12.0061,PA,77.65,118.0,LUMINARIA FOGUETE NATURAL DECORFUN,SP COMERCIO LTDA
L12.0061,MT,77.65,118.0,LUMINARIA FOGUETE NATURAL DECORFUN,SP COMERCIO LTDA
L12.0062,GO,76.49,215.0,LUMINARIA LUA NATURAL DECORFUN,SP COMERCIO LTDA
L12.0062,TO,77.26,123.0,LUMINARIA LUA NATURAL DECORFUN,SP COMERCIO LTDA
L12.0062,PA,76.49,116.0,LUMINARIA LUA NATURAL DECORFUN,SP COMERCIO LTDA
L12.0062,MT,76.49,116.0,LUMINARIA LUA NATURAL DECORFUN,SP COMERCIO LTDA
L12.0063,GO,43.98,125.0,LUMINARIA RETRATO MAE PRESENTE DE DEUS DECORFUN,SP COMERCIO LTDA
L12.0063,TO,44.42,71.0,LUMINARIA RETRATO MAE PRESENTE DE DEUS DECORFUN,SP COMERCIO LTDA
L12.0063,PA,43.98,129.0,LUMINARIA RETRATO MAE PRESENTE DE DEUS DECORFUN,SP COMERCIO LTDA
L12.0063,MT,43.98,129.0,LUMINARIA RETRATO MAE PRESENTE DE DEUS DECORFUN,SP COMERCIO LTDA
L12.0064,GO,79.98,215.0,LUMINARIA NOSSA SENHORA COM COROA FIO NATURAL DECORFUN,SP COMERCIO LTDA
L12.0064,TO,80.78,129.0,LUMINARIA NOSSA SENHORA COM COROA FIO NATURAL DECORFUN,SP COMERCIO LTDA
L12.0064,PA,79.98,219.0,LUMINARIA NOSSA SENHORA COM COROA FIO NATURAL DECORFUN,SP COMERCIO LTDA
L12.0064,MT,79.98,219.0,LUMINARIA NOSSA SENHORA COM COROA FIO NATURAL DECORFUN,SP COMERCIO LTDA
L12.0065,GO,76.49,215.0,LUMINARIA NUVEM NATURAL DECORFUN,SP COMERCIO LTDA
L12.0065,TO,77.26,123.0,LUMINARIA NUVEM NATURAL DECORFUN,SP COMERCIO LTDA
L12.0065,PA,76.49,116.0,LUMINARIA NUVEM NATURAL DECORFUN,SP COMERCIO LTDA
L12.0065,MT,76.49,116.0,LUMINARIA NUVEM NATURAL DECORFUN,SP COMERCIO LTDA
L12.0066,GO,76.49,215.0,LUMINARIA NUVEM ROSA DECORFUN,SP COMERCIO LTDA
L12.0066,TO,77.26,217.0,LUMINARIA NUVEM ROSA DECORFUN,SP COMERCIO LTDA
L12.0066,PA,76.49,116.0,LUMINARIA NUVEM ROSA DECORFUN,SP COMERCIO LTDA
L12.0066,MT,76.49,116.0,LUMINARIA NUVEM ROSA DECORFUN,SP COMERCIO LTDA
C3.0399,GO,52.19,146.0,COBERTOR LUMINI 300 220X240,CORTTEX
C3.0399,TO,52.71,148.0,COBERTOR LUMINI 300 220X240,CORTTEX
C3.0399,PA,52.19,150.0,COBERTOR LUMINI 300 220X240,CORTTEX
C3.0399,MT,52.19,150.0,COBERTOR LUMINI 300 220X240,CORTTEX
K11.0077,GO,23.95,67.0,KIT RELOGIO FEMININO,MAG ZY ATACADO
K11.0077,TO,24.19,39.0,KIT RELOGIO FEMININO,MAG ZY ATACADO
K11.0077,PA,23.95,69.0,KIT RELOGIO FEMININO,MAG ZY ATACADO
K11.0077,MT,23.95,69.0,KIT RELOGIO FEMININO,MAG ZY ATACADO
J10.0077,GO,33.77,97.0,JOGO XICARAS C PIRES VENEZA 6PCS RUTMAR,RUTMAR
J10.0077,TO,34.11,54.0,JOGO XICARAS C PIRES VENEZA 6PCS RUTMAR,RUTMAR
J10.0077,PA,33.77,99.0,JOGO XICARAS C PIRES VENEZA 6PCS RUTMAR,RUTMAR
J10.0077,MT,33.77,99.0,JOGO XICARAS C PIRES VENEZA 6PCS RUTMAR,RUTMAR
J10.0078,GO,65.56,189.0,JOGO TAÇA DE GIN 645ML 6PCS RUTMAR,RUTMAR
J10.0078,TO,66.21,106.0,JOGO TAÇA DE GIN 645ML 6PCS RUTMAR,RUTMAR
J10.0078,PA,65.56,193.0,JOGO TAÇA DE GIN 645ML 6PCS RUTMAR,RUTMAR
J10.0078,MT,65.56,193.0,JOGO TAÇA DE GIN 645ML 6PCS RUTMAR,RUTMAR
J10.0079,GO,24.02,72.0,JOGO CANECA THUNDER 220ML 6 PCS RUTMAR,RUTMAR
J10.0079,TO,24.26,39.0,JOGO CANECA THUNDER 220ML 6 PCS RUTMAR,RUTMAR
J10.0079,PA,24.02,74.0,JOGO CANECA THUNDER 220ML 6 PCS RUTMAR,RUTMAR
J10.0079,MT,24.02,74.0,JOGO CANECA THUNDER 220ML 6 PCS RUTMAR,RUTMAR
J10.0080,GO,23.96,73.0,JOGO CANECA SUMIKO 6 PCS RUTMAR,RUTMAR
J10.0080,TO,24.2,39.0,JOGO CANECA SUMIKO 6 PCS RUTMAR,RUTMAR
J10.0080,PA,23.96,75.0,JOGO CANECA SUMIKO 6 PCS RUTMAR,RUTMAR
J10.0080,MT,23.96,75.0,JOGO CANECA SUMIKO 6 PCS RUTMAR,RUTMAR
J10.0081,GO,30.46,89.0,JOGO XICARAS C PIRES DE VIDRO 200ML 6 PCS RUTMAR,RUTMAR
J10.0081,TO,30.77,49.0,JOGO XICARAS C PIRES DE VIDRO 200ML 6 PCS RUTMAR,RUTMAR
J10.0081,PA,30.46,91.0,JOGO XICARAS C PIRES DE VIDRO 200ML 6 PCS RUTMAR,RUTMAR
J10.0081,MT,30.46,91.0,JOGO XICARAS C PIRES DE VIDRO 200ML 6 PCS RUTMAR,RUTMAR
R18.0013,GO,127.89,368.0,RELOGIO W8 PRO SMART WATCH,LUI ELETRONICOS
R18.0013,TO,129.17,370.0,RELOGIO W8 PRO SMART WATCH,LUI ELETRONICOS
R18.0013,PA,127.89,372.0,RELOGIO W8 PRO SMART WATCH,LUI ELETRONICOS
R18.0013,MT,127.89,372.0,RELOGIO W8 PRO SMART WATCH,LUI ELETRONICOS
R18.0014,GO,151.37,458.0,RELOGIO BW8 ULTRA SMART WATCH,LUI ELETRONICOS
R18.0014,TO,152.88,460.0,RELOGIO BW8 ULTRA SMART WATCH,LUI ELETRONICOS
R18.0014,PA,151.37,260.0,RELOGIO BW8 ULTRA SMART WATCH,LUI ELETRONICOS
R18.0014,MT,151.37,260.0,RELOGIO BW8 ULTRA SMART WATCH,LUI ELETRONICOS
G7.0034,GO,14.84,39.0,GUARDA CHUVA BLECAUTE,FLAVIA
G7.0034,TO,14.99,40.0,GUARDA CHUVA BLECAUTE,FLAVIA
G7.0034,PA,14.84,41.0,GUARDA CHUVA BLECAUTE,FLAVIA
G7.0034,MT,14.84,41.0,GUARDA CHUVA BLECAUTE,FLAVIA
C3.0400,GO,37.0,108.0,CHALEIRA ELETRICA 1.800ML,CANDURA DIST
C3.0400,TO,51.06,114.0,CHALEIRA ELETRICA 1.800ML,CANDURA DIST
C3.0400,PA,49.5,116.0,CHALEIRA ELETRICA 1.800ML,CANDURA DIST
C3.0400,MT,49.5,108.0,CHALEIRA ELETRICA 1.800ML,CANDURA DIST
C3.0401,GO,11.46,34.0,CONJUNTO DE CABIDES FOLCADOS 3PCS,CANDURA DIST
C3.0401,TO,11.58,18.0,CONJUNTO DE CABIDES FOLCADOS 3PCS,CANDURA DIST
C3.0401,PA,11.46,36.0,CONJUNTO DE CABIDES FOLCADOS 3PCS,CANDURA DIST
C3.0401,MT,11.46,36.0,CONJUNTO DE CABIDES FOLCADOS 3PCS,CANDURA DIST
C3.0402,GO,16.4,58.0,CONJUNTO CANECA COLOR 85ML 6PCS,CANDURA DIST
C3.0402,TO,16.56,59.0,CONJUNTO CANECA COLOR 85ML 6PCS,CANDURA DIST
C3.0402,PA,16.4,60.0,CONJUNTO CANECA COLOR 85ML 6PCS,CANDURA DIST
C3.0402,MT,16.4,60.0,CONJUNTO CANECA COLOR 85ML 6PCS,CANDURA DIST
G7.0010,GO,12.29,35.0,COPO MIAMI 650 ML,CANDURA DIST
G7.0010,TO,12.41,20.0,COPO MIAMI 650 ML,CANDURA DIST
G7.0010,PA,12.29,20.0,COPO MIAMI 650 ML,CANDURA DIST
G7.0010,MT,12.29,20.0,COPO MIAMI 650 ML,CANDURA DIST
K11.0078,GO,51.88,142.0,KIT TERMICO TERERE,CANDURA DIST
K11.0078,TO,52.4,144.0,KIT TERMICO TERERE,CANDURA DIST
K11.0078,PA,54.04,146.0,KIT TERMICO TERERE,CANDURA DIST
K11.0078,MT,58.87,169.0,KIT TERMICO TERERE,CANDURA DIST
K11.0079,GO,14.74,39.0,KIT PA ESCOVA E RODO MULTIUSO 5PCS,CANDURA DIST
K11.0079,TO,14.89,40.0,KIT PA ESCOVA E RODO MULTIUSO 5PCS,CANDURA DIST
K11.0079,PA,14.74,23.0,KIT PA ESCOVA E RODO MULTIUSO 5PCS,CANDURA DIST
K11.0079,MT,14.74,23.0,KIT PA ESCOVA E RODO MULTIUSO 5PCS,CANDURA DIST
J10.0082,GO,21.16,58.0,JARRA CARIBE 2LT,CANDURA DIST
J10.0082,TO,21.38,59.0,JARRA CARIBE 2LT,CANDURA DIST
J10.0082,PA,21.16,60.0,JARRA CARIBE 2LT,CANDURA DIST
J10.0082,MT,21.16,60.0,JARRA CARIBE 2LT,CANDURA DIST
G7.0035,GO,67.23,102.0,GARRAFA TERMICA VERONA INOX 1.8LT,CANDURA DIST
G7.0035,TO,67.9,102.0,GARRAFA TERMICA VERONA INOX 1.8LT,CANDURA DIST
G7.0035,PA,69.83,102.0,GARRAFA TERMICA VERONA INOX 1.8LT,CANDURA DIST
G7.0035,MT,67.23,102.0,GARRAFA TERMICA VERONA INOX 1.8LT,CANDURA DIST
A1.0022,GO,95.32,249.0,ALMOFADAS VELUDO TRAMAS 50X50 DIAM,DOMMUN
A1.0022,TO,96.27,154.0,ALMOFADAS VELUDO TRAMAS 50X50 DIAM,DOMMUN
A1.0022,PA,95.32,249.0,ALMOFADAS VELUDO TRAMAS 50X50 DIAM,DOMMUN
A1.0022,MT,95.32,249.0,ALMOFADAS VELUDO TRAMAS 50X50 DIAM,DOMMUN
A1.0023,GO,95.32,249.0,ALMOFADA VELUDO VISION 30X50,DOMMUN
A1.0023,TO,96.27,154.0,ALMOFADA VELUDO VISION 30X50,DOMMUN
A1.0023,PA,95.32,249.0,ALMOFADA VELUDO VISION 30X50,DOMMUN
A1.0023,MT,95.32,249.0,ALMOFADA VELUDO VISION 30X50,DOMMUN
P16.0111,GO,18.08,46.0,PANQUEQUEIRA N22,CANDURA DIST
P16.0111,TO,18.26,48.0,PANQUEQUEIRA N22,CANDURA DIST
P16.0111,PA,18.08,26.0,PANQUEQUEIRA N22,CANDURA DIST
P16.0111,MT,18.08,26.0,PANQUEQUEIRA N22,CANDURA DIST
H8.0001,GO,20.3,56.0,HAMBURGUEIRA NACIONAL,CANDURA DIST
H8.0001,TO,20.5,58.0,HAMBURGUEIRA NACIONAL,CANDURA DIST
H8.0001,PA,20.3,32.0,HAMBURGUEIRA NACIONAL,CANDURA DIST
H8.0001,MT,20.3,32.0,HAMBURGUEIRA NACIONAL,CANDURA DIST
O15.0033,GO,28.01,76.0,OMELETEIRA N18,CANDURA DIST
O15.0033,TO,28.29,78.0,OMELETEIRA N18,CANDURA DIST
O15.0033,PA,28.01,45.0,OMELETEIRA N18,CANDURA DIST
O15.0033,MT,28.01,45.0,OMELETEIRA N18,CANDURA DIST
K11.0080,GO,83.83,226.0,KIT 3PCS CERAMICA FRIGIDEIRA GRILL ESPATULA,CANDURA DIST
K11.0080,TO,84.67,228.0,KIT 3PCS CERAMICA FRIGIDEIRA GRILL ESPATULA,CANDURA DIST
K11.0080,PA,83.83,134.0,KIT 3PCS CERAMICA FRIGIDEIRA GRILL ESPATULA,CANDURA DIST
K11.0080,MT,83.83,134.0,KIT 3PCS CERAMICA FRIGIDEIRA GRILL ESPATULA,CANDURA DIST
C3.0030,GO,132.0,338.0,CAIXA TERMICA P 7.5LTS M 15LTS 30LTS,CANDURA DIST
C3.0030,TO,133.68,340.0,CAIXA TERMICA P 7.5LTS M 15LTS 30LTS,CANDURA DIST
C3.0030,PA,136.61,342.0,CAIXA TERMICA P 7.5LTS M 15LTS 30LTS,CANDURA DIST
C3.0030,MT,132.0,342.0,CAIXA TERMICA P 7.5LTS M 15LTS 30LTS,CANDURA DIST
E5.0013,GO,51.43,138.0,ESCORREDOR DE LOUCA RETRATIL,CANDURA DIST
E5.0013,TO,51.94,139.0,ESCORREDOR DE LOUCA RETRATIL,CANDURA DIST
E5.0013,PA,51.43,82.0,ESCORREDOR DE LOUCA RETRATIL,CANDURA DIST
E5.0013,MT,51.43,82.0,ESCORREDOR DE LOUCA RETRATIL,CANDURA DIST
C3.0403,GO,9.6,27.0,COPO TERMICO MUNIQUE 350ML,CANDURA DIST
C3.0403,TO,9.7,15.0,COPO TERMICO MUNIQUE 350ML,CANDURA DIST
C3.0403,PA,9.6,15.0,COPO TERMICO MUNIQUE 350ML,CANDURA DIST
C3.0403,MT,9.6,15.0,COPO TERMICO MUNIQUE 350ML,CANDURA DIST
F6.0035,GO,57.69,156.0,FRIGIDEIRA 4 OVOS T V,CANDURA DIST
F6.0035,TO,58.27,157.0,FRIGIDEIRA 4 OVOS T V,CANDURA DIST
F6.0035,PA,57.69,158.0,FRIGIDEIRA 4 OVOS T V,CANDURA DIST
F6.0035,MT,57.69,158.0,FRIGIDEIRA 4 OVOS T V,CANDURA DIST
C3.0404,GO,26.52,72.0,CONJUNTO XICARAS AMERICAN COFFE 90ML 12PCS,CANDURA DIST
C3.0404,TO,26.78,43.0,CONJUNTO XICARAS AMERICAN COFFE 90ML 12PCS,CANDURA DIST
C3.0404,PA,26.52,42.0,CONJUNTO XICARAS AMERICAN COFFE 90ML 12PCS,CANDURA DIST
C3.0404,MT,26.52,42.0,CONJUNTO XICARAS AMERICAN COFFE 90ML 12PCS,CANDURA DIST
P16.0112,GO,27.09,44.0,PET CHIQUEIRINHO,ELO IMPORTS
P16.0112,TO,27.36,45.0,PET CHIQUEIRINHO,ELO IMPORTS
P16.0112,PA,27.09,46.0,PET CHIQUEIRINHO,ELO IMPORTS
P16.0112,MT,27.09,46.0,PET CHIQUEIRINHO,ELO IMPORTS
P16.0113,GO,2.83,5.0,PET RASQUEADEIRA AUTOMATICA M,ELO IMPORTS
P16.0113,TO,2.86,6.0,PET RASQUEADEIRA AUTOMATICA M,ELO IMPORTS
P16.0113,PA,2.83,7.0,PET RASQUEADEIRA AUTOMATICA M,ELO IMPORTS
P16.0113,MT,2.83,7.0,PET RASQUEADEIRA AUTOMATICA M,ELO IMPORTS
G7.0032,GO,21.07,54.0,GARRAFA ALCE APROVA DE VAZAMENTO 680ML,XIN BRASIL
G7.0032,TO,21.28,34.0,GARRAFA ALCE APROVA DE VAZAMENTO 680ML,XIN BRASIL
G7.0032,PA,21.07,34.0,GARRAFA ALCE APROVA DE VAZAMENTO 680ML,XIN BRASIL
G7.0032,MT,21.07,34.0,GARRAFA ALCE APROVA DE VAZAMENTO 680ML,XIN BRASIL
G7.0033,GO,40.13,98.0,GARRAFA TERMICA INFANTIL INOX CANUDO 450ML,XIN BRASIL
G7.0033,TO,40.53,98.0,GARRAFA TERMICA INFANTIL INOX CANUDO 450ML,XIN BRASIL
G7.0033,PA,40.13,64.0,GARRAFA TERMICA INFANTIL INOX CANUDO 450ML,XIN BRASIL
G7.0033,MT,40.13,64.0,GARRAFA TERMICA INFANTIL INOX CANUDO 450ML,XIN BRASIL
G7.0036,GO,45.15,126.0,GARRAFA 2 EM 1 2221,LUI ELETRONICOS
G7.0036,TO,45.6,128.0,GARRAFA 2 EM 1 2221,LUI ELETRONICOS
G7.0036,PA,45.15,72.0,GARRAFA 2 EM 1 2221,LUI ELETRONICOS
G7.0036,MT,45.15,72.0,GARRAFA 2 EM 1 2221,LUI ELETRONICOS
A1.0024,GO,14.11,18.0,ALMOFADA KIDS LICENCIADAS,LEPPER
A1.0024,TO,14.25,18.0,ALMOFADA KIDS LICENCIADAS,LEPPER
A1.0024,PA,14.11,18.0,ALMOFADA KIDS LICENCIADAS,LEPPER
A1.0024,MT,14.11,18.0,ALMOFADA KIDS LICENCIADAS,LEPPER
A1.0025,GO,14.46,18.0,ALMOFADAS KIDS,LEPPER
A1.0025,TO,14.6,18.0,ALMOFADAS KIDS,LEPPER
A1.0025,PA,14.46,18.0,ALMOFADAS KIDS,LEPPER
A1.0025,MT,14.46,18.0,ALMOFADAS KIDS,LEPPER
C3.0405,GO,66.15,166.0,COLCHA ANTIQUE MATELASSE SOLTEIRO 160X230,CAMESA
C3.0405,TO,66.81,168.0,COLCHA ANTIQUE MATELASSE SOLTEIRO 160X230,CAMESA
C3.0405,PA,66.15,170.0,COLCHA ANTIQUE MATELASSE SOLTEIRO 160X230,CAMESA
C3.0405,MT,66.15,170.0,COLCHA ANTIQUE MATELASSE SOLTEIRO 160X230,CAMESA
C3.0406,GO,88.25,222.0,COLCHA ANTIQUE MATELASSE CASAL 220X240,CAMESA
C3.0406,TO,89.13,224.0,COLCHA ANTIQUE MATELASSE CASAL 220X240,CAMESA
C3.0406,PA,88.25,226.0,COLCHA ANTIQUE MATELASSE CASAL 220X240,CAMESA
C3.0406,MT,88.25,226.0,COLCHA ANTIQUE MATELASSE CASAL 220X240,CAMESA
C3.0407,GO,94.81,236.0,COLCHA ANTIQUE MATELASSE QUEEN 240X260,CAMESA
C3.0407,TO,95.76,238.0,COLCHA ANTIQUE MATELASSE QUEEN 240X260,CAMESA
C3.0407,PA,94.81,240.0,COLCHA ANTIQUE MATELASSE QUEEN 240X260,CAMESA
C3.0407,MT,94.81,240.0,COLCHA ANTIQUE MATELASSE QUEEN 240X260,CAMESA
C3.0408,GO,104.73,260.0,COLCHA ANTIQUE MATELASSE KING 260X280,CAMESA
C3.0408,TO,105.78,262.0,COLCHA ANTIQUE MATELASSE KING 260X280,CAMESA
C3.0408,PA,104.73,264.0,COLCHA ANTIQUE MATELASSE KING 260X280,CAMESA
C3.0408,MT,104.73,264.0,COLCHA ANTIQUE MATELASSE KING 260X280,CAMESA
B2.0050,GO,50.17,126.0,BRINQ TYRANOSSAURUS 3330,FENICIA
B2.0050,TO,50.67,128.0,BRINQ TYRANOSSAURUS 3330,FENICIA
B2.0050,PA,50.17,130.0,BRINQ TYRANOSSAURUS 3330,FENICIA
B2.0050,MT,50.17,130.0,BRINQ TYRANOSSAURUS 3330,FENICIA
G7.0037,GO,25.47,76.0,GARRAFA TERMICA ACO INOX 201 1LT RUTMAR,RUTMAR
G7.0037,TO,25.72,77.0,GARRAFA TERMICA ACO INOX 201 1LT RUTMAR,RUTMAR
G7.0037,PA,25.47,78.0,GARRAFA TERMICA ACO INOX 201 1LT RUTMAR,RUTMAR
G7.0037,MT,25.47,78.0,GARRAFA TERMICA ACO INOX 201 1LT RUTMAR,RUTMAR
P16.0114,GO,30.46,88.0,PRATO DE VIDRO RUTMAR,RUTMAR
P16.0114,TO,30.77,89.0,PRATO DE VIDRO RUTMAR,RUTMAR
P16.0114,PA,30.46,90.0,PRATO DE VIDRO RUTMAR,RUTMAR
P16.0114,MT,30.46,90.0,PRATO DE VIDRO RUTMAR,RUTMAR
B2.0055,GO,8.89,27.0,BOMBONIERE RUTMAR,RUTMAR
B2.0055,TO,8.98,14.0,BOMBONIERE RUTMAR,RUTMAR
B2.0055,PA,8.89,29.0,BOMBONIERE RUTMAR,RUTMAR
B2.0055,MT,8.89,29.0,BOMBONIERE RUTMAR,RUTMAR
C3.0409,GO,12.47,36.0,CENTRO DE MESA RUTMAR,RUTMAR
C3.0409,TO,12.59,37.0,CENTRO DE MESA RUTMAR,RUTMAR
C3.0409,PA,12.47,38.0,CENTRO DE MESA RUTMAR,RUTMAR
C3.0409,MT,12.47,38.0,CENTRO DE MESA RUTMAR,RUTMAR
K11.0081,GO,34.73,44.0,KIT 3 GARRAFAS COLORS,LUI ELETRONICOS
K11.0081,TO,35.07,44.0,KIT 3 GARRAFAS COLORS,LUI ELETRONICOS
K11.0081,PA,34.73,44.0,KIT 3 GARRAFAS COLORS,LUI ELETRONICOS
K11.0081,MT,34.73,44.0,KIT 3 GARRAFAS COLORS,LUI ELETRONICOS
M13.0039,GO,36.55,79.0,MINI ASPIRADOR,LUI ELETRONICOS
M13.0039,TO,36.92,59.0,MINI ASPIRADOR,LUI ELETRONICOS
M13.0039,PA,36.55,57.0,MINI ASPIRADOR,LUI ELETRONICOS
M13.0039,MT,36.55,57.0,MINI ASPIRADOR,LUI ELETRONICOS
L12.0067,GO,72.8,116.0,LIXEIRA AUTOMATICA,LUI ELETRONICOS
L12.0067,TO,73.53,218.0,LIXEIRA AUTOMATICA,LUI ELETRONICOS
L12.0067,PA,72.8,115.0,LIXEIRA AUTOMATICA,LUI ELETRONICOS
L12.0067,MT,72.8,115.0,LIXEIRA AUTOMATICA,LUI ELETRONICOS
J10.0083,GO,185.62,522.0,JOGO PANELA ALUMINIO REVESTIMENTO CERAMICA,CANDURA DIST
J10.0083,TO,187.47,523.0,JOGO PANELA ALUMINIO REVESTIMENTO CERAMICA,CANDURA DIST
J10.0083,PA,185.62,296.0,JOGO PANELA ALUMINIO REVESTIMENTO CERAMICA,CANDURA DIST
J10.0083,MT,185.62,296.0,JOGO PANELA ALUMINIO REVESTIMENTO CERAMICA,CANDURA DIST
R18.0015,GO,40.69,132.0,REDE AMAZONAS,FRAN DULTRA
R18.0015,TO,44.42,136.0,REDE AMAZONAS,FRAN DULTRA
R18.0015,PA,41.52,136.0,REDE AMAZONAS,FRAN DULTRA
R18.0015,MT,45.71,136.0,REDE AMAZONAS,FRAN DULTRA
P16.0115,GO,25.97,62.0,PETISQUEIRA FLOR 7 DIVISORIAS,CANDURA DIST
P16.0115,TO,26.23,63.0,PETISQUEIRA FLOR 7 DIVISORIAS,CANDURA DIST
P16.0115,PA,25.97,64.0,PETISQUEIRA FLOR 7 DIVISORIAS,CANDURA DIST
P16.0115,MT,25.97,64.0,PETISQUEIRA FLOR 7 DIVISORIAS,CANDURA DIST
P16.0116,GO,17.53,52.0,PETISQUEIRA CORACAO,CANDURA DIST
P16.0116,TO,17.7,53.0,PETISQUEIRA CORACAO,CANDURA DIST
P16.0116,PA,17.53,54.0,PETISQUEIRA CORACAO,CANDURA DIST
P16.0116,MT,17.53,54.0,PETISQUEIRA CORACAO,CANDURA DIST
C3.0410,GO,27.76,77.0,CAMISETA HOMEM ARANHA PP,ROSSTAMP
C3.0410,TO,28.03,78.0,CAMISETA HOMEM ARANHA PP,ROSSTAMP
C3.0410,PA,27.76,79.0,CAMISETA HOMEM ARANHA PP,ROSSTAMP
C3.0410,MT,27.76,79.0,CAMISETA HOMEM ARANHA PP,ROSSTAMP
C3.0411,GO,27.76,77.0,CAMISETA HOMEM ARANHA P,ROSSTAMP
C3.0411,TO,28.03,45.0,CAMISETA HOMEM ARANHA P,ROSSTAMP
C3.0411,PA,27.76,79.0,CAMISETA HOMEM ARANHA P,ROSSTAMP
C3.0411,MT,27.76,79.0,CAMISETA HOMEM ARANHA P,ROSSTAMP
C3.0412,GO,27.76,77.0,CAMISETA HOMEM ARANHA M,ROSSTAMP
C3.0412,TO,28.03,45.0,CAMISETA HOMEM ARANHA M,ROSSTAMP
C3.0412,PA,27.76,79.0,CAMISETA HOMEM ARANHA M,ROSSTAMP
C3.0412,MT,27.76,79.0,CAMISETA HOMEM ARANHA M,ROSSTAMP
C3.0413,GO,27.76,77.0,CAMISETA BATMAN LOGO CLASSICO GG,ROSSTAMP
C3.0413,TO,28.03,78.0,CAMISETA BATMAN LOGO CLASSICO GG,ROSSTAMP
C3.0413,PA,27.76,79.0,CAMISETA BATMAN LOGO CLASSICO GG,ROSSTAMP
C3.0413,MT,27.76,79.0,CAMISETA BATMAN LOGO CLASSICO GG,ROSSTAMP
C3.0414,GO,27.76,77.0,CAMISETA NARUTO PP,ROSSTAMP
C3.0414,TO,28.03,45.0,CAMISETA NARUTO PP,ROSSTAMP
C3.0414,PA,27.76,79.0,CAMISETA NARUTO PP,ROSSTAMP
C3.0414,MT,27.76,79.0,CAMISETA NARUTO PP,ROSSTAMP
C3.0415,GO,27.76,77.0,CAMISETA NARUTO P,ROSSTAMP
C3.0415,TO,28.03,45.0,CAMISETA NARUTO P,ROSSTAMP
C3.0415,PA,27.76,79.0,CAMISETA NARUTO P,ROSSTAMP
C3.0415,MT,27.76,79.0,CAMISETA NARUTO P,ROSSTAMP
C3.0416,GO,27.76,77.0,CAMISETA NARUTO M,ROSSTAMP
C3.0416,TO,28.03,45.0,CAMISETA NARUTO M,ROSSTAMP
C3.0416,PA,27.76,79.0,CAMISETA NARUTO M,ROSSTAMP
C3.0416,MT,27.76,79.0,CAMISETA NARUTO M,ROSSTAMP
C3.0417,GO,27.76,77.0,CAMISETA STRANGER THINGS PP,ROSSTAMP
C3.0417,TO,28.03,45.0,CAMISETA STRANGER THINGS PP,ROSSTAMP
C3.0417,PA,27.76,79.0,CAMISETA STRANGER THINGS PP,ROSSTAMP
C3.0417,MT,27.76,79.0,CAMISETA STRANGER THINGS PP,ROSSTAMP
C3.0418,GO,27.76,77.0,CAMISETA STRANGER THINGS P,ROSSTAMP
C3.0418,TO,28.03,45.0,CAMISETA STRANGER THINGS P,ROSSTAMP
C3.0418,PA,27.76,79.0,CAMISETA STRANGER THINGS P,ROSSTAMP
C3.0418,MT,27.76,79.0,CAMISETA STRANGER THINGS P,ROSSTAMP
C3.0419,GO,27.76,77.0,CAMISETA STRANGER THINGS M,ROSSTAMP
C3.0419,TO,28.03,45.0,CAMISETA STRANGER THINGS M,ROSSTAMP
C3.0419,PA,27.76,79.0,CAMISETA STRANGER THINGS M,ROSSTAMP
C3.0419,MT,27.76,79.0,CAMISETA STRANGER THINGS M,ROSSTAMP
C3.0420,GO,27.76,77.0,CAMISETA ATAQUE DOS TITAS PP,ROSSTAMP
C3.0420,TO,28.03,78.0,CAMISETA ATAQUE DOS TITAS PP,ROSSTAMP
C3.0420,PA,27.76,79.0,CAMISETA ATAQUE DOS TITAS PP,ROSSTAMP
C3.0420,MT,27.76,79.0,CAMISETA ATAQUE DOS TITAS PP,ROSSTAMP
C3.0421,GO,27.76,77.0,CAMISETA ATAQUE DOS TITAS P,ROSSTAMP
C3.0421,TO,28.03,78.0,CAMISETA ATAQUE DOS TITAS P,ROSSTAMP
C3.0421,PA,27.76,79.0,CAMISETA ATAQUE DOS TITAS P,ROSSTAMP
C3.0421,MT,27.76,79.0,CAMISETA ATAQUE DOS TITAS P,ROSSTAMP
C3.0422,GO,27.76,77.0,CAMISETA ATAQUE DOS TITAS M,ROSSTAMP
C3.0422,TO,28.03,45.0,CAMISETA ATAQUE DOS TITAS M,ROSSTAMP
C3.0422,PA,27.76,79.0,CAMISETA ATAQUE DOS TITAS M,ROSSTAMP
C3.0422,MT,27.76,79.0,CAMISETA ATAQUE DOS TITAS M,ROSSTAMP
C3.0423,GO,27.76,77.0,CAMISETA HELL FIRE STANGER THINGS M,ROSSTAMP
C3.0423,TO,28.03,45.0,CAMISETA HELL FIRE STANGER THINGS M,ROSSTAMP
C3.0423,PA,27.76,79.0,CAMISETA HELL FIRE STANGER THINGS M,ROSSTAMP
C3.0423,MT,27.76,79.0,CAMISETA HELL FIRE STANGER THINGS M,ROSSTAMP
F6.0036,GO,148.3,369.0,FUNKO POP PRINCESA ARIEL,ROSSTAMP
F6.0036,TO,149.78,239.0,FUNKO POP PRINCESA ARIEL,ROSSTAMP
F6.0036,PA,148.3,369.0,FUNKO POP PRINCESA ARIEL,ROSSTAMP
F6.0036,MT,148.3,369.0,FUNKO POP PRINCESA ARIEL,ROSSTAMP
F6.0037,GO,148.3,369.0,FUNKO POP PRINCESA JASMINE,ROSSTAMP
F6.0037,TO,149.78,239.0,FUNKO POP PRINCESA JASMINE,ROSSTAMP
F6.0037,PA,148.3,369.0,FUNKO POP PRINCESA JASMINE,ROSSTAMP
F6.0037,MT,148.3,369.0,FUNKO POP PRINCESA JASMINE,ROSSTAMP
F6.0038,GO,148.3,369.0,FUNKO POP ANA FROZEN,ROSSTAMP
F6.0038,TO,149.78,239.0,FUNKO POP ANA FROZEN,ROSSTAMP
F6.0038,PA,148.3,369.0,FUNKO POP ANA FROZEN,ROSSTAMP
F6.0038,MT,148.3,369.0,FUNKO POP ANA FROZEN,ROSSTAMP
F6.0039,GO,148.3,369.0,FUNKO POP ELZA FROZEN,ROSSTAMP
F6.0039,TO,149.78,239.0,FUNKO POP ELZA FROZEN,ROSSTAMP
F6.0039,PA,148.3,369.0,FUNKO POP ELZA FROZEN,ROSSTAMP
F6.0039,MT,148.3,369.0,FUNKO POP ELZA FROZEN,ROSSTAMP
F6.0040,GO,182.95,459.0,FUNKO POP HARRY POTTER,ROSSTAMP
F6.0040,TO,184.78,295.0,FUNKO POP HARRY POTTER,ROSSTAMP
F6.0040,PA,182.95,459.0,FUNKO POP HARRY POTTER,ROSSTAMP
F6.0040,MT,182.95,459.0,FUNKO POP HARRY POTTER,ROSSTAMP
F6.0041,GO,178.01,449.0,FUNKO POP HERMIONE HOGWARTS,ROSSTAMP
F6.0041,TO,179.79,287.0,FUNKO POP HERMIONE HOGWARTS,ROSSTAMP
F6.0041,PA,178.01,449.0,FUNKO POP HERMIONE HOGWARTS,ROSSTAMP
F6.0041,MT,178.01,449.0,FUNKO POP HERMIONE HOGWARTS,ROSSTAMP
F6.0042,GO,166.13,419.0,FUNKO POP TANGIRO KAMADO,ROSSTAMP
F6.0042,TO,167.79,268.0,FUNKO POP TANGIRO KAMADO,ROSSTAMP
F6.0042,PA,166.13,419.0,FUNKO POP TANGIRO KAMADO,ROSSTAMP
F6.0042,MT,166.13,419.0,FUNKO POP TANGIRO KAMADO,ROSSTAMP
F6.0043,GO,182.95,459.0,FUNKO POP SANJI OSOBA,ROSSTAMP
F6.0043,TO,184.78,295.0,FUNKO POP SANJI OSOBA,ROSSTAMP
F6.0043,PA,182.95,459.0,FUNKO POP SANJI OSOBA,ROSSTAMP
F6.0043,MT,182.95,459.0,FUNKO POP SANJI OSOBA,ROSSTAMP
F6.0044,GO,166.13,419.0,FUNKO POP SAILOR OSOBA,ROSSTAMP
F6.0044,TO,167.79,419.0,FUNKO POP SAILOR OSOBA,ROSSTAMP
F6.0044,PA,166.13,419.0,FUNKO POP SAILOR OSOBA,ROSSTAMP
F6.0044,MT,166.13,419.0,FUNKO POP SAILOR OSOBA,ROSSTAMP
F6.0045,GO,84.0,209.0,FUNKO POP FEITICEIRA ESCARLATE,ROSSTAMP
F6.0045,TO,84.84,135.0,FUNKO POP FEITICEIRA ESCARLATE,ROSSTAMP
F6.0045,PA,84.0,209.0,FUNKO POP FEITICEIRA ESCARLATE,ROSSTAMP
F6.0045,MT,84.0,209.0,FUNKO POP FEITICEIRA ESCARLATE,ROSSTAMP
B2.0056,GO,329.58,649.0,BRINQ CARRINHO CRAWLER CONTROLE REMOTO,FENICIA
B2.0056,TO,332.88,649.0,BRINQ CARRINHO CRAWLER CONTROLE REMOTO,FENICIA
B2.0056,PA,329.58,649.0,BRINQ CARRINHO CRAWLER CONTROLE REMOTO,FENICIA
B2.0056,MT,329.58,649.0,BRINQ CARRINHO CRAWLER CONTROLE REMOTO,FENICIA
B2.0057,GO,104.8,208.0,BRINQ MOTO MK2 BATTLE ANGEL CONTROLE REMOTO,FENICIA
B2.0057,TO,105.85,208.0,BRINQ MOTO MK2 BATTLE ANGEL CONTROLE REMOTO,FENICIA
B2.0057,PA,104.8,208.0,BRINQ MOTO MK2 BATTLE ANGEL CONTROLE REMOTO,FENICIA
B2.0057,MT,104.8,208.0,BRINQ MOTO MK2 BATTLE ANGEL CONTROLE REMOTO,FENICIA
B2.0058,GO,57.34,114.0,BRINQ CARRINHO SPRAY DE AGUA,FENICIA
B2.0058,TO,57.91,114.0,BRINQ CARRINHO SPRAY DE AGUA,FENICIA
B2.0058,PA,57.34,114.0,BRINQ CARRINHO SPRAY DE AGUA,FENICIA
B2.0058,MT,57.34,114.0,BRINQ CARRINHO SPRAY DE AGUA,FENICIA
B2.0059,GO,57.29,114.0,BRINQ CARRINHO LANCA DISCOS,FENICIA
B2.0059,TO,57.86,114.0,BRINQ CARRINHO LANCA DISCOS,FENICIA
B2.0059,PA,57.29,114.0,BRINQ CARRINHO LANCA DISCOS,FENICIA
B2.0059,MT,57.29,114.0,BRINQ CARRINHO LANCA DISCOS,FENICIA
B2.0060,GO,56.89,114.0,BRINQ DINOSSAURO SPRAY DE AGUA,FENICIA
B2.0060,TO,57.46,114.0,BRINQ DINOSSAURO SPRAY DE AGUA,FENICIA
B2.0060,PA,56.89,114.0,BRINQ DINOSSAURO SPRAY DE AGUA,FENICIA
B2.0060,MT,56.89,114.0,BRINQ DINOSSAURO SPRAY DE AGUA,FENICIA
B2.0061,GO,69.73,138.0,BRINQ MACAQUINHO DE PELUCIA MUSICAL,FENICIA
B2.0061,TO,70.43,138.0,BRINQ MACAQUINHO DE PELUCIA MUSICAL,FENICIA
B2.0061,PA,69.73,138.0,BRINQ MACAQUINHO DE PELUCIA MUSICAL,FENICIA
B2.0061,MT,69.73,138.0,BRINQ MACAQUINHO DE PELUCIA MUSICAL,FENICIA
B2.0062,GO,69.52,138.0,BRINQ ELEFANTINHO DE PELUCIA MUSICAL,FENICIA
B2.0062,TO,70.21,138.0,BRINQ ELEFANTINHO DE PELUCIA MUSICAL,FENICIA
B2.0062,PA,69.52,138.0,BRINQ ELEFANTINHO DE PELUCIA MUSICAL,FENICIA
B2.0062,MT,69.52,138.0,BRINQ ELEFANTINHO DE PELUCIA MUSICAL,FENICIA
B2.0063,GO,356.36,699.0,BRINQ ESCAVADEIRA CONTROLE REMOTO,FENICIA
B2.0063,TO,359.93,699.0,BRINQ ESCAVADEIRA CONTROLE REMOTO,FENICIA
B2.0063,PA,356.36,699.0,BRINQ ESCAVADEIRA CONTROLE REMOTO,FENICIA
B2.0063,MT,356.36,699.0,BRINQ ESCAVADEIRA CONTROLE REMOTO,FENICIA
B2.0064,GO,110.33,218.0,BRINQ ROBO DE GUERRA TRANSF CONTROLE REMOTO,FENICIA
B2.0064,TO,111.43,218.0,BRINQ ROBO DE GUERRA TRANSF CONTROLE REMOTO,FENICIA
B2.0064,PA,110.33,218.0,BRINQ ROBO DE GUERRA TRANSF CONTROLE REMOTO,FENICIA
B2.0064,MT,110.33,218.0,BRINQ ROBO DE GUERRA TRANSF CONTROLE REMOTO,FENICIA
B2.0065,GO,125.3,248.0,BRINQ GLOBO DE CRISTAL LUMINOSO UNICORNIO,FENICIA
B2.0065,TO,126.55,248.0,BRINQ GLOBO DE CRISTAL LUMINOSO UNICORNIO,FENICIA
B2.0065,PA,125.3,248.0,BRINQ GLOBO DE CRISTAL LUMINOSO UNICORNIO,FENICIA
B2.0065,MT,125.3,248.0,BRINQ GLOBO DE CRISTAL LUMINOSO UNICORNIO,FENICIA
B2.0066,GO,62.71,126.0,BRINQ GLOBO DE NEVE DECORATIVO MUSICAL,FENICIA
B2.0066,TO,63.34,126.0,BRINQ GLOBO DE NEVE DECORATIVO MUSICAL,FENICIA
B2.0066,PA,62.71,126.0,BRINQ GLOBO DE NEVE DECORATIVO MUSICAL,FENICIA
B2.0066,MT,62.71,126.0,BRINQ GLOBO DE NEVE DECORATIVO MUSICAL,FENICIA
B2.0067,GO,247.44,394.0,BRINQ CAMINHAO CONTROLE REMOTO,FENICIA
B2.0067,TO,249.91,394.0,BRINQ CAMINHAO CONTROLE REMOTO,FENICIA
B2.0067,PA,247.44,394.0,BRINQ CAMINHAO CONTROLE REMOTO,FENICIA
B2.0067,MT,247.44,394.0,BRINQ CAMINHAO CONTROLE REMOTO,FENICIA
B2.0077,GO,248.59,300.0,BRINQ CARRINHO ACROBATICO STUNT MAX PULSEIRA GESTOS,FENICIA
B2.0077,TO,251.07,300.0,BRINQ CARRINHO ACROBATICO STUNT MAX PULSEIRA GESTOS,FENICIA
B2.0077,PA,248.59,300.0,BRINQ CARRINHO ACROBATICO STUNT MAX PULSEIRA GESTOS,FENICIA
B2.0077,MT,248.59,300.0,BRINQ CARRINHO ACROBATICO STUNT MAX PULSEIRA GESTOS,FENICIA
B2.0068,GO,18.82,47.0,BRINQ LAGARTO ROBO ELETRICO,MOHNISH
B2.0068,TO,19.01,47.0,BRINQ LAGARTO ROBO ELETRICO,MOHNISH
B2.0068,PA,18.82,30.0,BRINQ LAGARTO ROBO ELETRICO,MOHNISH
B2.0068,MT,18.82,30.0,BRINQ LAGARTO ROBO ELETRICO,MOHNISH
B2.0069,GO,16.59,42.0,BRINQ SAPO ROBO INF DANCARINO COM LUZES,MOHNISH
B2.0069,TO,16.76,42.0,BRINQ SAPO ROBO INF DANCARINO COM LUZES,MOHNISH
B2.0069,PA,16.59,42.0,BRINQ SAPO ROBO INF DANCARINO COM LUZES,MOHNISH
B2.0069,MT,16.59,42.0,BRINQ SAPO ROBO INF DANCARINO COM LUZES,MOHNISH
B2.0070,GO,16.59,42.0,BRINQ ROBO DANCARINO COM LUZES,MOHNISH
B2.0070,TO,16.76,42.0,BRINQ ROBO DANCARINO COM LUZES,MOHNISH
B2.0070,PA,16.59,42.0,BRINQ ROBO DANCARINO COM LUZES,MOHNISH
B2.0070,MT,16.59,42.0,BRINQ ROBO DANCARINO COM LUZES,MOHNISH
B2.0071,GO,17.77,45.0,BRINQ MUSICAL CACHORRO DANCARINO,MOHNISH
B2.0071,TO,17.95,45.0,BRINQ MUSICAL CACHORRO DANCARINO,MOHNISH
B2.0071,PA,17.77,45.0,BRINQ MUSICAL CACHORRO DANCARINO,MOHNISH
B2.0071,MT,17.77,45.0,BRINQ MUSICAL CACHORRO DANCARINO,MOHNISH
B2.0072,GO,78.93,200.0,BRINQ CARRINHO STEEL CAVALRY PULSEIRA DE GESTOS,MOHNISH
B2.0072,TO,79.71,200.0,BRINQ CARRINHO STEEL CAVALRY PULSEIRA DE GESTOS,MOHNISH
B2.0072,PA,78.93,200.0,BRINQ CARRINHO STEEL CAVALRY PULSEIRA DE GESTOS,MOHNISH
B2.0072,MT,78.93,200.0,BRINQ CARRINHO STEEL CAVALRY PULSEIRA DE GESTOS,MOHNISH
B2.0073,GO,90.06,228.0,BRINQ PATINETE INF DIVERTIDO,MOHNISH
B2.0073,TO,90.96,228.0,BRINQ PATINETE INF DIVERTIDO,MOHNISH
B2.0073,PA,90.06,228.0,BRINQ PATINETE INF DIVERTIDO,MOHNISH
B2.0073,MT,90.06,228.0,BRINQ PATINETE INF DIVERTIDO,MOHNISH
B2.0074,GO,140.14,356.0,BRINQ PATINETE NITRO COM TURBINA DE FUMACA,MOHNISH
B2.0074,TO,141.54,356.0,BRINQ PATINETE NITRO COM TURBINA DE FUMACA,MOHNISH
B2.0074,PA,140.14,356.0,BRINQ PATINETE NITRO COM TURBINA DE FUMACA,MOHNISH
B2.0074,MT,140.14,356.0,BRINQ PATINETE NITRO COM TURBINA DE FUMACA,MOHNISH
B2.0075,GO,23.27,59.0,BRINQ TREM LANCA BOLHA DE SABAO,MOHNISH
B2.0075,TO,23.51,59.0,BRINQ TREM LANCA BOLHA DE SABAO,MOHNISH
B2.0075,PA,23.27,59.0,BRINQ TREM LANCA BOLHA DE SABAO,MOHNISH
B2.0075,MT,23.27,59.0,BRINQ TREM LANCA BOLHA DE SABAO,MOHNISH
P16.0117,GO,5.87,17.0,PET BOLA COM GUIZO DE BORRACHA 7CM,INGA IMPORT
P16.0117,TO,5.92,9.0,PET BOLA COM GUIZO DE BORRACHA 7CM,INGA IMPORT
P16.0117,PA,5.87,19.0,PET BOLA COM GUIZO DE BORRACHA 7CM,INGA IMPORT
P16.0117,MT,5.87,19.0,PET BOLA COM GUIZO DE BORRACHA 7CM,INGA IMPORT
P16.0118,GO,11.25,33.0,PET BOLA COM GUIZO DE BORRACHA 9CM,INGA IMPORT
P16.0118,TO,11.36,18.0,PET BOLA COM GUIZO DE BORRACHA 9CM,INGA IMPORT
P16.0118,PA,11.25,35.0,PET BOLA COM GUIZO DE BORRACHA 9CM,INGA IMPORT
P16.0118,MT,11.25,35.0,PET BOLA COM GUIZO DE BORRACHA 9CM,INGA IMPORT
P16.0119,GO,3.76,11.0,PET BOLA PARA GATOS PELUCIA SALTITANTE 7.5CM,INGA IMPORT
P16.0119,TO,3.79,6.0,PET BOLA PARA GATOS PELUCIA SALTITANTE 7.5CM,INGA IMPORT
P16.0119,PA,3.76,13.0,PET BOLA PARA GATOS PELUCIA SALTITANTE 7.5CM,INGA IMPORT
P16.0119,MT,3.76,13.0,PET BOLA PARA GATOS PELUCIA SALTITANTE 7.5CM,INGA IMPORT
P16.0120,GO,7.68,22.0,PET MORDEDOR PARA PET GUIZO COLOR,INGA IMPORT
P16.0120,TO,7.76,12.0,PET MORDEDOR PARA PET GUIZO COLOR,INGA IMPORT
P16.0120,PA,7.68,24.0,PET MORDEDOR PARA PET GUIZO COLOR,INGA IMPORT
P16.0120,MT,7.68,24.0,PET MORDEDOR PARA PET GUIZO COLOR,INGA IMPORT
P16.0121,GO,20.12,32.0,PET POLVO MORDEDOR PELUCIA PARA CAES,INGA IMPORT
P16.0121,TO,20.32,33.0,PET POLVO MORDEDOR PELUCIA PARA CAES,INGA IMPORT
P16.0121,PA,20.12,34.0,PET POLVO MORDEDOR PELUCIA PARA CAES,INGA IMPORT
P16.0121,MT,20.12,34.0,PET POLVO MORDEDOR PELUCIA PARA CAES,INGA IMPORT
P16.0122,GO,9.26,26.0,PET REMOVEDOR DE PELOS PARA MAQUINAS DE LAVAR,INGA IMPORT
P16.0122,TO,9.35,15.0,PET REMOVEDOR DE PELOS PARA MAQUINAS DE LAVAR,INGA IMPORT
P16.0122,PA,9.26,28.0,PET REMOVEDOR DE PELOS PARA MAQUINAS DE LAVAR,INGA IMPORT
P16.0122,MT,9.26,28.0,PET REMOVEDOR DE PELOS PARA MAQUINAS DE LAVAR,INGA IMPORT
G7.0038,GO,23.29,66.0,GARRAFA INF ORELHAS MOUSE COM CANUDO,XDX TALHERES
G7.0038,TO,23.52,67.0,GARRAFA INF ORELHAS MOUSE COM CANUDO,XDX TALHERES
G7.0038,PA,23.29,37.0,GARRAFA INF ORELHAS MOUSE COM CANUDO,XDX TALHERES
G7.0038,MT,23.29,37.0,GARRAFA INF ORELHAS MOUSE COM CANUDO,XDX TALHERES
G7.0039,GO,31.7,79.0,GARRAFA SMILE INF C ALCA CANUDO,XDX TALHERES
G7.0039,TO,32.01,51.0,GARRAFA SMILE INF C ALCA CANUDO,XDX TALHERES
G7.0039,PA,31.7,51.0,GARRAFA SMILE INF C ALCA CANUDO,XDX TALHERES
G7.0039,MT,31.7,51.0,GARRAFA SMILE INF C ALCA CANUDO,XDX TALHERES
C3.0424,GO,378.03,599.0,CARRINHO PETS DE PASSEIO,VIDOTTO
C3.0424,TO,381.81,599.0,CARRINHO PETS DE PASSEIO,VIDOTTO
C3.0424,PA,378.03,599.0,CARRINHO PETS DE PASSEIO,VIDOTTO
C3.0424,MT,378.03,599.0,CARRINHO PETS DE PASSEIO,VIDOTTO
P16.0124,GO,29.64,47.0,PET COMEDOURO INTERATIVO REDONDO PARA PET,LUI ELETRONICOS
P16.0124,TO,29.93,47.0,PET COMEDOURO INTERATIVO REDONDO PARA PET,LUI ELETRONICOS
P16.0124,PA,29.64,48.0,PET COMEDOURO INTERATIVO REDONDO PARA PET,LUI ELETRONICOS
P16.0124,MT,29.64,48.0,PET COMEDOURO INTERATIVO REDONDO PARA PET,LUI ELETRONICOS
B2.0076,GO,24.12,61.0,BRINQ BANHEIRA PARA BONECA E PET COM CHUVEIRO,LUI ELETRONICOS
B2.0076,TO,24.36,61.0,BRINQ BANHEIRA PARA BONECA E PET COM CHUVEIRO,LUI ELETRONICOS
B2.0076,PA,24.12,61.0,BRINQ BANHEIRA PARA BONECA E PET COM CHUVEIRO,LUI ELETRONICOS
B2.0076,MT,24.12,61.0,BRINQ BANHEIRA PARA BONECA E PET COM CHUVEIRO,LUI ELETRONICOS
P16.0123,GO,64.8,103.0,PET BOLSA TRANSPARENTE TRANSP ANIMAIS,LUI ELETRONICOS
P16.0123,TO,65.44,104.0,PET BOLSA TRANSPARENTE TRANSP ANIMAIS,LUI ELETRONICOS
P16.0123,PA,64.8,105.0,PET BOLSA TRANSPARENTE TRANSP ANIMAIS,LUI ELETRONICOS
P16.0123,MT,64.8,105.0,PET BOLSA TRANSPARENTE TRANSP ANIMAIS,LUI ELETRONICOS
P16.0125,GO,58.82,94.0,PET TAPETE RESF GELADO G,LUI ELETRONICOS
P16.0125,TO,59.4,95.0,PET TAPETE RESF GELADO G,LUI ELETRONICOS
P16.0125,PA,58.82,94.0,PET TAPETE RESF GELADO G,LUI ELETRONICOS
P16.0125,MT,58.82,94.0,PET TAPETE RESF GELADO G,LUI ELETRONICOS
P16.0126,GO,43.67,119.0,PET TAPETE RESF GELADO M,LUI ELETRONICOS
P16.0126,TO,44.1,70.0,PET TAPETE RESF GELADO M,LUI ELETRONICOS
P16.0126,PA,43.67,70.0,PET TAPETE RESF GELADO M,LUI ELETRONICOS
P16.0126,MT,43.67,70.0,PET TAPETE RESF GELADO M,LUI ELETRONICOS
U21.0002,GO,66.79,188.0,UMIDIFICADOR DIFUSOR DE AROMAS 500ML,LUI ELETRONICOS
U21.0002,TO,67.46,190.0,UMIDIFICADOR DIFUSOR DE AROMAS 500ML,LUI ELETRONICOS
U21.0002,PA,66.79,107.0,UMIDIFICADOR DIFUSOR DE AROMAS 500ML,LUI ELETRONICOS
U21.0002,MT,66.79,107.0,UMIDIFICADOR DIFUSOR DE AROMAS 500ML,LUI ELETRONICOS
U21.0003,GO,56.61,158.0,UMIDIFICADOR DIFUSOR DE AROMAS 300ML,LUI ELETRONICOS
U21.0003,TO,57.17,160.0,UMIDIFICADOR DIFUSOR DE AROMAS 300ML,LUI ELETRONICOS
U21.0003,PA,56.61,162.0,UMIDIFICADOR DIFUSOR DE AROMAS 300ML,LUI ELETRONICOS
U21.0003,MT,56.61,162.0,UMIDIFICADOR DIFUSOR DE AROMAS 300ML,LUI ELETRONICOS
C3.0426,GO,57.95,162.0,CADEIRA PRAIA,MOR
C3.0426,TO,58.53,164.0,CADEIRA PRAIA,MOR
C3.0426,PA,57.95,166.0,CADEIRA PRAIA,MOR
C3.0426,MT,57.95,166.0,CADEIRA PRAIA,MOR
V22.0009,GO,105.36,158.0,VARAL CHAO C ABAS MAXI,MOR
V22.0009,TO,106.41,158.0,VARAL CHAO C ABAS MAXI,MOR
V22.0009,PA,105.36,158.0,VARAL CHAO C ABAS MAXI,MOR
V22.0009,MT,105.36,158.0,VARAL CHAO C ABAS MAXI,MOR
G7.0040,GO,19.35,56.0,GARRAFA TERMICA USE 1LT,MOR
G7.0040,TO,19.54,57.0,GARRAFA TERMICA USE 1LT,MOR
G7.0040,PA,19.35,58.0,GARRAFA TERMICA USE 1LT,MOR
G7.0040,MT,19.35,58.0,GARRAFA TERMICA USE 1LT,MOR
V22.0010,GO,22.59,65.0,VARAL RETRATIL,DIVIDA
V22.0010,TO,50.81,66.0,VARAL RETRATIL,DIVIDA
V22.0010,PA,50.31,67.0,VARAL RETRATIL,DIVIDA
V22.0010,MT,50.31,83.0,VARAL RETRATIL,DIVIDA
B2.0078,GO,24.92,72.0,BANQUETA,MOR
B2.0078,TO,25.17,73.0,BANQUETA,MOR
B2.0078,PA,24.92,41.0,BANQUETA,MOR
B2.0078,MT,24.92,41.0,BANQUETA,MOR
B2.0079,GO,26.2,76.0,BULE HAUS MOR GARRAFA TERMICA 1LT,MOR
B2.0079,TO,26.46,77.0,BULE HAUS MOR GARRAFA TERMICA 1LT,MOR
B2.0079,PA,26.2,43.0,BULE HAUS MOR GARRAFA TERMICA 1LT,MOR
B2.0079,MT,26.2,43.0,BULE HAUS MOR GARRAFA TERMICA 1LT,MOR
G7.0041,GO,36.39,108.0,GUARDA SOL FASHION,MOR
G7.0041,TO,36.75,110.0,GUARDA SOL FASHION,MOR
G7.0041,PA,36.39,112.0,GUARDA SOL FASHION,MOR
G7.0041,MT,36.39,112.0,GUARDA SOL FASHION,MOR
K11.0082,GO,46.27,122.0,KIT ORGANIZADOR HERMETICO DUBAI,CANDURA DIST
K11.0082,TO,46.73,124.0,KIT ORGANIZADOR HERMETICO DUBAI,CANDURA DIST
K11.0082,PA,46.27,126.0,KIT ORGANIZADOR HERMETICO DUBAI,CANDURA DIST
K11.0082,MT,46.27,126.0,KIT ORGANIZADOR HERMETICO DUBAI,CANDURA DIST
C3.0427,GO,11.67,58.0,CJ DE CANECA 50 ML C SUPORTE COLOR 6PC,CANDURA DIST
C3.0427,TO,11.79,60.0,CJ DE CANECA 50 ML C SUPORTE COLOR 6PC,CANDURA DIST
C3.0427,PA,11.67,62.0,CJ DE CANECA 50 ML C SUPORTE COLOR 6PC,CANDURA DIST
C3.0427,MT,11.67,62.0,CJ DE CANECA 50 ML C SUPORTE COLOR 6PC,CANDURA DIST
B2.0080,GO,108.0,174.0,BARRACA IGLU 3 PESSOAS,MOR
B2.0080,TO,109.08,174.0,BARRACA IGLU 3 PESSOAS,MOR
B2.0080,PA,108.0,174.0,BARRACA IGLU 3 PESSOAS,MOR
B2.0080,MT,108.0,174.0,BARRACA IGLU 3 PESSOAS,MOR
B2.0081,GO,222.0,334.0,BARRACA LUNA 4 PESSOAS,MOR
B2.0081,TO,224.22,334.0,BARRACA LUNA 4 PESSOAS,MOR
B2.0081,PA,222.0,334.0,BARRACA LUNA 4 PESSOAS,MOR
B2.0081,MT,222.0,334.0,BARRACA LUNA 4 PESSOAS,MOR
C3.0428,GO,41.57,114.0,COLCHONETE CAMPING,MOR
C3.0428,TO,41.99,116.0,COLCHONETE CAMPING,MOR
C3.0428,PA,41.57,118.0,COLCHONETE CAMPING,MOR
C3.0428,MT,41.57,118.0,COLCHONETE CAMPING,MOR
C3.0429,GO,54.35,152.0,CADEIRA ALTA,MOR
C3.0429,TO,54.89,154.0,CADEIRA ALTA,MOR
C3.0429,PA,54.35,156.0,CADEIRA ALTA,MOR
C3.0429,MT,54.35,156.0,CADEIRA ALTA,MOR
K11.0083,GO,63.93,192.0,KIT PORTA TEMPERO 06 POTES,LEVI
K11.0083,TO,64.57,103.0,KIT PORTA TEMPERO 06 POTES,LEVI
K11.0083,PA,63.93,93.0,KIT PORTA TEMPERO 06 POTES,LEVI
K11.0083,MT,63.93,93.0,KIT PORTA TEMPERO 06 POTES,LEVI
K11.0084,GO,91.02,272.0,KIT PORTA TEMPERO 12 POTES,LEVI
K11.0084,TO,91.93,147.0,KIT PORTA TEMPERO 12 POTES,LEVI
K11.0084,PA,91.02,276.0,KIT PORTA TEMPERO 12 POTES,LEVI
K11.0084,MT,91.02,276.0,KIT PORTA TEMPERO 12 POTES,LEVI
C3.0116,GO,84.28,235.0,CORTINA ELEGANCE 420X260,TOQUE IDEAL
C3.0116,TO,85.12,237.0,CORTINA ELEGANCE 420X260,TOQUE IDEAL
C3.0116,PA,84.28,239.0,CORTINA ELEGANCE 420X260,TOQUE IDEAL
C3.0116,MT,84.28,239.0,CORTINA ELEGANCE 420X260,TOQUE IDEAL
T20.0196,GO,49.93,35.0,TAPETE DE PORTA EMBORRACHADO 040X060,HIPER TEXTIL
T20.0196,TO,50.43,37.0,TAPETE DE PORTA EMBORRACHADO 040X060,HIPER TEXTIL
T20.0196,PA,49.93,39.0,TAPETE DE PORTA EMBORRACHADO 040X060,HIPER TEXTIL
T20.0196,MT,49.93,39.0,TAPETE DE PORTA EMBORRACHADO 040X060,HIPER TEXTIL
T20.0197,GO,7.89,22.0,TAPETE DE BANHEIRO SLIM SORTIDO,HIPER TEXTIL
T20.0197,TO,7.97,23.0,TAPETE DE BANHEIRO SLIM SORTIDO,HIPER TEXTIL
T20.0197,PA,7.89,24.0,TAPETE DE BANHEIRO SLIM SORTIDO,HIPER TEXTIL
T20.0197,MT,7.89,24.0,TAPETE DE BANHEIRO SLIM SORTIDO,HIPER TEXTIL
J10.0084,GO,197.73,552.0,JOGO PANELA C TAMPA DE VIDRO NACIONAL 5PC,CANDURA DIST
J10.0084,TO,199.71,554.0,JOGO PANELA C TAMPA DE VIDRO NACIONAL 5PC,CANDURA DIST
J10.0084,PA,197.73,556.0,JOGO PANELA C TAMPA DE VIDRO NACIONAL 5PC,CANDURA DIST
J10.0084,MT,197.73,556.0,JOGO PANELA C TAMPA DE VIDRO NACIONAL 5PC,CANDURA DIST
K11.0085,GO,41.66,117.0,KIT 3 TABUAS TECA CANALETA CHURRASCO E COZINHA,CANDURA DIST
K11.0085,TO,42.07,119.0,KIT 3 TABUAS TECA CANALETA CHURRASCO E COZINHA,CANDURA DIST
K11.0085,PA,41.66,121.0,KIT 3 TABUAS TECA CANALETA CHURRASCO E COZINHA,CANDURA DIST
K11.0085,MT,41.66,121.0,KIT 3 TABUAS TECA CANALETA CHURRASCO E COZINHA,CANDURA DIST
M13.0007,GO,20.66,60.0,MANTA INFANTIL,FATEX
M13.0007,TO,18.34,62.0,MANTA INFANTIL,FATEX
M13.0007,PA,18.09,60.0,MANTA INFANTIL,FATEX
M13.0007,MT,20.07,58.0,MANTA INFANTIL,FATEX
F6.0046,GO,55.66,161.0,FRIGIDEIRA PREMIUM N24,CANDURA DIST
F6.0046,TO,56.21,163.0,FRIGIDEIRA PREMIUM N24,CANDURA DIST
F6.0046,PA,55.66,165.0,FRIGIDEIRA PREMIUM N24,CANDURA DIST
F6.0046,MT,55.66,165.0,FRIGIDEIRA PREMIUM N24,CANDURA DIST
B2.0082,GO,167.92,420.0,BOLSA VIAJEM 2 PCS,JULIA BOLSAS
B2.0082,TO,169.6,486.0,BOLSA VIAJEM 2 PCS,JULIA BOLSAS
B2.0082,PA,173.11,496.0,BOLSA VIAJEM 2 PCS,JULIA BOLSAS
B2.0082,MT,167.92,480.0,BOLSA VIAJEM 2 PCS,JULIA BOLSAS
M13.0040,GO,182.76,524.0,MALA VIAJEM 2PC,JULIA BOLSAS
M13.0040,TO,184.58,535.0,MALA VIAJEM 2PC,JULIA BOLSAS
M13.0040,PA,197.82,566.0,MALA VIAJEM 2PC,JULIA BOLSAS
M13.0040,MT,182.76,525.0,MALA VIAJEM 2PC,JULIA BOLSAS
M13.0041,GO,157.17,417.0,MALA VIAJEM,JULIA BOLSAS
M13.0041,TO,158.74,418.0,MALA VIAJEM,JULIA BOLSAS
M13.0041,PA,157.17,419.0,MALA VIAJEM,JULIA BOLSAS
M13.0041,MT,157.17,419.0,MALA VIAJEM,JULIA BOLSAS
J10.0085,GO,77.92,210.0,JOGO DE COZINHA BORDADO CAPRICHO 13PCS,RGL BORDADOS
J10.0085,TO,78.7,212.0,JOGO DE COZINHA BORDADO CAPRICHO 13PCS,RGL BORDADOS
J10.0085,PA,77.92,118.0,JOGO DE COZINHA BORDADO CAPRICHO 13PCS,RGL BORDADOS
J10.0085,MT,77.92,118.0,JOGO DE COZINHA BORDADO CAPRICHO 13PCS,RGL BORDADOS
J10.0086,GO,79.04,212.0,JOGO DE COZINHA BORDADO PERFEITO C CAPA DE 6 CADEIRA 15PCS,RGL BORDADOS
J10.0086,TO,79.83,214.0,JOGO DE COZINHA BORDADO PERFEITO C CAPA DE 6 CADEIRA 15PCS,RGL BORDADOS
J10.0086,PA,79.04,216.0,JOGO DE COZINHA BORDADO PERFEITO C CAPA DE 6 CADEIRA 15PCS,RGL BORDADOS
J10.0086,MT,79.04,216.0,JOGO DE COZINHA BORDADO PERFEITO C CAPA DE 6 CADEIRA 15PCS,RGL BORDADOS
J10.0087,GO,59.36,165.0,JOGO DE COZINHA BORDADO PERFEITO 12PCS,RGL BORDADOS
J10.0087,TO,59.47,167.0,JOGO DE COZINHA BORDADO PERFEITO 12PCS,RGL BORDADOS
J10.0087,PA,59.36,94.0,JOGO DE COZINHA BORDADO PERFEITO 12PCS,RGL BORDADOS
J10.0087,MT,59.36,94.0,JOGO DE COZINHA BORDADO PERFEITO 12PCS,RGL BORDADOS
K11.0086,GO,27.77,58.0,KIT PANO DE PRATO ROLINHO 5UNI,RGL BORDADOS
K11.0086,TO,28.05,60.0,KIT PANO DE PRATO ROLINHO 5UNI,RGL BORDADOS
K11.0086,PA,27.77,28.0,KIT PANO DE PRATO ROLINHO 5UNI,RGL BORDADOS
K11.0086,MT,27.77,28.0,KIT PANO DE PRATO ROLINHO 5UNI,RGL BORDADOS
P16.0127,GO,6.26,17.0,PANO DE PRATO BORDADO AVULSO,RGL BORDADOS
P16.0127,TO,6.35,18.0,PANO DE PRATO BORDADO AVULSO,RGL BORDADOS
P16.0127,PA,6.39,19.0,PANO DE PRATO BORDADO AVULSO,RGL BORDADOS
P16.0127,MT,6.26,19.0,PANO DE PRATO BORDADO AVULSO,RGL BORDADOS
C3.0430,GO,104.17,276.0,COLCHA SUPER KING ULTRASSONICA 280X300,JOLITEX
C3.0430,TO,105.22,278.0,COLCHA SUPER KING ULTRASSONICA 280X300,JOLITEX
C3.0430,PA,104.17,280.0,COLCHA SUPER KING ULTRASSONICA 280X300,JOLITEX
C3.0430,MT,104.17,280.0,COLCHA SUPER KING ULTRASSONICA 280X300,JOLITEX
T20.0198,GO,60.18,150.0,TRAVESSEIRO NASA 14CM,CANDURA DIST
T20.0198,TO,61.51,152.0,TRAVESSEIRO NASA 14CM,CANDURA DIST
T20.0198,PA,60.83,154.0,TRAVESSEIRO NASA 14CM,CANDURA DIST
T20.0198,MT,67.56,194.0,TRAVESSEIRO NASA 14CM,CANDURA DIST
C3.0380,GO,4.51,13.0,COSME CREME REGENERADOR,M R DA COSTA COSMETICOS
C3.0380,TO,4.56,14.0,COSME CREME REGENERADOR,M R DA COSTA COSMETICOS
C3.0380,PA,4.51,15.0,COSME CREME REGENERADOR,M R DA COSTA COSMETICOS
C3.0380,MT,4.51,15.0,COSME CREME REGENERADOR,M R DA COSTA COSMETICOS
C3.0381,GO,3.91,11.0,COSME VITAMINA PURA A,M R DA COSTA COSMETICOS
C3.0381,TO,3.95,12.0,COSME VITAMINA PURA A,M R DA COSTA COSMETICOS
C3.0381,PA,3.91,13.0,COSME VITAMINA PURA A,M R DA COSTA COSMETICOS
C3.0381,MT,3.91,13.0,COSME VITAMINA PURA A,M R DA COSTA COSMETICOS
P16.0107,GO,28.51,85.0,PELUCIA URSO COM LACO 66362330,TUKA TOY
P16.0107,TO,28.8,86.0,PELUCIA URSO COM LACO 66362330,TUKA TOY
P16.0107,PA,28.51,87.0,PELUCIA URSO COM LACO 66362330,TUKA TOY
P16.0107,MT,28.51,87.0,PELUCIA URSO COM LACO 66362330,TUKA TOY
C3.0431,GO,100.33,286.0,COBREDON MONTREAL QUEEN ESTAMPADO 240X260,0
C3.0431,TO,101.34,162.0,COBREDON MONTREAL QUEEN ESTAMPADO 240X260,0
C3.0431,PA,100.33,290.0,COBREDON MONTREAL QUEEN ESTAMPADO 240X260,0
C3.0431,MT,100.33,290.0,COBREDON MONTREAL QUEEN ESTAMPADO 240X260,0
S19.0008,GO,70.93,208.0,SUQUEIRA DE CRISTAL DIAMOND 2LT,LYOR
S19.0008,TO,71.64,210.0,SUQUEIRA DE CRISTAL DIAMOND 2LT,LYOR
S19.0008,PA,70.93,212.0,SUQUEIRA DE CRISTAL DIAMOND 2LT,LYOR
S19.0008,MT,70.93,212.0,SUQUEIRA DE CRISTAL DIAMOND 2LT,LYOR
C3.0432,GO,83.62,250.0,COBERDRON CLASSIC CASAL LISO 190X220,TECDECOR MOISES
C3.0432,TO,84.45,135.0,COBERDRON CLASSIC CASAL LISO 190X220,TECDECOR MOISES
C3.0432,PA,83.62,254.0,COBERDRON CLASSIC CASAL LISO 190X220,TECDECOR MOISES
C3.0432,MT,83.62,254.0,COBERDRON CLASSIC CASAL LISO 190X220,TECDECOR MOISES
T20.0199,GO,17.42,53.0,TRAVESSEIRO VELUDO 45X65CM,TECDECOR MOISES
T20.0199,TO,17.59,56.0,TRAVESSEIRO VELUDO 45X65CM,TECDECOR MOISES
T20.0199,PA,17.42,58.0,TRAVESSEIRO VELUDO 45X65CM,TECDECOR MOISES
T20.0199,MT,17.42,58.0,TRAVESSEIRO VELUDO 45X65CM,TECDECOR MOISES
B2.0084,GO,13.93,40.0,BOLA DE FUTEBOL N5,JRF (MATHEUS)
B2.0084,TO,14.07,42.0,BOLA DE FUTEBOL N5,JRF (MATHEUS)
B2.0084,PA,13.93,44.0,BOLA DE FUTEBOL N5,JRF (MATHEUS)
B2.0084,MT,13.93,44.0,BOLA DE FUTEBOL N5,JRF (MATHEUS)
B2.0085,GO,13.93,40.0,BOLA DE VOLEI,JRF (MATHEUS)
B2.0085,TO,14.07,42.0,BOLA DE VOLEI,JRF (MATHEUS)
B2.0085,PA,13.93,44.0,BOLA DE VOLEI,JRF (MATHEUS)
B2.0085,MT,13.93,44.0,BOLA DE VOLEI,JRF (MATHEUS)
C3.0433,GO,46.34,142.0,COBRELEITO SOLTEIRO LISO DUPLA FACE 160X220,LEPPER
C3.0433,TO,46.81,144.0,COBRELEITO SOLTEIRO LISO DUPLA FACE 160X220,LEPPER
C3.0433,PA,46.34,146.0,COBRELEITO SOLTEIRO LISO DUPLA FACE 160X220,LEPPER
C3.0433,MT,46.34,146.0,COBRELEITO SOLTEIRO LISO DUPLA FACE 160X220,LEPPER
C3.0434,GO,56.84,200.0,COBRELEITO CASAL LISO DUPLA FACE 220X240,LEPPER
C3.0434,TO,57.41,202.0,COBRELEITO CASAL LISO DUPLA FACE 220X240,LEPPER
C3.0434,PA,56.84,204.0,COBRELEITO CASAL LISO DUPLA FACE 220X240,LEPPER
C3.0434,MT,56.84,204.0,COBRELEITO CASAL LISO DUPLA FACE 220X240,LEPPER
C3.0435,GO,55.24,230.0,COBRELEITO QUEEN LISO DUPLA FACE 240X260,LEPPER
C3.0435,TO,55.79,232.0,COBRELEITO QUEEN LISO DUPLA FACE 240X260,LEPPER
C3.0435,PA,55.24,234.0,COBRELEITO QUEEN LISO DUPLA FACE 240X260,LEPPER
C3.0435,MT,55.24,234.0,COBRELEITO QUEEN LISO DUPLA FACE 240X260,LEPPER
C3.0436,GO,61.29,260.0,COBRELEITO KING LISO DUPLA FACE 260X280,LEPPER
C3.0436,TO,61.9,262.0,COBRELEITO KING LISO DUPLA FACE 260X280,LEPPER
C3.0436,PA,61.29,264.0,COBRELEITO KING LISO DUPLA FACE 260X280,LEPPER
C3.0436,MT,61.29,264.0,COBRELEITO KING LISO DUPLA FACE 260X280,LEPPER
C3.0437,GO,88.13,284.0,COBRELEITO SUPER KING LISO DUPLA FACE 280X300,LEPPER
C3.0437,TO,89.01,286.0,COBRELEITO SUPER KING LISO DUPLA FACE 280X300,LEPPER
C3.0437,PA,88.13,288.0,COBRELEITO SUPER KING LISO DUPLA FACE 280X300,LEPPER
C3.0437,MT,88.13,288.0,COBRELEITO SUPER KING LISO DUPLA FACE 280X300,LEPPER
P16.0128,GO,55.08,156.0,PROTETOR DE SOFA CONFORT GEOMETRICO,KAUAN BORDADOSN BORDADOS
P16.0128,TO,55.63,158.0,PROTETOR DE SOFA CONFORT GEOMETRICO,KAUAN BORDADOSN BORDADOS
P16.0128,PA,55.08,159.0,PROTETOR DE SOFA CONFORT GEOMETRICO,KAUAN BORDADOSN BORDADOS
P16.0128,MT,55.08,159.0,PROTETOR DE SOFA CONFORT GEOMETRICO,KAUAN BORDADOSN BORDADOS
C3.0438,GO,45.05,126.0,CORTINA CONFORT SEMI BLACKOUT 280X180,KAUAN BORDADOSN BORDADOS
C3.0438,TO,45.5,128.0,CORTINA CONFORT SEMI BLACKOUT 280X180,KAUAN BORDADOSN BORDADOS
C3.0438,PA,45.05,129.0,CORTINA CONFORT SEMI BLACKOUT 280X180,KAUAN BORDADOSN BORDADOS
C3.0438,MT,45.05,129.0,CORTINA CONFORT SEMI BLACKOUT 280X180,KAUAN BORDADOSN BORDADOS
K11.0087,GO,24.58,68.0,KIT CAPA PARA ALMOFADAS GEOMETRICAS 5PCS,KAUAN BORDADOSN BORDADOS
K11.0087,TO,24.83,69.0,KIT CAPA PARA ALMOFADAS GEOMETRICAS 5PCS,KAUAN BORDADOSN BORDADOS
K11.0087,PA,24.58,70.0,KIT CAPA PARA ALMOFADAS GEOMETRICAS 5PCS,KAUAN BORDADOSN BORDADOS
K11.0087,MT,24.58,70.0,KIT CAPA PARA ALMOFADAS GEOMETRICAS 5PCS,KAUAN BORDADOSN BORDADOS
K11.0088,GO,38.0,112.0,KIT FERRAMENTAS 46PCS,XIN BRASIL
K11.0088,TO,38.38,114.0,KIT FERRAMENTAS 46PCS,XIN BRASIL
K11.0088,PA,38.0,116.0,KIT FERRAMENTAS 46PCS,XIN BRASIL
K11.0088,MT,38.0,116.0,KIT FERRAMENTAS 46PCS,XIN BRASIL
P16.0129,GO,106.0,292.0,PISTOLA DE AGUA PRA LAV DE CARROS,XIN BRASIL
P16.0129,TO,107.06,294.0,PISTOLA DE AGUA PRA LAV DE CARROS,XIN BRASIL
P16.0129,PA,106.0,296.0,PISTOLA DE AGUA PRA LAV DE CARROS,XIN BRASIL
P16.0129,MT,106.0,296.0,PISTOLA DE AGUA PRA LAV DE CARROS,XIN BRASIL
P16.0130,GO,106.48,305.0,PANELA DE PRESSAO 5LT ANTIADERENTE,PATOLUX
P16.0130,TO,118.26,338.0,PANELA DE PRESSAO 5LT ANTIADERENTE,PATOLUX
P16.0130,PA,101.74,292.0,PANELA DE PRESSAO 5LT ANTIADERENTE,PATOLUX
P16.0130,MT,101.74,292.0,PANELA DE PRESSAO 5LT ANTIADERENTE,PATOLUX
G7.0042,GO,18.06,54.0,GARRAFA TERMICA INFANTIL COM ALCA 300ML 68801,XDX TALHERES
G7.0042,TO,18.24,56.0,GARRAFA TERMICA INFANTIL COM ALCA 300ML 68801,XDX TALHERES
G7.0042,PA,18.06,58.0,GARRAFA TERMICA INFANTIL COM ALCA 300ML 68801,XDX TALHERES
G7.0042,MT,18.06,58.0,GARRAFA TERMICA INFANTIL COM ALCA 300ML 68801,XDX TALHERES
C3.0439,GO,42.37,114.0,COLCHA ULTRASSONICA BASICS SOLTEIRO 160X240,NIAZITEX
C3.0439,TO,42.8,116.0,COLCHA ULTRASSONICA BASICS SOLTEIRO 160X240,NIAZITEX
C3.0439,PA,42.37,118.0,COLCHA ULTRASSONICA BASICS SOLTEIRO 160X240,NIAZITEX
C3.0439,MT,42.37,118.0,COLCHA ULTRASSONICA BASICS SOLTEIRO 160X240,NIAZITEX
C3.0440,GO,51.75,156.0,COLCHA ULTRASSONICA BASICS CASAL 220X240,NIAZITEX
C3.0440,TO,52.26,158.0,COLCHA ULTRASSONICA BASICS CASAL 220X240,NIAZITEX
C3.0440,PA,51.75,160.0,COLCHA ULTRASSONICA BASICS CASAL 220X240,NIAZITEX
C3.0440,MT,51.75,160.0,COLCHA ULTRASSONICA BASICS CASAL 220X240,NIAZITEX
C3.0441,GO,58.93,176.0,COLCHA ULTRASSONICA BASICS QUEEN 240X260,NIAZITEX
C3.0441,TO,59.52,178.0,COLCHA ULTRASSONICA BASICS QUEEN 240X260,NIAZITEX
C3.0441,PA,58.93,180.0,COLCHA ULTRASSONICA BASICS QUEEN 240X260,NIAZITEX
C3.0441,MT,58.93,180.0,COLCHA ULTRASSONICA BASICS QUEEN 240X260,NIAZITEX
C3.0442,GO,63.71,186.0,COLCHA ULTRASSONICA BASICS KING 280X260,NIAZITEX
C3.0442,TO,64.34,188.0,COLCHA ULTRASSONICA BASICS KING 280X260,NIAZITEX
C3.0442,PA,63.71,190.0,COLCHA ULTRASSONICA BASICS KING 280X260,NIAZITEX
C3.0442,MT,63.71,190.0,COLCHA ULTRASSONICA BASICS KING 280X260,NIAZITEX
T20.0200,GO,10.45,33.0,TAPETE PILAO ANTIDERRAPANTE 070X050,TOQUE IDEAL
T20.0200,TO,12.27,32.0,TAPETE PILAO ANTIDERRAPANTE 070X050,TOQUE IDEAL
T20.0200,PA,12.82,38.0,TAPETE PILAO ANTIDERRAPANTE 070X050,TOQUE IDEAL
T20.0200,MT,12.68,37.0,TAPETE PILAO ANTIDERRAPANTE 070X050,TOQUE IDEAL
G7.0043,GO,25.39,68.0,GARRAFA TERMICA INOXIDAVEL KN17,LUI ELETRONICOS
G7.0043,TO,25.64,69.0,GARRAFA TERMICA INOXIDAVEL KN17,LUI ELETRONICOS
G7.0043,PA,25.39,70.0,GARRAFA TERMICA INOXIDAVEL KN17,LUI ELETRONICOS
G7.0043,MT,25.39,70.0,GARRAFA TERMICA INOXIDAVEL KN17,LUI ELETRONICOS
C3.0444,GO,87.89,348.0,CAIXA DE SOM PORTATIL D3206 D3208,LUI ELETRONICOS
C3.0444,TO,88.77,350.0,CAIXA DE SOM PORTATIL D3206 D3208,LUI ELETRONICOS
C3.0444,PA,89.64,352.0,CAIXA DE SOM PORTATIL D3206 D3208,LUI ELETRONICOS
C3.0444,MT,87.89,352.0,CAIXA DE SOM PORTATIL D3206 D3208,LUI ELETRONICOS
F6.0047,GO,37.43,98.0,FONE PC LC826,LUI ELETRONICOS
F6.0047,TO,37.8,98.0,FONE PC LC826,LUI ELETRONICOS
F6.0047,PA,37.43,98.0,FONE PC LC826,LUI ELETRONICOS
F6.0047,MT,37.43,98.0,FONE PC LC826,LUI ELETRONICOS
C3.0425,GO,329.58,826.0,CARRINHO CRAWLER KING CONTROLE REMOTO,FENICIA
C3.0425,TO,332.88,828.0,CARRINHO CRAWLER KING CONTROLE REMOTO,FENICIA
C3.0425,PA,329.58,830.0,CARRINHO CRAWLER KING CONTROLE REMOTO,FENICIA
C3.0425,MT,329.58,830.0,CARRINHO CRAWLER KING CONTROLE REMOTO,FENICIA
C3.0443,GO,36.52,92.0,CORTINA OXFORD ESTAMPADO COZINHA P VARAO 2MTS,ADRILAR
C3.0443,TO,36.89,94.0,CORTINA OXFORD ESTAMPADO COZINHA P VARAO 2MTS,ADRILAR
C3.0443,PA,36.52,96.0,CORTINA OXFORD ESTAMPADO COZINHA P VARAO 2MTS,ADRILAR
C3.0443,MT,36.52,96.0,CORTINA OXFORD ESTAMPADO COZINHA P VARAO 2MTS,ADRILAR
M13.0005,GO,42.14,119.0,MANTA NANINHA,PARAIBA
M13.0005,TO,42.56,120.0,MANTA NANINHA,PARAIBA
M13.0005,PA,42.14,122.0,MANTA NANINHA,PARAIBA
M13.0005,MT,42.14,122.0,MANTA NANINHA,PARAIBA
K11.0089,GO,27.06,79.0,KIT ALMOFADAS PETALAS 2PCS,EXCLUSIVE ANIMEIRE
K11.0089,TO,27.33,80.0,KIT ALMOFADAS PETALAS 2PCS,EXCLUSIVE ANIMEIRE
K11.0089,PA,27.06,81.0,KIT ALMOFADAS PETALAS 2PCS,EXCLUSIVE ANIMEIRE
K11.0089,MT,27.06,81.0,KIT ALMOFADAS PETALAS 2PCS,EXCLUSIVE ANIMEIRE
K11.0090,GO,12.67,22.0,KIT REFEICAO KIDS 3PCS,MATEUS AD
K11.0090,TO,12.8,22.0,KIT REFEICAO KIDS 3PCS,MATEUS AD
K11.0090,PA,12.67,22.0,KIT REFEICAO KIDS 3PCS,MATEUS AD
K11.0090,MT,12.67,22.0,KIT REFEICAO KIDS 3PCS,MATEUS AD
B2.0086,GO,21.62,54.0,BRINQ PEIXE ROBO FISH INFANTIL COM SOM LUZ TRANSPARENT GEAR FISH,SPIDER
B2.0086,TO,21.84,54.0,BRINQ PEIXE ROBO FISH INFANTIL COM SOM LUZ TRANSPARENT GEAR FISH,SPIDER
B2.0086,PA,21.62,67.0,BRINQ PEIXE ROBO FISH INFANTIL COM SOM LUZ TRANSPARENT GEAR FISH,SPIDER
B2.0086,MT,21.62,67.0,BRINQ PEIXE ROBO FISH INFANTIL COM SOM LUZ TRANSPARENT GEAR FISH,SPIDER
B2.0087,GO,24.2,61.0,BRINQ CARRO POLICIA TRANSFORMA EM ROBO C SOM E LUZES,0
B2.0087,TO,24.44,61.0,BRINQ CARRO POLICIA TRANSFORMA EM ROBO C SOM E LUZES,0
B2.0087,PA,24.2,61.0,BRINQ CARRO POLICIA TRANSFORMA EM ROBO C SOM E LUZES,0
B2.0087,MT,24.2,61.0,BRINQ CARRO POLICIA TRANSFORMA EM ROBO C SOM E LUZES,0
B2.0088,GO,21.14,53.0,BRINQ CARRINHO VOADOR FLYING CAR C SOM E LUZES ROTACAO 360,0
B2.0088,TO,21.35,53.0,BRINQ CARRINHO VOADOR FLYING CAR C SOM E LUZES ROTACAO 360,0
B2.0088,PA,21.14,53.0,BRINQ CARRINHO VOADOR FLYING CAR C SOM E LUZES ROTACAO 360,0
B2.0088,MT,21.14,53.0,BRINQ CARRINHO VOADOR FLYING CAR C SOM E LUZES ROTACAO 360,0
B2.0089,GO,97.8,248.0,BRINQ CARRINHO F1 CONTROLE REMOTO CHAMPIONS STUNT CAR,0
B2.0089,TO,98.78,248.0,BRINQ CARRINHO F1 CONTROLE REMOTO CHAMPIONS STUNT CAR,0
B2.0089,PA,97.8,248.0,BRINQ CARRINHO F1 CONTROLE REMOTO CHAMPIONS STUNT CAR,0
B2.0089,MT,97.8,248.0,BRINQ CARRINHO F1 CONTROLE REMOTO CHAMPIONS STUNT CAR,0
L12.0068,GO,30.18,89.0,LIXEIRA INOX C PEDAL 3L,KE HOME
L12.0068,TO,30.48,90.0,LIXEIRA INOX C PEDAL 3L,KE HOME
L12.0068,PA,30.18,91.0,LIXEIRA INOX C PEDAL 3L,KE HOME
L12.0068,MT,30.18,91.0,LIXEIRA INOX C PEDAL 3L,KE HOME
K11.0091,GO,92.8,350.0,KIT UTENSILIOS CALIFORNIA 19PCS,KE HOME
K11.0091,TO,93.73,352.0,KIT UTENSILIOS CALIFORNIA 19PCS,KE HOME
K11.0091,PA,92.8,354.0,KIT UTENSILIOS CALIFORNIA 19PCS,KE HOME
K11.0091,MT,92.8,260.0,KIT UTENSILIOS CALIFORNIA 19PCS,KE HOME
B2.0090,GO,17.87,29.0,BRINQ TORRE TRILHOS P GATOS 3 NIVEIS BOLINHA INTERATIVA,0
B2.0090,TO,18.05,30.0,BRINQ TORRE TRILHOS P GATOS 3 NIVEIS BOLINHA INTERATIVA,0
B2.0090,PA,17.87,31.0,BRINQ TORRE TRILHOS P GATOS 3 NIVEIS BOLINHA INTERATIVA,0
B2.0090,MT,17.87,31.0,BRINQ TORRE TRILHOS P GATOS 3 NIVEIS BOLINHA INTERATIVA,0
B2.0091,GO,40.5,102.0,BRINQ INTERATIVO GATO BOLINHAS DISCO RATINHO,0
B2.0091,TO,40.9,102.0,BRINQ INTERATIVO GATO BOLINHAS DISCO RATINHO,0
B2.0091,PA,40.5,102.0,BRINQ INTERATIVO GATO BOLINHAS DISCO RATINHO,0
B2.0091,MT,40.5,102.0,BRINQ INTERATIVO GATO BOLINHAS DISCO RATINHO,0
B2.0092,GO,26.94,68.0,BRINQ ROBO PATO ESPACIAL DANCARINO ARANHA C SOM E LUZES,0
B2.0092,TO,27.21,68.0,BRINQ ROBO PATO ESPACIAL DANCARINO ARANHA C SOM E LUZES,0
B2.0092,PA,26.94,68.0,BRINQ ROBO PATO ESPACIAL DANCARINO ARANHA C SOM E LUZES,0
B2.0092,MT,26.94,68.0,BRINQ ROBO PATO ESPACIAL DANCARINO ARANHA C SOM E LUZES,0
B2.0093,GO,104.24,264.0,BRINQ CARRINHO ACROBATICO GESTOS CHAMPIONS TRACAO 4X4,0
B2.0093,TO,105.29,264.0,BRINQ CARRINHO ACROBATICO GESTOS CHAMPIONS TRACAO 4X4,0
B2.0093,PA,104.24,264.0,BRINQ CARRINHO ACROBATICO GESTOS CHAMPIONS TRACAO 4X4,0
B2.0093,MT,104.24,264.0,BRINQ CARRINHO ACROBATICO GESTOS CHAMPIONS TRACAO 4X4,0
B2.0094,GO,83.01,210.0,BRINQ CARRINHO HORIZONTAL ACROBATICO STUNT C LED 4X4,0
B2.0094,TO,83.84,210.0,BRINQ CARRINHO HORIZONTAL ACROBATICO STUNT C LED 4X4,0
B2.0094,PA,83.01,210.0,BRINQ CARRINHO HORIZONTAL ACROBATICO STUNT C LED 4X4,0
B2.0094,MT,83.01,210.0,BRINQ CARRINHO HORIZONTAL ACROBATICO STUNT C LED 4X4,0
C3.0445,GO,35.64,107.0,COPO TERMICO VIAGEM STRANGER THINGS 450ML INOX,0
C3.0445,TO,36.0,109.0,COPO TERMICO VIAGEM STRANGER THINGS 450ML INOX,0
C3.0445,PA,35.64,111.0,COPO TERMICO VIAGEM STRANGER THINGS 450ML INOX,0
C3.0445,MT,35.64,111.0,COPO TERMICO VIAGEM STRANGER THINGS 450ML INOX,0
U21.0004,GO,24.92,75.0,UMIDIFICADOR MADEIRA VASO DIFUSOR AROMAS LED,UZ
U21.0004,TO,25.17,76.0,UMIDIFICADOR MADEIRA VASO DIFUSOR AROMAS LED,UZ
U21.0004,PA,24.92,77.0,UMIDIFICADOR MADEIRA VASO DIFUSOR AROMAS LED,UZ
U21.0004,MT,24.92,77.0,UMIDIFICADOR MADEIRA VASO DIFUSOR AROMAS LED,UZ
B2.0095,GO,115.42,293.0,BRINQ CARRINHO CHAMPIONS CORRIDA CONTROLE REMOTO COOL DRIFT,0
B2.0095,TO,116.57,293.0,BRINQ CARRINHO CHAMPIONS CORRIDA CONTROLE REMOTO COOL DRIFT,0
B2.0095,PA,115.42,293.0,BRINQ CARRINHO CHAMPIONS CORRIDA CONTROLE REMOTO COOL DRIFT,0
B2.0095,MT,115.42,293.0,BRINQ CARRINHO CHAMPIONS CORRIDA CONTROLE REMOTO COOL DRIFT,0
B2.0096,GO,104.24,264.0,BRINQ CARRINHO ACROBATICO CHAMPIONS CLIMBER CONTROLE 4X4,0
B2.0096,TO,105.29,264.0,BRINQ CARRINHO ACROBATICO CHAMPIONS CLIMBER CONTROLE 4X4,0
B2.0096,PA,104.24,264.0,BRINQ CARRINHO ACROBATICO CHAMPIONS CLIMBER CONTROLE 4X4,0
B2.0096,MT,104.24,264.0,BRINQ CARRINHO ACROBATICO CHAMPIONS CLIMBER CONTROLE 4X4,0
M13.0042,GO,39.28,117.0,MICROFONE LAPELA S FIO PARA CELULAR USB TIPO C ANDROID,LUI ELETRONICOS
M13.0042,TO,39.67,63.0,MICROFONE LAPELA S FIO PARA CELULAR USB TIPO C ANDROID,LUI ELETRONICOS
M13.0042,PA,39.28,119.0,MICROFONE LAPELA S FIO PARA CELULAR USB TIPO C ANDROID,LUI ELETRONICOS
M13.0042,MT,39.28,119.0,MICROFONE LAPELA S FIO PARA CELULAR USB TIPO C ANDROID,LUI ELETRONICOS
S19.0009,GO,14.02,44.0,SENSOR DE PRESENCA,LUI ELETRONICOS
S19.0009,TO,14.16,45.0,SENSOR DE PRESENCA,LUI ELETRONICOS
S19.0009,PA,14.02,46.0,SENSOR DE PRESENCA,LUI ELETRONICOS
S19.0009,MT,14.02,46.0,SENSOR DE PRESENCA,LUI ELETRONICOS
A1.0026,GO,7.58,20.0,AMOLADOR DE FACAS MANUAL,LUI ELETRONICOS
A1.0026,TO,8.14,21.0,AMOLADOR DE FACAS MANUAL,LUI ELETRONICOS
A1.0026,PA,7.35,22.0,AMOLADOR DE FACAS MANUAL,LUI ELETRONICOS
A1.0026,MT,7.58,22.0,AMOLADOR DE FACAS MANUAL,LUI ELETRONICOS
C3.0446,GO,80.02,236.0,CARPETE INDIANO LISO M,NYCOLLY
C3.0446,TO,80.82,238.0,CARPETE INDIANO LISO M,NYCOLLY
C3.0446,PA,80.02,240.0,CARPETE INDIANO LISO M,NYCOLLY
C3.0446,MT,80.02,240.0,CARPETE INDIANO LISO M,NYCOLLY
C3.0447,GO,135.45,370.0,CARPETE INDIANO LISO G,NYCOLLY
C3.0447,TO,136.8,383.0,CARPETE INDIANO LISO G,NYCOLLY
C3.0447,PA,135.45,379.0,CARPETE INDIANO LISO G,NYCOLLY
C3.0447,MT,135.45,370.0,CARPETE INDIANO LISO G,NYCOLLY
T20.0201,GO,15.35,42.0,T BAN ADULTO ALICE,ENGOTEX
T20.0201,TO,15.51,42.0,T BAN ADULTO ALICE,ENGOTEX
T20.0201,PA,15.35,42.0,T BAN ADULTO ALICE,ENGOTEX
T20.0201,MT,15.35,42.0,T BAN ADULTO ALICE,ENGOTEX
J10.0088,GO,235.61,676.0,JG PANELA 5PCS CLEAN COAT 7 CAMADAS,PATOLUX
J10.0088,TO,257.48,736.0,JG PANELA 5PCS CLEAN COAT 7 CAMADAS,PATOLUX
J10.0088,PA,249.44,735.0,JG PANELA 5PCS CLEAN COAT 7 CAMADAS,PATOLUX
J10.0088,MT,254.93,735.0,JG PANELA 5PCS CLEAN COAT 7 CAMADAS,PATOLUX
S19.0010,GO,40.82,117.0,SAIA BOX VEST FACIL SOLTEIRO,ADOMES
S19.0010,TO,41.23,118.0,SAIA BOX VEST FACIL SOLTEIRO,ADOMES
S19.0010,PA,40.82,120.0,SAIA BOX VEST FACIL SOLTEIRO,ADOMES
S19.0010,MT,40.82,120.0,SAIA BOX VEST FACIL SOLTEIRO,ADOMES
S19.0011,GO,45.32,132.0,SAIA BOX VEST FACIL CASAL,ADOMES
S19.0011,TO,45.78,134.0,SAIA BOX VEST FACIL CASAL,ADOMES
S19.0011,PA,45.32,136.0,SAIA BOX VEST FACIL CASAL,ADOMES
S19.0011,MT,45.32,136.0,SAIA BOX VEST FACIL CASAL,ADOMES
S19.0012,GO,47.95,138.0,SAIA BOX VEST FACIL QUEEN,ADOMES
S19.0012,TO,48.43,140.0,SAIA BOX VEST FACIL QUEEN,ADOMES
S19.0012,PA,47.95,142.0,SAIA BOX VEST FACIL QUEEN,ADOMES
S19.0012,MT,47.95,142.0,SAIA BOX VEST FACIL QUEEN,ADOMES
S19.0013,GO,50.07,146.0,SAIA BOX VEST FACIL KING,ADOMES
S19.0013,TO,50.57,148.0,SAIA BOX VEST FACIL KING,ADOMES
S19.0013,PA,50.07,150.0,SAIA BOX VEST FACIL KING,ADOMES
S19.0013,MT,50.07,150.0,SAIA BOX VEST FACIL KING,ADOMES
M13.0043,GO,65.9,154.0,MANTA BEBE C ENCOSTO,TEXTIL ARTE
M13.0043,TO,66.56,156.0,MANTA BEBE C ENCOSTO,TEXTIL ARTE
M13.0043,PA,65.9,158.0,MANTA BEBE C ENCOSTO,TEXTIL ARTE
M13.0043,MT,65.9,158.0,MANTA BEBE C ENCOSTO,TEXTIL ARTE
M13.0044,GO,62.25,154.0,MANTA BEBE C NANINHA,TEXTIL ARTE
M13.0044,TO,62.87,156.0,MANTA BEBE C NANINHA,TEXTIL ARTE
M13.0044,PA,62.25,158.0,MANTA BEBE C NANINHA,TEXTIL ARTE
M13.0044,MT,62.25,158.0,MANTA BEBE C NANINHA,TEXTIL ARTE
C3.0448,GO,37.83,126.0,CORTADOR VEGET MULTIFUN,KE HOME
C3.0448,TO,38.46,128.0,CORTADOR VEGET MULTIFUN,KE HOME
C3.0448,PA,38.58,130.0,CORTADOR VEGET MULTIFUN,KE HOME
C3.0448,MT,37.83,130.0,CORTADOR VEGET MULTIFUN,KE HOME
M13.0045,GO,39.17,64.0,MANGUEIRA MAGICA 30MT,KE HOME
M13.0045,TO,39.56,64.0,MANGUEIRA MAGICA 30MT,KE HOME
M13.0045,PA,39.17,64.0,MANGUEIRA MAGICA 30MT,KE HOME
M13.0045,MT,39.17,64.0,MANGUEIRA MAGICA 30MT,KE HOME
G7.0044,GO,103.28,296.0,GARRAFA TERMICA VERONA INOX 2.5LT,CANDURA DIST
G7.0044,TO,104.31,268.0,GARRAFA TERMICA VERONA INOX 2.5LT,CANDURA DIST
G7.0044,PA,108.13,300.0,GARRAFA TERMICA VERONA INOX 2.5LT,CANDURA DIST
G7.0044,MT,103.28,300.0,GARRAFA TERMICA VERONA INOX 2.5LT,CANDURA DIST
O15.0034,GO,9.18,28.0,ODORIZADOR DE TECIDOS AMAZONIA AROMAS 500ML,AMAZONIA
O15.0034,TO,11.63,34.0,ODORIZADOR DE TECIDOS AMAZONIA AROMAS 500ML,AMAZONIA
O15.0034,PA,11.68,34.0,ODORIZADOR DE TECIDOS AMAZONIA AROMAS 500ML,AMAZONIA
O15.0034,MT,10.85,32.0,ODORIZADOR DE TECIDOS AMAZONIA AROMAS 500ML,AMAZONIA
K11.0092,GO,58.4,156.0,KIT ALMOFADAS DECORADAS 4PCS,EXCLUSIVE ANIMEIRE
K11.0092,TO,58.98,158.0,KIT ALMOFADAS DECORADAS 4PCS,EXCLUSIVE ANIMEIRE
K11.0092,PA,58.4,160.0,KIT ALMOFADAS DECORADAS 4PCS,EXCLUSIVE ANIMEIRE
K11.0092,MT,58.4,160.0,KIT ALMOFADAS DECORADAS 4PCS,EXCLUSIVE ANIMEIRE
C3.0449,GO,47.68,136.0,COLCHA COLOR COLLECTION ESTAMPADA SOLTEIRO,TEXTIL ARTE
C3.0449,TO,48.16,138.0,COLCHA COLOR COLLECTION ESTAMPADA SOLTEIRO,TEXTIL ARTE
C3.0449,PA,47.68,140.0,COLCHA COLOR COLLECTION ESTAMPADA SOLTEIRO,TEXTIL ARTE
C3.0449,MT,47.68,140.0,COLCHA COLOR COLLECTION ESTAMPADA SOLTEIRO,TEXTIL ARTE
C3.0450,GO,69.58,176.0,COLCHA COLOR COLLECTION ESTAMPADA CASAL,TEXTIL ARTE
C3.0450,TO,70.28,178.0,COLCHA COLOR COLLECTION ESTAMPADA CASAL,TEXTIL ARTE
C3.0450,PA,69.58,180.0,COLCHA COLOR COLLECTION ESTAMPADA CASAL,TEXTIL ARTE
C3.0450,MT,69.58,180.0,COLCHA COLOR COLLECTION ESTAMPADA CASAL,TEXTIL ARTE
C3.0451,GO,76.46,186.0,COLCHA COLOR COLLECTION ESTAMPADA QUEEN,TEXTIL ARTE
C3.0451,TO,77.22,188.0,COLCHA COLOR COLLECTION ESTAMPADA QUEEN,TEXTIL ARTE
C3.0451,PA,76.46,190.0,COLCHA COLOR COLLECTION ESTAMPADA QUEEN,TEXTIL ARTE
C3.0451,MT,76.46,190.0,COLCHA COLOR COLLECTION ESTAMPADA QUEEN,TEXTIL ARTE
C3.0452,GO,85.78,220.0,COLCHA COLOR COLLECTION ESTAMPADA KING,TEXTIL ARTE
C3.0452,TO,86.64,224.0,COLCHA COLOR COLLECTION ESTAMPADA KING,TEXTIL ARTE
C3.0452,PA,85.78,226.0,COLCHA COLOR COLLECTION ESTAMPADA KING,TEXTIL ARTE
C3.0452,MT,85.78,226.0,COLCHA COLOR COLLECTION ESTAMPADA KING,TEXTIL ARTE
E5.0014,GO,39.47,96.0,EDREDOM ALMOFADA INFANTIL,TEXTIL ARTE
E5.0014,TO,39.87,98.0,EDREDOM ALMOFADA INFANTIL,TEXTIL ARTE
E5.0014,PA,39.47,100.0,EDREDOM ALMOFADA INFANTIL,TEXTIL ARTE
E5.0014,MT,39.47,100.0,EDREDOM ALMOFADA INFANTIL,TEXTIL ARTE
C3.0454,GO,141.44,389.0,COLCHA PROVENCE SILICONADA CASAL 220X240,TEXTIL ARTE
C3.0454,TO,142.85,391.0,COLCHA PROVENCE SILICONADA CASAL 220X240,TEXTIL ARTE
C3.0454,PA,141.44,393.0,COLCHA PROVENCE SILICONADA CASAL 220X240,TEXTIL ARTE
C3.0454,MT,141.44,393.0,COLCHA PROVENCE SILICONADA CASAL 220X240,TEXTIL ARTE
C3.0455,GO,152.15,399.0,COLCHA PROVENCE SILICONADA QUEEN 240X260,TEXTIL ARTE
C3.0455,TO,153.67,401.0,COLCHA PROVENCE SILICONADA QUEEN 240X260,TEXTIL ARTE
C3.0455,PA,152.15,403.0,COLCHA PROVENCE SILICONADA QUEEN 240X260,TEXTIL ARTE
C3.0455,MT,152.15,403.0,COLCHA PROVENCE SILICONADA QUEEN 240X260,TEXTIL ARTE
C3.0456,GO,164.02,419.0,COLCHA PROVENCE SILICONADA KING 260X280,TEXTIL ARTE
C3.0456,TO,165.66,421.0,COLCHA PROVENCE SILICONADA KING 260X280,TEXTIL ARTE
C3.0456,PA,164.02,423.0,COLCHA PROVENCE SILICONADA KING 260X280,TEXTIL ARTE
C3.0456,MT,164.02,423.0,COLCHA PROVENCE SILICONADA KING 260X280,TEXTIL ARTE
C3.0457,GO,188.8,519.0,COLCHA PROVENCE SILICONADA SUPER KING 280X300,TEXTIL ARTE
C3.0457,TO,190.69,521.0,COLCHA PROVENCE SILICONADA SUPER KING 280X300,TEXTIL ARTE
C3.0457,PA,188.8,523.0,COLCHA PROVENCE SILICONADA SUPER KING 280X300,TEXTIL ARTE
C3.0457,MT,188.8,523.0,COLCHA PROVENCE SILICONADA SUPER KING 280X300,TEXTIL ARTE
L12.0072,GO,28.41,68.0,LENCOL SOLTEIRO MALHA INFANTIL ESTAMPADO,ADRILAR
L12.0072,TO,27.21,78.0,LENCOL SOLTEIRO MALHA INFANTIL ESTAMPADO,ADRILAR
L12.0072,PA,27.0,80.0,LENCOL SOLTEIRO MALHA INFANTIL ESTAMPADO,ADRILAR
L12.0072,MT,26.57,80.0,LENCOL SOLTEIRO MALHA INFANTIL ESTAMPADO,ADRILAR
L12.0073,GO,43.05,98.0,LENCOL CASAL MALHA LISA,ADRILAR
L12.0073,TO,41.23,108.0,LENCOL CASAL MALHA LISA,ADRILAR
L12.0073,PA,40.91,108.0,LENCOL CASAL MALHA LISA,ADRILAR
L12.0073,MT,40.26,108.0,LENCOL CASAL MALHA LISA,ADRILAR
L12.0074,GO,28.41,68.0,LENCOL SOLTEIRO MALHA LISA,ADRILAR
L12.0074,TO,27.21,78.0,LENCOL SOLTEIRO MALHA LISA,ADRILAR
L12.0074,PA,27.0,80.0,LENCOL SOLTEIRO MALHA LISA,ADRILAR
L12.0074,MT,26.57,80.0,LENCOL SOLTEIRO MALHA LISA,ADRILAR
L12.0075,GO,54.25,122.0,LENCOL KING MALHA LISA,ADRILAR
L12.0075,TO,51.96,138.0,LENCOL KING MALHA LISA,ADRILAR
L12.0075,PA,51.55,138.0,LENCOL KING MALHA LISA,ADRILAR
L12.0075,MT,50.74,138.0,LENCOL KING MALHA LISA,ADRILAR
L12.0076,GO,56.73,134.0,LENCOL SUPER KING MALHA LISA,ADRILAR
L12.0076,TO,54.33,148.0,LENCOL SUPER KING MALHA LISA,ADRILAR
L12.0076,PA,53.9,150.0,LENCOL SUPER KING MALHA LISA,ADRILAR
L12.0076,MT,53.05,150.0,LENCOL SUPER KING MALHA LISA,ADRILAR
T20.0202,GO,16.78,42.0,T BAN ADULTO ADRILAR DIVERSAS 075X150,ADRILAR
T20.0202,TO,16.94,42.0,T BAN ADULTO ADRILAR DIVERSAS 075X150,ADRILAR
T20.0202,PA,16.78,42.0,T BAN ADULTO ADRILAR DIVERSAS 075X150,ADRILAR
T20.0202,MT,16.78,42.0,T BAN ADULTO ADRILAR DIVERSAS 075X150,ADRILAR
J10.0089,GO,197.29,544.0,JOGO DE PANELA COLORS FUND 16 24 TAMPA DE VIDRO,DENISE ALUMINIOS ALUMINIOS
J10.0089,TO,199.24,546.0,JOGO DE PANELA COLORS FUND 16 24 TAMPA DE VIDRO,DENISE ALUMINIOS ALUMINIOS
J10.0089,PA,197.79,548.0,JOGO DE PANELA COLORS FUND 16 24 TAMPA DE VIDRO,DENISE ALUMINIOS ALUMINIOS
J10.0089,MT,197.29,548.0,JOGO DE PANELA COLORS FUND 16 24 TAMPA DE VIDRO,DENISE ALUMINIOS ALUMINIOS
G7.0045,GO,3.58,10.0,GANCHO ROTATIVO P UTENSILIOS,KE HOME
G7.0045,TO,3.62,11.0,GANCHO ROTATIVO P UTENSILIOS,KE HOME
G7.0045,PA,3.58,12.0,GANCHO ROTATIVO P UTENSILIOS,KE HOME
G7.0045,MT,3.58,12.0,GANCHO ROTATIVO P UTENSILIOS,KE HOME
E5.0015,GO,22.99,62.0,ESFREGAO TRIANGULAR 360 MOP,KE HOME
E5.0015,TO,23.22,63.0,ESFREGAO TRIANGULAR 360 MOP,KE HOME
E5.0015,PA,22.99,64.0,ESFREGAO TRIANGULAR 360 MOP,KE HOME
E5.0015,MT,22.99,64.0,ESFREGAO TRIANGULAR 360 MOP,KE HOME
S19.0014,GO,31.48,88.0,SUPORTE DE RODINHAS,KE HOME
S19.0014,TO,33.05,89.0,SUPORTE DE RODINHAS,KE HOME
S19.0014,PA,31.48,90.0,SUPORTE DE RODINHAS,KE HOME
S19.0014,MT,31.48,90.0,SUPORTE DE RODINHAS,KE HOME
M13.0046,GO,9.9,26.0,MINE MOP,KE HOME
M13.0046,TO,10.0,27.0,MINE MOP,KE HOME
M13.0046,PA,9.9,28.0,MINE MOP,KE HOME
M13.0046,MT,9.9,28.0,MINE MOP,KE HOME
G7.0046,GO,21.34,68.0,GARRAFA INFANTIL BISCOITO,SPEED XDX
G7.0046,TO,21.55,69.0,GARRAFA INFANTIL BISCOITO,SPEED XDX
G7.0046,PA,21.34,70.0,GARRAFA INFANTIL BISCOITO,SPEED XDX
G7.0046,MT,21.34,70.0,GARRAFA INFANTIL BISCOITO,SPEED XDX
G7.0047,GO,23.39,62.0,GARRAFA GULOSEIMAS,SPEED XDX
G7.0047,TO,23.62,64.0,GARRAFA GULOSEIMAS,SPEED XDX
G7.0047,PA,23.39,66.0,GARRAFA GULOSEIMAS,SPEED XDX
G7.0047,MT,23.39,66.0,GARRAFA GULOSEIMAS,SPEED XDX
J10.0090,GO,7.84,30.0,JOGO DE CESTAS AIR FRYER,KE HOME
J10.0090,TO,7.92,32.0,JOGO DE CESTAS AIR FRYER,KE HOME
J10.0090,PA,7.84,34.0,JOGO DE CESTAS AIR FRYER,KE HOME
J10.0090,MT,7.84,34.0,JOGO DE CESTAS AIR FRYER,KE HOME
C3.0458,GO,73.22,180.0,CHURRASQUEIRA PORTATIL 43X29X22CM,KE HOME
C3.0458,TO,73.95,180.0,CHURRASQUEIRA PORTATIL 43X29X22CM,KE HOME
C3.0458,PA,73.22,180.0,CHURRASQUEIRA PORTATIL 43X29X22CM,KE HOME
C3.0458,MT,73.22,180.0,CHURRASQUEIRA PORTATIL 43X29X22CM,KE HOME
P16.0131,GO,13.79,46.0,PORTA TEMPEROS GLAM,KE HOME
P16.0131,TO,13.92,48.0,PORTA TEMPEROS GLAM,KE HOME
P16.0131,PA,15.33,49.0,PORTA TEMPEROS GLAM,KE HOME
P16.0131,MT,13.79,49.0,PORTA TEMPEROS GLAM,KE HOME
P16.0132,GO,178.24,486.0,PISCINA INFLAVEL 150X105,MAX BRAS
P16.0132,TO,180.02,488.0,PISCINA INFLAVEL 150X105,MAX BRAS
P16.0132,PA,178.24,490.0,PISCINA INFLAVEL 150X105,MAX BRAS
P16.0132,MT,178.24,490.0,PISCINA INFLAVEL 150X105,MAX BRAS
B2.0097,GO,25.05,68.0,BRINQ PISTOLA BOLHA SABAO,MAX BRAS
B2.0097,TO,25.3,69.0,BRINQ PISTOLA BOLHA SABAO,MAX BRAS
B2.0097,PA,25.05,70.0,BRINQ PISTOLA BOLHA SABAO,MAX BRAS
B2.0097,MT,25.05,70.0,BRINQ PISTOLA BOLHA SABAO,MAX BRAS
V22.0011,GO,65.7,179.0,VENTILADOR LUZ LED 03,MAX BRAS
V22.0011,TO,66.36,181.0,VENTILADOR LUZ LED 03,MAX BRAS
V22.0011,PA,65.7,183.0,VENTILADOR LUZ LED 03,MAX BRAS
V22.0011,MT,65.7,183.0,VENTILADOR LUZ LED 03,MAX BRAS
L12.0081,GO,45.63,129.0,LUMINARIA MAGICA SENSIVEL AO TOQUE TC 294,MAX BRAS
L12.0081,TO,46.09,131.0,LUMINARIA MAGICA SENSIVEL AO TOQUE TC 294,MAX BRAS
L12.0081,PA,45.63,133.0,LUMINARIA MAGICA SENSIVEL AO TOQUE TC 294,MAX BRAS
L12.0081,MT,45.63,133.0,LUMINARIA MAGICA SENSIVEL AO TOQUE TC 294,MAX BRAS
L12.0084,GO,30.58,49.0,LAMPADA SOLAR SENSOR FOTOCELULA CL 180 QUAD,MAX BRAS
L12.0084,TO,30.89,49.0,LAMPADA SOLAR SENSOR FOTOCELULA CL 180 QUAD,MAX BRAS
L12.0084,PA,30.58,49.0,LAMPADA SOLAR SENSOR FOTOCELULA CL 180 QUAD,MAX BRAS
L12.0084,MT,30.58,49.0,LAMPADA SOLAR SENSOR FOTOCELULA CL 180 QUAD,MAX BRAS
L12.0085,GO,30.58,89.0,LAMPADA SOLAR SENSOR FOTOCELULA CL 181 OVAL,MAX BRAS
L12.0085,TO,30.89,90.0,LAMPADA SOLAR SENSOR FOTOCELULA CL 181 OVAL,MAX BRAS
L12.0085,PA,30.58,91.0,LAMPADA SOLAR SENSOR FOTOCELULA CL 181 OVAL,MAX BRAS
L12.0085,MT,30.58,91.0,LAMPADA SOLAR SENSOR FOTOCELULA CL 181 OVAL,MAX BRAS
L12.0086,GO,27.57,79.0,LUMINARIA SOLAR SENSOR PRESENCA 114LEDS TC 302,MAX BRAS
L12.0086,TO,27.85,80.0,LUMINARIA SOLAR SENSOR PRESENCA 114LEDS TC 302,MAX BRAS
L12.0086,PA,27.57,81.0,LUMINARIA SOLAR SENSOR PRESENCA 114LEDS TC 302,MAX BRAS
L12.0086,MT,27.57,81.0,LUMINARIA SOLAR SENSOR PRESENCA 114LEDS TC 302,MAX BRAS
L12.0087,GO,22.55,64.0,LUMINARIA SOLAR SENSOR PRESENCA 100LEDS TC 301,MAX BRAS
L12.0087,TO,22.78,65.0,LUMINARIA SOLAR SENSOR PRESENCA 100LEDS TC 301,MAX BRAS
L12.0087,PA,22.55,66.0,LUMINARIA SOLAR SENSOR PRESENCA 100LEDS TC 301,MAX BRAS
L12.0087,MT,22.55,66.0,LUMINARIA SOLAR SENSOR PRESENCA 100LEDS TC 301,MAX BRAS
M13.0047,GO,22.55,64.0,MINI VENTILADOR DE MESA BUS BJJ 798,MAX BRAS
M13.0047,TO,22.78,65.0,MINI VENTILADOR DE MESA BUS BJJ 798,MAX BRAS
M13.0047,PA,22.55,66.0,MINI VENTILADOR DE MESA BUS BJJ 798,MAX BRAS
M13.0047,MT,22.55,66.0,MINI VENTILADOR DE MESA BUS BJJ 798,MAX BRAS
M13.0048,GO,22.55,64.0,MINI VENTILADOR DE MESA NAVE BJJ 788,MAX BRAS
M13.0048,TO,22.78,65.0,MINI VENTILADOR DE MESA NAVE BJJ 788,MAX BRAS
M13.0048,PA,22.55,66.0,MINI VENTILADOR DE MESA NAVE BJJ 788,MAX BRAS
M13.0048,MT,22.55,66.0,MINI VENTILADOR DE MESA NAVE BJJ 788,MAX BRAS
M13.0049,GO,18.54,52.0,MINI VENTILADOR DE MESA URSINHO YW 2195,MAX BRAS
M13.0049,TO,18.73,53.0,MINI VENTILADOR DE MESA URSINHO YW 2195,MAX BRAS
M13.0049,PA,18.54,54.0,MINI VENTILADOR DE MESA URSINHO YW 2195,MAX BRAS
M13.0049,MT,18.54,54.0,MINI VENTILADOR DE MESA URSINHO YW 2195,MAX BRAS
L12.0089,GO,65.7,189.0,LAMPADA SOLAR SENSOR DE PRESENCA CONTROLE 796 4,MAX BRAS
L12.0089,TO,66.36,191.0,LAMPADA SOLAR SENSOR DE PRESENCA CONTROLE 796 4,MAX BRAS
L12.0089,PA,65.7,193.0,LAMPADA SOLAR SENSOR DE PRESENCA CONTROLE 796 4,MAX BRAS
L12.0089,MT,65.7,193.0,LAMPADA SOLAR SENSOR DE PRESENCA CONTROLE 796 4,MAX BRAS
L12.0082,GO,45.63,127.0,LUMINARIA MAGICA SENSIVEL AO TOQUE TC 295,MAX BRAS
L12.0082,TO,46.09,129.0,LUMINARIA MAGICA SENSIVEL AO TOQUE TC 295,MAX BRAS
L12.0082,PA,45.63,131.0,LUMINARIA MAGICA SENSIVEL AO TOQUE TC 295,MAX BRAS
L12.0082,MT,45.63,131.0,LUMINARIA MAGICA SENSIVEL AO TOQUE TC 295,MAX BRAS
E5.0016,GO,45.23,130.0,ESPREMEDOR LARANJA TP 378,MAX BRAS
E5.0016,TO,46.2,132.0,ESPREMEDOR LARANJA TP 378,MAX BRAS
E5.0016,PA,46.41,134.0,ESPREMEDOR LARANJA TP 378,MAX BRAS
E5.0016,MT,45.23,134.0,ESPREMEDOR LARANJA TP 378,MAX BRAS
K11.0093,GO,26.65,98.0,KIT FACAS 6PCS COLORIDOS TP 332,MAX BRAS
K11.0093,TO,26.92,98.0,KIT FACAS 6PCS COLORIDOS TP 332,MAX BRAS
K11.0093,PA,26.65,98.0,KIT FACAS 6PCS COLORIDOS TP 332,MAX BRAS
K11.0093,MT,26.65,98.0,KIT FACAS 6PCS COLORIDOS TP 332,MAX BRAS
L12.0088,GO,60.68,172.0,LANTERNA DE MERGULHO PROFISSIONAL,MAX BRAS
L12.0088,TO,61.29,174.0,LANTERNA DE MERGULHO PROFISSIONAL,MAX BRAS
L12.0088,PA,60.68,176.0,LANTERNA DE MERGULHO PROFISSIONAL,MAX BRAS
L12.0088,MT,60.68,176.0,LANTERNA DE MERGULHO PROFISSIONAL,MAX BRAS
P16.0133,GO,28.57,78.0,PIPOQUEIRA SILICONE MICROOONDAS,MAX BRAS
P16.0133,TO,28.86,79.0,PIPOQUEIRA SILICONE MICROOONDAS,MAX BRAS
P16.0133,PA,28.57,80.0,PIPOQUEIRA SILICONE MICROOONDAS,MAX BRAS
P16.0133,MT,28.57,80.0,PIPOQUEIRA SILICONE MICROOONDAS,MAX BRAS
M13.0050,GO,39.61,112.0,MINI AR CONDICIONADO HW 06,MAX BRAS
M13.0050,TO,40.01,114.0,MINI AR CONDICIONADO HW 06,MAX BRAS
M13.0050,PA,39.61,116.0,MINI AR CONDICIONADO HW 06,MAX BRAS
M13.0050,MT,39.61,116.0,MINI AR CONDICIONADO HW 06,MAX BRAS
M13.0051,GO,31.58,88.0,MINI VENTILADOR DE BOLSO PORTATIL TC 330,MAX BRAS
M13.0051,TO,31.9,89.0,MINI VENTILADOR DE BOLSO PORTATIL TC 330,MAX BRAS
M13.0051,PA,31.58,90.0,MINI VENTILADOR DE BOLSO PORTATIL TC 330,MAX BRAS
M13.0051,MT,31.58,90.0,MINI VENTILADOR DE BOLSO PORTATIL TC 330,MAX BRAS
C3.0459,GO,54.66,152.0,CADEADO PARA MOTO COM ALARME BC 01,MAX BRAS
C3.0459,TO,55.21,154.0,CADEADO PARA MOTO COM ALARME BC 01,MAX BRAS
C3.0459,PA,54.66,156.0,CADEADO PARA MOTO COM ALARME BC 01,MAX BRAS
C3.0459,MT,54.66,156.0,CADEADO PARA MOTO COM ALARME BC 01,MAX BRAS
L12.0083,GO,45.63,128.0,LUMINARIA MAGICA SENSIVEL AO TOQUE TC 296,MAX BRAS
L12.0083,TO,46.09,130.0,LUMINARIA MAGICA SENSIVEL AO TOQUE TC 296,MAX BRAS
L12.0083,PA,45.63,132.0,LUMINARIA MAGICA SENSIVEL AO TOQUE TC 296,MAX BRAS
L12.0083,MT,45.63,132.0,LUMINARIA MAGICA SENSIVEL AO TOQUE TC 296,MAX BRAS
B2.0098,GO,20.57,21.0,BRINQ PISTOLA LANCA AVIAO TOP340 341,MAX BRAS
B2.0098,TO,20.78,21.0,BRINQ PISTOLA LANCA AVIAO TOP340 341,MAX BRAS
B2.0098,PA,20.57,21.0,BRINQ PISTOLA LANCA AVIAO TOP340 341,MAX BRAS
B2.0098,MT,20.57,21.0,BRINQ PISTOLA LANCA AVIAO TOP340 341,MAX BRAS
B2.0099,GO,14.54,15.0,BRINQ ANIMAL KIT 2 UN POP GIRAFA CACHORRO,MAX BRAS
B2.0099,TO,14.69,15.0,BRINQ ANIMAL KIT 2 UN POP GIRAFA CACHORRO,MAX BRAS
B2.0099,PA,14.54,15.0,BRINQ ANIMAL KIT 2 UN POP GIRAFA CACHORRO,MAX BRAS
B2.0099,MT,14.54,15.0,BRINQ ANIMAL KIT 2 UN POP GIRAFA CACHORRO,MAX BRAS
B2.0100,GO,14.54,48.0,BRINQ ANIMAL KIT 2 UN POP GIRAFA,MAX BRAS
B2.0100,TO,14.69,48.0,BRINQ ANIMAL KIT 2 UN POP GIRAFA,MAX BRAS
B2.0100,PA,14.54,28.0,BRINQ ANIMAL KIT 2 UN POP GIRAFA,MAX BRAS
B2.0100,MT,14.54,28.0,BRINQ ANIMAL KIT 2 UN POP GIRAFA,MAX BRAS
C3.0460,GO,63.58,96.0,CUTELO 10 TOP 294,MAX BRAS
C3.0460,TO,64.22,96.0,CUTELO 10 TOP 294,MAX BRAS
C3.0460,PA,63.58,96.0,CUTELO 10 TOP 294,MAX BRAS
C3.0460,MT,63.58,96.0,CUTELO 10 TOP 294,MAX BRAS
L12.0078,GO,10.4,34.0,LANTERNA DE CABECA MB 5025,LUI ELETRONICOS
L12.0078,TO,10.5,35.0,LANTERNA DE CABECA MB 5025,LUI ELETRONICOS
L12.0078,PA,10.4,36.0,LANTERNA DE CABECA MB 5025,LUI ELETRONICOS
L12.0078,MT,10.4,36.0,LANTERNA DE CABECA MB 5025,LUI ELETRONICOS
L12.0079,GO,63.77,179.0,LIQUIDIFICADOR PORTATIL TOMATE,LUI ELETRONICOS
L12.0079,TO,64.41,181.0,LIQUIDIFICADOR PORTATIL TOMATE,LUI ELETRONICOS
L12.0079,PA,63.77,183.0,LIQUIDIFICADOR PORTATIL TOMATE,LUI ELETRONICOS
L12.0079,MT,63.77,183.0,LIQUIDIFICADOR PORTATIL TOMATE,LUI ELETRONICOS
P16.0134,GO,54.94,152.0,PROJETOR ESTELAR,LUI ELETRONICOS
P16.0134,TO,55.48,154.0,PROJETOR ESTELAR,LUI ELETRONICOS
P16.0134,PA,54.94,156.0,PROJETOR ESTELAR,LUI ELETRONICOS
P16.0134,MT,54.94,156.0,PROJETOR ESTELAR,LUI ELETRONICOS
G7.0048,GO,23.97,84.0,GARRAFA TERMICA C 3 COPOS,LUI ELETRONICOS
G7.0048,TO,22.99,86.0,GARRAFA TERMICA C 3 COPOS,LUI ELETRONICOS
G7.0048,PA,22.76,88.0,GARRAFA TERMICA C 3 COPOS,LUI ELETRONICOS
G7.0048,MT,22.76,88.0,GARRAFA TERMICA C 3 COPOS,LUI ELETRONICOS
E5.0017,GO,26.96,69.0,EXTENSAO 3 METROS MEILEPEI,LUI ELETRONICOS
E5.0017,TO,27.23,70.0,EXTENSAO 3 METROS MEILEPEI,LUI ELETRONICOS
E5.0017,PA,26.96,71.0,EXTENSAO 3 METROS MEILEPEI,LUI ELETRONICOS
E5.0017,MT,26.96,71.0,EXTENSAO 3 METROS MEILEPEI,LUI ELETRONICOS
C3.0461,GO,201.64,556.0,CAIXA DE SOM GRANDE D D02 C MICROFONE,LUI ELETRONICOS
C3.0461,TO,203.65,558.0,CAIXA DE SOM GRANDE D D02 C MICROFONE,LUI ELETRONICOS
C3.0461,PA,201.64,560.0,CAIXA DE SOM GRANDE D D02 C MICROFONE,LUI ELETRONICOS
C3.0461,MT,201.64,560.0,CAIXA DE SOM GRANDE D D02 C MICROFONE,LUI ELETRONICOS
C3.0462,GO,46.48,196.0,CAIXA DE SOM PNEU 8 LED C SENSOR,LUI ELETRONICOS
C3.0462,TO,46.94,198.0,CAIXA DE SOM PNEU 8 LED C SENSOR,LUI ELETRONICOS
C3.0462,PA,47.0,198.0,CAIXA DE SOM PNEU 8 LED C SENSOR,LUI ELETRONICOS
C3.0462,MT,46.48,198.0,CAIXA DE SOM PNEU 8 LED C SENSOR,LUI ELETRONICOS
L12.0080,GO,8.83,26.0,LUMINARIA 8 LED C SENSOR,LUI ELETRONICOS
L12.0080,TO,8.92,28.0,LUMINARIA 8 LED C SENSOR,LUI ELETRONICOS
L12.0080,PA,8.83,30.0,LUMINARIA 8 LED C SENSOR,LUI ELETRONICOS
L12.0080,MT,8.83,30.0,LUMINARIA 8 LED C SENSOR,LUI ELETRONICOS
C3.0463,GO,98.94,286.0,COLCHA COLOR COLLECTION ESTAMPADA SUPER KING,TEXTIL ARTE
C3.0463,TO,99.93,288.0,COLCHA COLOR COLLECTION ESTAMPADA SUPER KING,TEXTIL ARTE
C3.0463,PA,98.94,290.0,COLCHA COLOR COLLECTION ESTAMPADA SUPER KING,TEXTIL ARTE
C3.0463,MT,98.94,290.0,COLCHA COLOR COLLECTION ESTAMPADA SUPER KING,TEXTIL ARTE
K11.0094,GO,9.12,27.0,KIT CUMBUCA COM TAMPA 1.4LT 3PCS,RDR PLASTICOS
K11.0094,TO,9.21,28.0,KIT CUMBUCA COM TAMPA 1.4LT 3PCS,RDR PLASTICOS
K11.0094,PA,9.12,29.0,KIT CUMBUCA COM TAMPA 1.4LT 3PCS,RDR PLASTICOS
K11.0094,MT,9.12,29.0,KIT CUMBUCA COM TAMPA 1.4LT 3PCS,RDR PLASTICOS
K11.0095,GO,9.64,28.0,KIT CUMBUCA COM TAMPA 3LT 2PCS,RDR PLASTICOS
K11.0095,TO,9.74,29.0,KIT CUMBUCA COM TAMPA 3LT 2PCS,RDR PLASTICOS
K11.0095,PA,9.64,30.0,KIT CUMBUCA COM TAMPA 3LT 2PCS,RDR PLASTICOS
K11.0095,MT,9.64,30.0,KIT CUMBUCA COM TAMPA 3LT 2PCS,RDR PLASTICOS
K11.0096,GO,19.0,66.0,KIT CONSERVADOR 5PCS DECORADO REDONDO,RDR PLASTICOS
K11.0096,TO,20.16,67.0,KIT CONSERVADOR 5PCS DECORADO REDONDO,RDR PLASTICOS
K11.0096,PA,19.58,68.0,KIT CONSERVADOR 5PCS DECORADO REDONDO,RDR PLASTICOS
K11.0096,MT,19.0,68.0,KIT CONSERVADOR 5PCS DECORADO REDONDO,RDR PLASTICOS
C3.0468,GO,1.56,5.0,CUMBUCA COM TAMPA 1.4 LT DECORADA,RDR PLASTICOS
C3.0468,TO,1.58,5.0,CUMBUCA COM TAMPA 1.4 LT DECORADA,RDR PLASTICOS
C3.0468,PA,1.56,5.0,CUMBUCA COM TAMPA 1.4 LT DECORADA,RDR PLASTICOS
C3.0468,MT,1.56,5.0,CUMBUCA COM TAMPA 1.4 LT DECORADA,RDR PLASTICOS
E5.0018,GO,15.07,58.0,ESFREGAO MOP XDX,XDX TALHERES
E5.0018,TO,15.22,59.0,ESFREGAO MOP XDX,XDX TALHERES
E5.0018,PA,15.07,60.0,ESFREGAO MOP XDX,XDX TALHERES
E5.0018,MT,15.07,60.0,ESFREGAO MOP XDX,XDX TALHERES
J10.0091,GO,18.18,52.0,JOGO CONTAINER 10PCS DECORADO RAE,R A E PLASTICOS
J10.0091,TO,18.37,53.0,JOGO CONTAINER 10PCS DECORADO RAE,R A E PLASTICOS
J10.0091,PA,18.18,54.0,JOGO CONTAINER 10PCS DECORADO RAE,R A E PLASTICOS
J10.0091,MT,18.18,54.0,JOGO CONTAINER 10PCS DECORADO RAE,R A E PLASTICOS
J10.0092,GO,10.72,33.0,JOGO ORGANIZADOR 2PCS 4LT DECORADO RAE,R A E PLASTICOS
J10.0092,TO,10.82,34.0,JOGO ORGANIZADOR 2PCS 4LT DECORADO RAE,R A E PLASTICOS
J10.0092,PA,10.72,36.0,JOGO ORGANIZADOR 2PCS 4LT DECORADO RAE,R A E PLASTICOS
J10.0092,MT,10.72,36.0,JOGO ORGANIZADOR 2PCS 4LT DECORADO RAE,R A E PLASTICOS
J10.0093,GO,13.6,38.0,JOGO BOLEIRA C 6 TACAS DECORADAS RAE,R A E PLASTICOS
J10.0093,TO,13.73,39.0,JOGO BOLEIRA C 6 TACAS DECORADAS RAE,R A E PLASTICOS
J10.0093,PA,13.6,40.0,JOGO BOLEIRA C 6 TACAS DECORADAS RAE,R A E PLASTICOS
J10.0093,MT,13.6,40.0,JOGO BOLEIRA C 6 TACAS DECORADAS RAE,R A E PLASTICOS
K11.0097,GO,15.47,44.0,KIT PRESENTE DECORADO LIXEIRA E KIT PIA,R A E PLASTICOS
K11.0097,TO,15.63,45.0,KIT PRESENTE DECORADO LIXEIRA E KIT PIA,R A E PLASTICOS
K11.0097,PA,15.47,46.0,KIT PRESENTE DECORADO LIXEIRA E KIT PIA,R A E PLASTICOS
K11.0097,MT,15.47,46.0,KIT PRESENTE DECORADO LIXEIRA E KIT PIA,R A E PLASTICOS
K11.0098,GO,7.11,22.0,KIT LIMPEZA COLOR DECORADO,R A E PLASTICOS
K11.0098,TO,7.18,23.0,KIT LIMPEZA COLOR DECORADO,R A E PLASTICOS
K11.0098,PA,7.11,24.0,KIT LIMPEZA COLOR DECORADO,R A E PLASTICOS
K11.0098,MT,7.11,24.0,KIT LIMPEZA COLOR DECORADO,R A E PLASTICOS
K11.0099,GO,9.53,26.0,KIT ORGANIZADOR COZINHA P 3PCS,R A E PLASTICOS
K11.0099,TO,9.62,27.0,KIT ORGANIZADOR COZINHA P 3PCS,R A E PLASTICOS
K11.0099,PA,9.53,28.0,KIT ORGANIZADOR COZINHA P 3PCS,R A E PLASTICOS
K11.0099,MT,9.53,28.0,KIT ORGANIZADOR COZINHA P 3PCS,R A E PLASTICOS
K11.0100,GO,15.57,43.0,KIT ORGANIZADOR COZINHA M 3PCS,R A E PLASTICOS
K11.0100,TO,15.72,44.0,KIT ORGANIZADOR COZINHA M 3PCS,R A E PLASTICOS
K11.0100,PA,15.57,45.0,KIT ORGANIZADOR COZINHA M 3PCS,R A E PLASTICOS
K11.0100,MT,15.57,45.0,KIT ORGANIZADOR COZINHA M 3PCS,R A E PLASTICOS
L12.0090,GO,7.54,23.0,LIXEIRA DECORADA 12LT KIT COZINHA RAE,R A E PLASTICOS
L12.0090,TO,7.61,24.0,LIXEIRA DECORADA 12LT KIT COZINHA RAE,R A E PLASTICOS
L12.0090,PA,7.54,25.0,LIXEIRA DECORADA 12LT KIT COZINHA RAE,R A E PLASTICOS
L12.0090,MT,7.54,25.0,LIXEIRA DECORADA 12LT KIT COZINHA RAE,R A E PLASTICOS
C3.0474,GO,44.0,132.0,COBRELEITO HABITAT SOLTEIRO JOAO MARIA 160X220,HABITAT
C3.0474,TO,44.44,134.0,COBRELEITO HABITAT SOLTEIRO JOAO MARIA 160X220,HABITAT
C3.0474,PA,53.35,164.0,COBRELEITO HABITAT SOLTEIRO JOAO MARIA 160X220,HABITAT
C3.0474,MT,44.0,136.0,COBRELEITO HABITAT SOLTEIRO JOAO MARIA 160X220,HABITAT
C3.0464,GO,122.14,350.0,CORTINA CRISTAL 300X260,KAUAN BORDADOSN BORDADOS
C3.0464,TO,108.55,282.0,CORTINA CRISTAL 300X260,KAUAN BORDADOSN BORDADOS
C3.0464,PA,136.11,286.0,CORTINA CRISTAL 300X260,KAUAN BORDADOSN BORDADOS
C3.0464,MT,107.48,286.0,CORTINA CRISTAL 300X260,KAUAN BORDADOSN BORDADOS
C3.0465,GO,154.16,441.0,CORTINA CRISTAL 400X260,KAUAN BORDADOSN BORDADOS
C3.0465,TO,129.88,352.0,CORTINA CRISTAL 400X260,KAUAN BORDADOSN BORDADOS
C3.0465,PA,154.81,356.0,CORTINA CRISTAL 400X260,KAUAN BORDADOSN BORDADOS
C3.0465,MT,128.59,356.0,CORTINA CRISTAL 400X260,KAUAN BORDADOSN BORDADOS
C3.0466,GO,52.51,147.0,CORTINA VOIL LISO C BLACKOUT PVC 280X180,KAUAN BORDADOSN BORDADOS
C3.0466,TO,53.03,149.0,CORTINA VOIL LISO C BLACKOUT PVC 280X180,KAUAN BORDADOSN BORDADOS
C3.0466,PA,52.51,151.0,CORTINA VOIL LISO C BLACKOUT PVC 280X180,KAUAN BORDADOSN BORDADOS
C3.0466,MT,52.51,151.0,CORTINA VOIL LISO C BLACKOUT PVC 280X180,KAUAN BORDADOSN BORDADOS
K11.0101,GO,15.64,25.0,KIT POTE RETANGULAR 1.8L 800ML 550ML 2PCS,RISCHIOTO
K11.0101,TO,15.8,25.0,KIT POTE RETANGULAR 1.8L 800ML 550ML 2PCS,RISCHIOTO
K11.0101,PA,15.64,25.0,KIT POTE RETANGULAR 1.8L 800ML 550ML 2PCS,RISCHIOTO
K11.0101,MT,15.64,25.0,KIT POTE RETANGULAR 1.8L 800ML 550ML 2PCS,RISCHIOTO
K11.0102,GO,9.13,23.0,KIT RETANGULAR 1.2L COLOR 2PCS,RISCHIOTO
K11.0102,TO,9.22,23.0,KIT RETANGULAR 1.2L COLOR 2PCS,RISCHIOTO
K11.0102,PA,9.13,26.0,KIT RETANGULAR 1.2L COLOR 2PCS,RISCHIOTO
K11.0102,MT,9.13,26.0,KIT RETANGULAR 1.2L COLOR 2PCS,RISCHIOTO
K11.0103,GO,8.58,14.0,KIT RETANGULAR 800ML 550ML 2PCS,RISCHIOTO
K11.0103,TO,8.66,14.0,KIT RETANGULAR 800ML 550ML 2PCS,RISCHIOTO
K11.0103,PA,8.58,14.0,KIT RETANGULAR 800ML 550ML 2PCS,RISCHIOTO
K11.0103,MT,8.58,14.0,KIT RETANGULAR 800ML 550ML 2PCS,RISCHIOTO
K11.0104,GO,27.56,69.0,KIT RETANGULAR 380ML 740ML 1.2ML 3PCS,RISCHIOTO
K11.0104,TO,27.84,69.0,KIT RETANGULAR 380ML 740ML 1.2ML 3PCS,RISCHIOTO
K11.0104,PA,27.56,78.0,KIT RETANGULAR 380ML 740ML 1.2ML 3PCS,RISCHIOTO
K11.0104,MT,27.56,78.0,KIT RETANGULAR 380ML 740ML 1.2ML 3PCS,RISCHIOTO
K11.0105,GO,27.6,69.0,KIT RETANGULAR 380ML 770ML 1.4ML 3PCS,RISCHIOTO
K11.0105,TO,27.88,69.0,KIT RETANGULAR 380ML 770ML 1.4ML 3PCS,RISCHIOTO
K11.0105,PA,27.6,78.0,KIT RETANGULAR 380ML 770ML 1.4ML 3PCS,RISCHIOTO
K11.0105,MT,27.6,78.0,KIT RETANGULAR 380ML 770ML 1.4ML 3PCS,RISCHIOTO
K11.0106,GO,14.38,36.0,KIT FLIPLOCK 400ML 1.4 1.0L 3PCS,RISCHIOTO
K11.0106,TO,14.52,36.0,KIT FLIPLOCK 400ML 1.4 1.0L 3PCS,RISCHIOTO
K11.0106,PA,14.38,42.0,KIT FLIPLOCK 400ML 1.4 1.0L 3PCS,RISCHIOTO
K11.0106,MT,14.38,42.0,KIT FLIPLOCK 400ML 1.4 1.0L 3PCS,RISCHIOTO
K11.0107,GO,14.8,37.0,KIT RETANGULAR FLIPLOCK 400ML 800ML 1.4L 3PCS,RISCHIOTO
K11.0107,TO,14.95,37.0,KIT RETANGULAR FLIPLOCK 400ML 800ML 1.4L 3PCS,RISCHIOTO
K11.0107,PA,14.8,44.0,KIT RETANGULAR FLIPLOCK 400ML 800ML 1.4L 3PCS,RISCHIOTO
K11.0107,MT,14.8,44.0,KIT RETANGULAR FLIPLOCK 400ML 800ML 1.4L 3PCS,RISCHIOTO
K11.0108,GO,13.29,34.0,KIT FLIPLOCK 400ML 800ML 1.4L 3PCS,RISCHIOTO
K11.0108,TO,13.43,34.0,KIT FLIPLOCK 400ML 800ML 1.4L 3PCS,RISCHIOTO
K11.0108,PA,13.29,40.0,KIT FLIPLOCK 400ML 800ML 1.4L 3PCS,RISCHIOTO
K11.0108,MT,13.29,40.0,KIT FLIPLOCK 400ML 800ML 1.4L 3PCS,RISCHIOTO
K11.0109,GO,14.81,37.0,KIT QUADRADO 400ML 800ML 1.4L 3PCS,RISCHIOTO
K11.0109,TO,14.96,37.0,KIT QUADRADO 400ML 800ML 1.4L 3PCS,RISCHIOTO
K11.0109,PA,14.81,44.0,KIT QUADRADO 400ML 800ML 1.4L 3PCS,RISCHIOTO
K11.0109,MT,14.81,44.0,KIT QUADRADO 400ML 800ML 1.4L 3PCS,RISCHIOTO
K11.0110,GO,45.78,114.0,KIT LIXEIRA REDONDA C PEDAL 34L 12L,RISCHIOTO
K11.0110,TO,46.24,114.0,KIT LIXEIRA REDONDA C PEDAL 34L 12L,RISCHIOTO
K11.0110,PA,45.78,128.0,KIT LIXEIRA REDONDA C PEDAL 34L 12L,RISCHIOTO
K11.0110,MT,45.78,128.0,KIT LIXEIRA REDONDA C PEDAL 34L 12L,RISCHIOTO
K11.0111,GO,47.2,117.0,KIT LIXEIRA QUADRADA C PEDAL 34L 14L,RISCHIOTO
K11.0111,TO,47.67,117.0,KIT LIXEIRA QUADRADA C PEDAL 34L 14L,RISCHIOTO
K11.0111,PA,47.2,130.0,KIT LIXEIRA QUADRADA C PEDAL 34L 14L,RISCHIOTO
K11.0111,MT,47.2,130.0,KIT LIXEIRA QUADRADA C PEDAL 34L 14L,RISCHIOTO
K11.0112,GO,25.18,63.0,KIT COZINHA LIXEIRA 14L LIXEIRA PIA 5L,RISCHIOTO
K11.0112,TO,25.44,63.0,KIT COZINHA LIXEIRA 14L LIXEIRA PIA 5L,RISCHIOTO
K11.0112,PA,25.18,68.0,KIT COZINHA LIXEIRA 14L LIXEIRA PIA 5L,RISCHIOTO
K11.0112,MT,25.18,68.0,KIT COZINHA LIXEIRA 14L LIXEIRA PIA 5L,RISCHIOTO
K11.0113,GO,80.87,200.0,KIT ORGANIZADOR 80L 50L,RISCHIOTO
K11.0113,TO,81.68,200.0,KIT ORGANIZADOR 80L 50L,RISCHIOTO
K11.0113,PA,80.87,220.0,KIT ORGANIZADOR 80L 50L,RISCHIOTO
K11.0113,MT,80.87,220.0,KIT ORGANIZADOR 80L 50L,RISCHIOTO
K11.0114,GO,38.99,97.0,KIT ORGANIZADORA 30L 10L,RISCHIOTO
K11.0114,TO,39.38,97.0,KIT ORGANIZADORA 30L 10L,RISCHIOTO
K11.0114,PA,38.99,108.0,KIT ORGANIZADORA 30L 10L,RISCHIOTO
K11.0114,MT,38.99,108.0,KIT ORGANIZADORA 30L 10L,RISCHIOTO
K11.0115,GO,59.04,147.0,KIT ORGANIZADOR FUME 50L 30L,RISCHIOTO
K11.0115,TO,59.63,147.0,KIT ORGANIZADOR FUME 50L 30L,RISCHIOTO
K11.0115,PA,59.04,160.0,KIT ORGANIZADOR FUME 50L 30L,RISCHIOTO
K11.0115,MT,59.04,160.0,KIT ORGANIZADOR FUME 50L 30L,RISCHIOTO
K11.0116,GO,43.34,108.0,KIT CESTO TELADO LIXEIRA 12L LIXEIRA PIA 5L,RISCHIOTO
K11.0116,TO,43.78,108.0,KIT CESTO TELADO LIXEIRA 12L LIXEIRA PIA 5L,RISCHIOTO
K11.0116,PA,43.34,120.0,KIT CESTO TELADO LIXEIRA 12L LIXEIRA PIA 5L,RISCHIOTO
K11.0116,MT,43.34,120.0,KIT CESTO TELADO LIXEIRA 12L LIXEIRA PIA 5L,RISCHIOTO
K11.0117,GO,76.55,192.0,KIT RATTAN CESTO 55L 14.5L 7.5L,RISCHIOTO
K11.0117,TO,77.32,192.0,KIT RATTAN CESTO 55L 14.5L 7.5L,RISCHIOTO
K11.0117,PA,76.55,220.0,KIT RATTAN CESTO 55L 14.5L 7.5L,RISCHIOTO
K11.0117,MT,76.55,220.0,KIT RATTAN CESTO 55L 14.5L 7.5L,RISCHIOTO
B2.0101,GO,14.93,41.0,BACIA 22LT,RISCHIOTO
B2.0101,TO,15.08,42.0,BACIA 22LT,RISCHIOTO
B2.0101,PA,14.93,43.0,BACIA 22LT,RISCHIOTO
B2.0101,MT,14.93,43.0,BACIA 22LT,RISCHIOTO
B2.0102,GO,35.67,93.0,BACIA 80LT,RISCHIOTO
B2.0102,TO,36.03,94.0,BACIA 80LT,RISCHIOTO
B2.0102,PA,35.67,95.0,BACIA 80LT,RISCHIOTO
B2.0102,MT,35.67,95.0,BACIA 80LT,RISCHIOTO
B2.0103,GO,24.55,60.0,BANQUETA NATURALLE TABACO,RISCHIOTO
B2.0103,TO,24.8,61.0,BANQUETA NATURALLE TABACO,RISCHIOTO
B2.0103,PA,24.55,62.0,BANQUETA NATURALLE TABACO,RISCHIOTO
B2.0103,MT,24.55,62.0,BANQUETA NATURALLE TABACO,RISCHIOTO
C3.0475,GO,23.38,59.0,CAIXA ORGANIZADORA 30L,RISCHIOTO
C3.0475,TO,23.61,59.0,CAIXA ORGANIZADORA 30L,RISCHIOTO
C3.0475,PA,23.38,64.0,CAIXA ORGANIZADORA 30L,RISCHIOTO
C3.0475,MT,23.38,64.0,CAIXA ORGANIZADORA 30L,RISCHIOTO
C3.0476,GO,34.07,85.0,CESTO TELADO RETANGULAR 60L C TAMPA,RISCHIOTO
C3.0476,TO,34.41,85.0,CESTO TELADO RETANGULAR 60L C TAMPA,RISCHIOTO
C3.0476,PA,34.07,94.0,CESTO TELADO RETANGULAR 60L C TAMPA,RISCHIOTO
C3.0476,MT,34.07,94.0,CESTO TELADO RETANGULAR 60L C TAMPA,RISCHIOTO
C3.0477,GO,13.35,34.0,CESTO TELADO RETANGULAR ECCOLOGIC 30L C TAMPA,RISCHIOTO
C3.0477,TO,13.49,34.0,CESTO TELADO RETANGULAR ECCOLOGIC 30L C TAMPA,RISCHIOTO
C3.0477,PA,13.35,38.0,CESTO TELADO RETANGULAR ECCOLOGIC 30L C TAMPA,RISCHIOTO
C3.0477,MT,13.35,38.0,CESTO TELADO RETANGULAR ECCOLOGIC 30L C TAMPA,RISCHIOTO
C3.0478,GO,47.24,118.0,CAIXA ORGANIZADORA 80L,RISCHIOTO
C3.0478,TO,47.71,118.0,CAIXA ORGANIZADORA 80L,RISCHIOTO
C3.0478,PA,47.24,128.0,CAIXA ORGANIZADORA 80L,RISCHIOTO
C3.0478,MT,47.24,128.0,CAIXA ORGANIZADORA 80L,RISCHIOTO
C3.0479,GO,11.27,28.0,CAIXA ORGANIZADORA 10L,RISCHIOTO
C3.0479,TO,11.38,28.0,CAIXA ORGANIZADORA 10L,RISCHIOTO
C3.0479,PA,11.27,32.0,CAIXA ORGANIZADORA 10L,RISCHIOTO
C3.0479,MT,11.27,32.0,CAIXA ORGANIZADORA 10L,RISCHIOTO
C3.0480,GO,23.38,28.0,CAIXA ORGANIZADORA 30L FUME,RISCHIOTO
C3.0480,TO,23.61,28.0,CAIXA ORGANIZADORA 30L FUME,RISCHIOTO
C3.0480,PA,23.38,66.0,CAIXA ORGANIZADORA 30L FUME,RISCHIOTO
C3.0480,MT,23.38,66.0,CAIXA ORGANIZADORA 30L FUME,RISCHIOTO
C3.0481,GO,19.59,49.0,CESTO TELADO RETANGULAR 60L AREIA,RISCHIOTO
C3.0481,TO,19.78,49.0,CESTO TELADO RETANGULAR 60L AREIA,RISCHIOTO
C3.0481,PA,19.59,54.0,CESTO TELADO RETANGULAR 60L AREIA,RISCHIOTO
C3.0481,MT,19.59,54.0,CESTO TELADO RETANGULAR 60L AREIA,RISCHIOTO
P16.0135,GO,6.9,17.0,POTE RETANGULAR 3L COLOR 1PC,RISCHIOTO
P16.0135,TO,6.97,17.0,POTE RETANGULAR 3L COLOR 1PC,RISCHIOTO
P16.0135,PA,6.9,20.0,POTE RETANGULAR 3L COLOR 1PC,RISCHIOTO
P16.0135,MT,6.9,20.0,POTE RETANGULAR 3L COLOR 1PC,RISCHIOTO
V22.0012,GO,19.47,49.0,VASO COLUNA G 34L,RISCHIOTO
V22.0012,TO,19.67,49.0,VASO COLUNA G 34L,RISCHIOTO
V22.0012,PA,19.47,56.0,VASO COLUNA G 34L,RISCHIOTO
V22.0012,MT,19.47,56.0,VASO COLUNA G 34L,RISCHIOTO
V22.0013,GO,10.18,25.0,VASO FLORATTA P 14L,RISCHIOTO
V22.0013,TO,10.29,25.0,VASO FLORATTA P 14L,RISCHIOTO
V22.0013,PA,10.18,30.0,VASO FLORATTA P 14L,RISCHIOTO
V22.0013,MT,10.18,30.0,VASO FLORATTA P 14L,RISCHIOTO
V22.0014,GO,15.21,38.0,VASO FLORATTA M 22L,RISCHIOTO
V22.0014,TO,15.36,38.0,VASO FLORATTA M 22L,RISCHIOTO
V22.0014,PA,15.21,44.0,VASO FLORATTA M 22L,RISCHIOTO
V22.0014,MT,15.21,44.0,VASO FLORATTA M 22L,RISCHIOTO
V22.0015,GO,19.47,49.0,VASO FLORATTA G 34L,RISCHIOTO
V22.0015,TO,19.67,49.0,VASO FLORATTA G 34L,RISCHIOTO
V22.0015,PA,19.47,56.0,VASO FLORATTA G 34L,RISCHIOTO
V22.0015,MT,19.47,56.0,VASO FLORATTA G 34L,RISCHIOTO
L12.0091,GO,10.24,26.0,LIXEIRA PIA C TAMPA ARTICULADA 5L,RISCHIOTO
L12.0091,TO,10.35,26.0,LIXEIRA PIA C TAMPA ARTICULADA 5L,RISCHIOTO
L12.0091,PA,10.24,30.0,LIXEIRA PIA C TAMPA ARTICULADA 5L,RISCHIOTO
L12.0091,MT,10.24,30.0,LIXEIRA PIA C TAMPA ARTICULADA 5L,RISCHIOTO
L12.0092,GO,14.94,38.0,LIXEIRA QUADRADA LAVANNA 14L,RISCHIOTO
L12.0092,TO,15.09,38.0,LIXEIRA QUADRADA LAVANNA 14L,RISCHIOTO
L12.0092,PA,14.94,44.0,LIXEIRA QUADRADA LAVANNA 14L,RISCHIOTO
L12.0092,MT,14.94,44.0,LIXEIRA QUADRADA LAVANNA 14L,RISCHIOTO
J10.0094,GO,279.68,698.0,JOGO PRATO ARABE 18 PCS OLIVIA,PORTO BRASIL
J10.0094,TO,282.48,698.0,JOGO PRATO ARABE 18 PCS OLIVIA,PORTO BRASIL
J10.0094,PA,279.68,820.0,JOGO PRATO ARABE 18 PCS OLIVIA,PORTO BRASIL
J10.0094,MT,279.68,820.0,JOGO PRATO ARABE 18 PCS OLIVIA,PORTO BRASIL
J10.0095,GO,279.68,698.0,JOGO PRATO TUCANO 18 PCS,PORTO BRASIL
J10.0095,TO,282.48,698.0,JOGO PRATO TUCANO 18 PCS,PORTO BRASIL
J10.0095,PA,279.68,820.0,JOGO PRATO TUCANO 18 PCS,PORTO BRASIL
J10.0095,MT,279.68,820.0,JOGO PRATO TUCANO 18 PCS,PORTO BRASIL
J10.0096,GO,279.68,698.0,JOGO PRATO BORBOLETA 18 PCS VERONA,PORTO BRASIL
J10.0096,TO,282.48,698.0,JOGO PRATO BORBOLETA 18 PCS VERONA,PORTO BRASIL
J10.0096,PA,279.68,820.0,JOGO PRATO BORBOLETA 18 PCS VERONA,PORTO BRASIL
J10.0096,MT,279.68,820.0,JOGO PRATO BORBOLETA 18 PCS VERONA,PORTO BRASIL
J10.0097,GO,279.68,698.0,JOGO PRATO ABACAXI 18PCS PINEAPPLE NATURAL,PORTO BRASIL
J10.0097,TO,282.48,698.0,JOGO PRATO ABACAXI 18PCS PINEAPPLE NATURAL,PORTO BRASIL
J10.0097,PA,279.68,820.0,JOGO PRATO ABACAXI 18PCS PINEAPPLE NATURAL,PORTO BRASIL
J10.0097,MT,279.68,820.0,JOGO PRATO ABACAXI 18PCS PINEAPPLE NATURAL,PORTO BRASIL
J10.0098,GO,235.05,586.0,JOGO PRATO VERDE 18PCS MADELEINE,PORTO BRASIL
J10.0098,TO,237.4,586.0,JOGO PRATO VERDE 18PCS MADELEINE,PORTO BRASIL
J10.0098,PA,235.05,710.0,JOGO PRATO VERDE 18PCS MADELEINE,PORTO BRASIL
J10.0098,MT,235.05,710.0,JOGO PRATO VERDE 18PCS MADELEINE,PORTO BRASIL
J10.0099,GO,235.05,586.0,JOGO PRATO AZUL 18PCS ATENAS,PORTO BRASIL
J10.0099,TO,237.4,586.0,JOGO PRATO AZUL 18PCS ATENAS,PORTO BRASIL
J10.0099,PA,235.05,710.0,JOGO PRATO AZUL 18PCS ATENAS,PORTO BRASIL
J10.0099,MT,235.05,710.0,JOGO PRATO AZUL 18PCS ATENAS,PORTO BRASIL
J10.0100,GO,225.92,564.0,JOGO PRATO BRANCO 18 PCS AGRA BCO,PORTO BRASIL
J10.0100,TO,228.18,564.0,JOGO PRATO BRANCO 18 PCS AGRA BCO,PORTO BRASIL
J10.0100,PA,225.92,690.0,JOGO PRATO BRANCO 18 PCS AGRA BCO,PORTO BRASIL
J10.0100,MT,225.92,690.0,JOGO PRATO BRANCO 18 PCS AGRA BCO,PORTO BRASIL
J10.0101,GO,297.58,742.0,JOGO PRATO BRANCO 30 PCS AGRA BCO,PORTO BRASIL
J10.0101,TO,300.55,742.0,JOGO PRATO BRANCO 30 PCS AGRA BCO,PORTO BRASIL
J10.0101,PA,297.58,900.0,JOGO PRATO BRANCO 30 PCS AGRA BCO,PORTO BRASIL
J10.0101,MT,297.58,900.0,JOGO PRATO BRANCO 30 PCS AGRA BCO,PORTO BRASIL
J10.0102,GO,279.68,698.0,JOGO PRATO LIMAO 18PCS SICILIANA,PORTO BRASIL
J10.0102,TO,282.48,698.0,JOGO PRATO LIMAO 18PCS SICILIANA,PORTO BRASIL
J10.0102,PA,279.68,820.0,JOGO PRATO LIMAO 18PCS SICILIANA,PORTO BRASIL
J10.0102,MT,279.68,820.0,JOGO PRATO LIMAO 18PCS SICILIANA,PORTO BRASIL
J10.0103,GO,367.46,916.0,JOGO PRATO LA VIE 30PCS PASSARO PRETO,PORTO BRASIL
J10.0103,TO,371.14,916.0,JOGO PRATO LA VIE 30PCS PASSARO PRETO,PORTO BRASIL
J10.0103,PA,367.46,1100.0,JOGO PRATO LA VIE 30PCS PASSARO PRETO,PORTO BRASIL
J10.0103,MT,367.46,1100.0,JOGO PRATO LA VIE 30PCS PASSARO PRETO,PORTO BRASIL
L12.0094,GO,32.27,82.0,LIXEIRA REDONDA C PEDAL 34LTS,0
L12.0094,TO,32.59,82.0,LIXEIRA REDONDA C PEDAL 34LTS,0
L12.0094,PA,32.27,82.0,LIXEIRA REDONDA C PEDAL 34LTS,0
L12.0094,MT,32.27,82.0,LIXEIRA REDONDA C PEDAL 34LTS,0
L12.0095,GO,13.51,34.0,LIXEIRA REDONDA C PEDAL 12LTS,0
L12.0095,TO,13.65,34.0,LIXEIRA REDONDA C PEDAL 12LTS,0
L12.0095,PA,13.51,34.0,LIXEIRA REDONDA C PEDAL 12LTS,0
L12.0095,MT,13.51,34.0,LIXEIRA REDONDA C PEDAL 12LTS,0
L12.0096,GO,32.27,82.0,LIXEIRA QUADRADA C PEDAL 34LTS,0
L12.0096,TO,32.59,82.0,LIXEIRA QUADRADA C PEDAL 34LTS,0
L12.0096,PA,32.27,82.0,LIXEIRA QUADRADA C PEDAL 34LTS,0
L12.0096,MT,32.27,82.0,LIXEIRA QUADRADA C PEDAL 34LTS,0
L12.0097,GO,14.94,38.0,LIXEIRA QUADRADA C PEDAL 14LTS,0
L12.0097,TO,15.09,38.0,LIXEIRA QUADRADA C PEDAL 14LTS,0
L12.0097,PA,14.94,38.0,LIXEIRA QUADRADA C PEDAL 14LTS,0
L12.0097,MT,14.94,38.0,LIXEIRA QUADRADA C PEDAL 14LTS,0
L12.0098,GO,14.94,38.0,LIXEIRA COZINHA 14LTS,0
L12.0098,TO,15.09,38.0,LIXEIRA COZINHA 14LTS,0
L12.0098,PA,14.94,38.0,LIXEIRA COZINHA 14LTS,0
L12.0098,MT,14.94,38.0,LIXEIRA COZINHA 14LTS,0
L12.0099,GO,10.24,28.0,LIXEIRA PIA 5LTS,0
L12.0099,TO,10.35,28.0,LIXEIRA PIA 5LTS,0
L12.0099,PA,10.24,28.0,LIXEIRA PIA 5LTS,0
L12.0099,MT,10.24,28.0,LIXEIRA PIA 5LTS,0
C3.0482,GO,47.24,120.0,CAIXA ORGANIZADORA 80LTS,RISCHIOTO
C3.0482,TO,47.71,120.0,CAIXA ORGANIZADORA 80LTS,RISCHIOTO
C3.0482,PA,47.24,120.0,CAIXA ORGANIZADORA 80LTS,RISCHIOTO
C3.0482,MT,47.24,120.0,CAIXA ORGANIZADORA 80LTS,RISCHIOTO
C3.0483,GO,33.63,85.0,CAIXA ORGANIZADORA 50LTS,RISCHIOTO
C3.0483,TO,33.97,85.0,CAIXA ORGANIZADORA 50LTS,RISCHIOTO
C3.0483,PA,33.63,85.0,CAIXA ORGANIZADORA 50LTS,RISCHIOTO
C3.0483,MT,33.63,85.0,CAIXA ORGANIZADORA 50LTS,RISCHIOTO
C3.0484,GO,27.72,70.0,CAIXA ORGANIZADORA 30LTS,RISCHIOTO
C3.0484,TO,28.0,70.0,CAIXA ORGANIZADORA 30LTS,RISCHIOTO
C3.0484,PA,27.72,70.0,CAIXA ORGANIZADORA 30LTS,RISCHIOTO
C3.0484,MT,27.72,70.0,CAIXA ORGANIZADORA 30LTS,RISCHIOTO
C3.0485,GO,11.27,30.0,CAIXA  ORGANIZADORA 10LTS,RISCHIOTO
C3.0485,TO,11.38,30.0,CAIXA  ORGANIZADORA 10LTS,RISCHIOTO
C3.0485,PA,11.27,30.0,CAIXA  ORGANIZADORA 10LTS,RISCHIOTO
C3.0485,MT,11.27,30.0,CAIXA  ORGANIZADORA 10LTS,RISCHIOTO
C3.0486,GO,35.66,90.0,CAIXA ORGANIZADORA FUME 50LTS,RISCHIOTO
C3.0486,TO,36.02,90.0,CAIXA ORGANIZADORA FUME 50LTS,RISCHIOTO
C3.0486,PA,35.66,90.0,CAIXA ORGANIZADORA FUME 50LTS,RISCHIOTO
C3.0486,MT,35.66,90.0,CAIXA ORGANIZADORA FUME 50LTS,RISCHIOTO
C3.0487,GO,23.38,60.0,CAIXA ORGANIZADORA FUME 30LTS,RISCHIOTO
C3.0487,TO,23.61,60.0,CAIXA ORGANIZADORA FUME 30LTS,RISCHIOTO
C3.0487,PA,23.38,60.0,CAIXA ORGANIZADORA FUME 30LTS,RISCHIOTO
C3.0487,MT,23.38,60.0,CAIXA ORGANIZADORA FUME 30LTS,RISCHIOTO
C3.0488,GO,41.88,105.0,CESTO RATTAN 55LTS,RISCHIOTO
C3.0488,TO,42.3,102.0,CESTO RATTAN 55LTS,RISCHIOTO
C3.0488,PA,41.88,102.0,CESTO RATTAN 55LTS,RISCHIOTO
C3.0488,MT,41.88,102.0,CESTO RATTAN 55LTS,RISCHIOTO
C3.0489,GO,19.97,50.0,CESTO RATTAN 14.5LTS,RISCHIOTO
C3.0489,TO,20.17,50.0,CESTO RATTAN 14.5LTS,RISCHIOTO
C3.0489,PA,19.97,50.0,CESTO RATTAN 14.5LTS,RISCHIOTO
C3.0489,MT,19.97,50.0,CESTO RATTAN 14.5LTS,RISCHIOTO
C3.0490,GO,14.7,37.0,CESTO RATTAN 7.5LTS,RISCHIOTO
C3.0490,TO,14.85,37.0,CESTO RATTAN 7.5LTS,RISCHIOTO
C3.0490,PA,14.7,37.0,CESTO RATTAN 7.5LTS,RISCHIOTO
C3.0490,MT,14.7,37.0,CESTO RATTAN 7.5LTS,RISCHIOTO
C3.0470,GO,65.28,164.0,COBRELEITO CASAL 220X240 DUPLA FACE POA,LEPPER
C3.0470,TO,65.94,168.0,COBRELEITO CASAL 220X240 DUPLA FACE POA,LEPPER
C3.0470,PA,65.28,170.0,COBRELEITO CASAL 220X240 DUPLA FACE POA,LEPPER
C3.0470,MT,73.45,170.0,COBRELEITO CASAL 220X240 DUPLA FACE POA,LEPPER
C3.0471,GO,70.99,196.0,COBRELEITO QUEEN 240X260 DUPLA FACE POA,LEPPER
C3.0471,TO,71.7,198.0,COBRELEITO QUEEN 240X260 DUPLA FACE POA,LEPPER
C3.0471,PA,70.99,200.0,COBRELEITO QUEEN 240X260 DUPLA FACE POA,LEPPER
C3.0471,MT,70.99,200.0,COBRELEITO QUEEN 240X260 DUPLA FACE POA,LEPPER
C3.0472,GO,80.32,228.0,COBRELEITO KING 260X280 DUPLA FACE POA,LEPPER
C3.0472,TO,81.13,230.0,COBRELEITO KING 260X280 DUPLA FACE POA,LEPPER
C3.0472,PA,80.32,232.0,COBRELEITO KING 260X280 DUPLA FACE POA,LEPPER
C3.0472,MT,80.32,232.0,COBRELEITO KING 260X280 DUPLA FACE POA,LEPPER
C3.0473,GO,92.27,262.0,COBRELEITO SUPER KING 280X300 DUPLA FACE POA,LEPPER
C3.0473,TO,93.19,264.0,COBRELEITO SUPER KING 280X300 DUPLA FACE POA,LEPPER
C3.0473,PA,92.27,266.0,COBRELEITO SUPER KING 280X300 DUPLA FACE POA,LEPPER
C3.0473,MT,92.27,266.0,COBRELEITO SUPER KING 280X300 DUPLA FACE POA,LEPPER
J10.0104,GO,319.88,892.0,JOGO PRATO VERDE FOLHA 30 PCS HERBALIUM,PORTO BRASIL
J10.0104,TO,323.08,892.0,JOGO PRATO VERDE FOLHA 30 PCS HERBALIUM,PORTO BRASIL
J10.0104,PA,319.88,892.0,JOGO PRATO VERDE FOLHA 30 PCS HERBALIUM,PORTO BRASIL
J10.0104,MT,319.88,892.0,JOGO PRATO VERDE FOLHA 30 PCS HERBALIUM,PORTO BRASIL
J10.0105,GO,193.46,539.0,JOGO PRATO BEGE 18 PCS ACANTHUS,PORTO BRASIL
J10.0105,TO,195.4,539.0,JOGO PRATO BEGE 18 PCS ACANTHUS,PORTO BRASIL
J10.0105,PA,193.46,539.0,JOGO PRATO BEGE 18 PCS ACANTHUS,PORTO BRASIL
J10.0105,MT,193.46,539.0,JOGO PRATO BEGE 18 PCS ACANTHUS,PORTO BRASIL
K11.0118,GO,21.28,59.0,KIT BANDEIJA MESA POSTA,AMIGOLD
K11.0118,TO,21.49,59.0,KIT BANDEIJA MESA POSTA,AMIGOLD
K11.0118,PA,21.28,59.0,KIT BANDEIJA MESA POSTA,AMIGOLD
K11.0118,MT,21.28,59.0,KIT BANDEIJA MESA POSTA,AMIGOLD
K11.0119,GO,11.71,33.0,KIT MELAMINA BANDEIJA C MINI PRATO,AMIGOLD
K11.0119,TO,11.83,33.0,KIT MELAMINA BANDEIJA C MINI PRATO,AMIGOLD
K11.0119,PA,11.71,33.0,KIT MELAMINA BANDEIJA C MINI PRATO,AMIGOLD
K11.0119,MT,11.71,33.0,KIT MELAMINA BANDEIJA C MINI PRATO,AMIGOLD
K11.0120,GO,10.99,30.0,KIT REFEICAO INFANTIL 5PCS,AMIGOLD
K11.0120,TO,11.1,30.0,KIT REFEICAO INFANTIL 5PCS,AMIGOLD
K11.0120,PA,10.99,30.0,KIT REFEICAO INFANTIL 5PCS,AMIGOLD
K11.0120,MT,10.99,30.0,KIT REFEICAO INFANTIL 5PCS,AMIGOLD
K11.0121,GO,23.53,65.0,KIT POTE PLASTICO C 2 E MINI PRATO MELAMINA,AMIGOLD
K11.0121,TO,23.76,65.0,KIT POTE PLASTICO C 2 E MINI PRATO MELAMINA,AMIGOLD
K11.0121,PA,23.53,65.0,KIT POTE PLASTICO C 2 E MINI PRATO MELAMINA,AMIGOLD
K11.0121,MT,23.53,65.0,KIT POTE PLASTICO C 2 E MINI PRATO MELAMINA,AMIGOLD
B2.0150,GO,16.42,45.0,BANDEJA 35X23CM QUADRADA,AMIGOLD
B2.0150,TO,16.59,45.0,BANDEJA 35X23CM QUADRADA,AMIGOLD
B2.0150,PA,16.42,45.0,BANDEJA 35X23CM QUADRADA,AMIGOLD
B2.0150,MT,16.42,45.0,BANDEJA 35X23CM QUADRADA,AMIGOLD
B2.0151,GO,14.2,39.0,BANDEJA MELAMINA REDONDA,AMIGOLD
B2.0151,TO,14.34,39.0,BANDEJA MELAMINA REDONDA,AMIGOLD
B2.0151,PA,14.2,39.0,BANDEJA MELAMINA REDONDA,AMIGOLD
B2.0151,MT,14.2,39.0,BANDEJA MELAMINA REDONDA,AMIGOLD
T20.0204,GO,12.24,34.0,TIGELA BAMBU E PP SORTIDO 15X7.3CM,INGA IMPORT
T20.0204,TO,12.36,35.0,TIGELA BAMBU E PP SORTIDO 15X7.3CM,INGA IMPORT
T20.0204,PA,12.24,36.0,TIGELA BAMBU E PP SORTIDO 15X7.3CM,INGA IMPORT
T20.0204,MT,12.24,36.0,TIGELA BAMBU E PP SORTIDO 15X7.3CM,INGA IMPORT
T20.0203,GO,11.35,32.0,TIGELA BAMBU E PP 13.4X6.7CM,INGA IMPORT
T20.0203,TO,11.46,33.0,TIGELA BAMBU E PP 13.4X6.7CM,INGA IMPORT
T20.0203,PA,11.35,34.0,TIGELA BAMBU E PP 13.4X6.7CM,INGA IMPORT
T20.0203,MT,11.35,34.0,TIGELA BAMBU E PP 13.4X6.7CM,INGA IMPORT
K11.0124,GO,6.5,20.0,KIT BANDEIJA BAMBU 3PCS,CAI ZHANG
K11.0124,TO,6.57,21.0,KIT BANDEIJA BAMBU 3PCS,CAI ZHANG
K11.0124,PA,6.5,22.0,KIT BANDEIJA BAMBU 3PCS,CAI ZHANG
K11.0124,MT,6.5,22.0,KIT BANDEIJA BAMBU 3PCS,CAI ZHANG
K11.0125,GO,12.33,35.0,KIT PETISQUEIRA 4PCS,CAI ZHANG
K11.0125,TO,12.45,36.0,KIT PETISQUEIRA 4PCS,CAI ZHANG
K11.0125,PA,12.33,37.0,KIT PETISQUEIRA 4PCS,CAI ZHANG
K11.0125,MT,12.33,37.0,KIT PETISQUEIRA 4PCS,CAI ZHANG
F6.0048,GO,5.28,15.0,FLOR PIMENTA,CAI ZHANG
F6.0048,TO,5.33,67.0,FLOR PIMENTA,CAI ZHANG
F6.0048,PA,5.28,67.0,FLOR PIMENTA,CAI ZHANG
F6.0048,MT,5.28,67.0,FLOR PIMENTA,CAI ZHANG
F6.0049,GO,11.73,32.0,FLOR MINI ORQUIDEA,CAI ZHANG
F6.0049,TO,11.85,50.0,FLOR MINI ORQUIDEA,CAI ZHANG
F6.0049,PA,11.73,50.0,FLOR MINI ORQUIDEA,CAI ZHANG
F6.0049,MT,11.73,32.0,FLOR MINI ORQUIDEA,CAI ZHANG
C3.0491,GO,57.39,149.0,CAIXA DE SOM PLUSE 5,LIDYANE
C3.0491,TO,57.96,150.0,CAIXA DE SOM PLUSE 5,LIDYANE
C3.0491,PA,57.39,151.0,CAIXA DE SOM PLUSE 5,LIDYANE
C3.0491,MT,57.39,151.0,CAIXA DE SOM PLUSE 5,LIDYANE
C3.0492,GO,30.79,80.0,COPO TERMICO CLUBE COMMIX,LIDYANE
C3.0492,TO,31.1,81.0,COPO TERMICO CLUBE COMMIX,LIDYANE
C3.0492,PA,30.79,82.0,COPO TERMICO CLUBE COMMIX,LIDYANE
C3.0492,MT,30.79,82.0,COPO TERMICO CLUBE COMMIX,LIDYANE
C3.0493,GO,81.48,212.0,CUBOS MAGICOS,LIDYANE
C3.0493,TO,82.3,213.0,CUBOS MAGICOS,LIDYANE
C3.0493,PA,81.48,214.0,CUBOS MAGICOS,LIDYANE
C3.0493,MT,81.48,214.0,CUBOS MAGICOS,LIDYANE
B2.0107,GO,34.26,89.0,BRINQ ESCORPIAO ROBO LENGEND,LIDYANE
B2.0107,TO,34.61,90.0,BRINQ ESCORPIAO ROBO LENGEND,LIDYANE
B2.0107,PA,34.26,91.0,BRINQ ESCORPIAO ROBO LENGEND,LIDYANE
B2.0107,MT,34.26,91.0,BRINQ ESCORPIAO ROBO LENGEND,LIDYANE
B2.0104,GO,19.54,51.0,BRINQ DE PLASTICO PVC LANCA BOLHA DE SABAO  MOTOR A PILHA,MAX BRAS
B2.0104,TO,19.73,52.0,BRINQ DE PLASTICO PVC LANCA BOLHA DE SABAO  MOTOR A PILHA,MAX BRAS
B2.0104,PA,19.54,53.0,BRINQ DE PLASTICO PVC LANCA BOLHA DE SABAO  MOTOR A PILHA,MAX BRAS
B2.0104,MT,19.54,53.0,BRINQ DE PLASTICO PVC LANCA BOLHA DE SABAO  MOTOR A PILHA,MAX BRAS
B2.0105,GO,9.23,24.0,BRINQ ANIMAL MALUCO DE PLASTICO PVC,MAX BRAS
B2.0105,TO,9.32,25.0,BRINQ ANIMAL MALUCO DE PLASTICO PVC,MAX BRAS
B2.0105,PA,9.23,26.0,BRINQ ANIMAL MALUCO DE PLASTICO PVC,MAX BRAS
B2.0105,MT,9.23,26.0,BRINQ ANIMAL MALUCO DE PLASTICO PVC,MAX BRAS
B2.0106,GO,18.06,51.0,BRINQ BICICLETA DE PLASTICO PVC,MAX BRAS
B2.0106,TO,18.24,52.0,BRINQ BICICLETA DE PLASTICO PVC,MAX BRAS
B2.0106,PA,18.06,53.0,BRINQ BICICLETA DE PLASTICO PVC,MAX BRAS
B2.0106,MT,18.06,53.0,BRINQ BICICLETA DE PLASTICO PVC,MAX BRAS
A1.0028,GO,153.6,398.0,ANDADOR BEBE INFANTIL ATIVIDADES EDUCATIVO LUZES EMPURRAR,LIDYANE
A1.0028,TO,155.14,399.0,ANDADOR BEBE INFANTIL ATIVIDADES EDUCATIVO LUZES EMPURRAR,LIDYANE
A1.0028,PA,153.6,400.0,ANDADOR BEBE INFANTIL ATIVIDADES EDUCATIVO LUZES EMPURRAR,LIDYANE
A1.0028,MT,153.6,400.0,ANDADOR BEBE INFANTIL ATIVIDADES EDUCATIVO LUZES EMPURRAR,LIDYANE
C3.0494,GO,29.92,78.0,CARREGADOR DE CELULAR POR INDUCAO CONTATO 20W,LIDYANE
C3.0494,TO,30.22,79.0,CARREGADOR DE CELULAR POR INDUCAO CONTATO 20W,LIDYANE
C3.0494,PA,29.92,80.0,CARREGADOR DE CELULAR POR INDUCAO CONTATO 20W,LIDYANE
C3.0494,MT,29.92,80.0,CARREGADOR DE CELULAR POR INDUCAO CONTATO 20W,LIDYANE
G7.0049,GO,32.1,84.0,GARRAFA TERMICA RABBIT 350ML,LIDYANE
G7.0049,TO,32.42,85.0,GARRAFA TERMICA RABBIT 350ML,LIDYANE
G7.0049,PA,32.1,86.0,GARRAFA TERMICA RABBIT 350ML,LIDYANE
G7.0049,MT,32.1,86.0,GARRAFA TERMICA RABBIT 350ML,LIDYANE
G7.0050,GO,27.09,71.0,GARRAFA CLIC 500ML,LIDYANE
G7.0050,TO,27.36,72.0,GARRAFA CLIC 500ML,LIDYANE
G7.0050,PA,27.09,73.0,GARRAFA CLIC 500ML,LIDYANE
G7.0050,MT,27.09,73.0,GARRAFA CLIC 500ML,LIDYANE
G7.0051,GO,23.29,61.0,GARRAFA INFANTIL DIYI 400ML,LIDYANE
G7.0051,TO,23.52,62.0,GARRAFA INFANTIL DIYI 400ML,LIDYANE
G7.0051,PA,23.29,63.0,GARRAFA INFANTIL DIYI 400ML,LIDYANE
G7.0051,MT,23.29,63.0,GARRAFA INFANTIL DIYI 400ML,LIDYANE
G7.0052,GO,29.56,77.0,GARRAFA LOCK CLUBE COMIX 600ML,LIDYANE
G7.0052,TO,29.85,78.0,GARRAFA LOCK CLUBE COMIX 600ML,LIDYANE
G7.0052,PA,29.56,79.0,GARRAFA LOCK CLUBE COMIX 600ML,LIDYANE
G7.0052,MT,29.56,79.0,GARRAFA LOCK CLUBE COMIX 600ML,LIDYANE
G7.0053,GO,24.77,65.0,GARRAFINHA CELULAR C ADESIVOS E ALCA 300ML,LIDYANE
G7.0053,TO,25.02,40.0,GARRAFINHA CELULAR C ADESIVOS E ALCA 300ML,LIDYANE
G7.0053,PA,24.77,67.0,GARRAFINHA CELULAR C ADESIVOS E ALCA 300ML,LIDYANE
G7.0053,MT,24.77,67.0,GARRAFINHA CELULAR C ADESIVOS E ALCA 300ML,LIDYANE
G7.0054,GO,22.59,59.0,GARRAFINHA PICOLE MELANCIA 320ML,LIDYANE
G7.0054,TO,22.81,60.0,GARRAFINHA PICOLE MELANCIA 320ML,LIDYANE
G7.0054,PA,22.59,61.0,GARRAFINHA PICOLE MELANCIA 320ML,LIDYANE
G7.0054,MT,22.59,61.0,GARRAFINHA PICOLE MELANCIA 320ML,LIDYANE
G7.0055,GO,46.41,121.0,GARRAFINHA VACUO INOX 430ML,LIDYANE
G7.0055,TO,46.88,122.0,GARRAFINHA VACUO INOX 430ML,LIDYANE
G7.0055,PA,46.41,123.0,GARRAFINHA VACUO INOX 430ML,LIDYANE
G7.0055,MT,46.41,123.0,GARRAFINHA VACUO INOX 430ML,LIDYANE
M13.0055,GO,36.3,94.0,MALETA SUPER CHEF,LIDYANE
M13.0055,TO,36.66,95.0,MALETA SUPER CHEF,LIDYANE
M13.0055,PA,36.3,96.0,MALETA SUPER CHEF,LIDYANE
M13.0055,MT,36.3,96.0,MALETA SUPER CHEF,LIDYANE
M13.0056,GO,92.64,240.0,MARMITA ELETRICA LUNCHBOX,LIDYANE
M13.0056,TO,93.56,241.0,MARMITA ELETRICA LUNCHBOX,LIDYANE
M13.0056,PA,92.64,242.0,MARMITA ELETRICA LUNCHBOX,LIDYANE
M13.0056,MT,92.64,242.0,MARMITA ELETRICA LUNCHBOX,LIDYANE
M13.0057,GO,89.5,232.0,MICROFONE BLUTOOTH,LIDYANE
M13.0057,TO,90.39,233.0,MICROFONE BLUTOOTH,LIDYANE
M13.0057,PA,89.5,234.0,MICROFONE BLUTOOTH,LIDYANE
M13.0057,MT,89.5,234.0,MICROFONE BLUTOOTH,LIDYANE
B2.0108,GO,23.28,61.0,BRINQ PATINHO OCULOS SOLTA BOLHAS,LIDYANE
B2.0108,TO,23.51,62.0,BRINQ PATINHO OCULOS SOLTA BOLHAS,LIDYANE
B2.0108,PA,23.28,63.0,BRINQ PATINHO OCULOS SOLTA BOLHAS,LIDYANE
B2.0108,MT,23.28,63.0,BRINQ PATINHO OCULOS SOLTA BOLHAS,LIDYANE
B2.0109,GO,34.58,90.0,BRINQ PTEROSSAURO MECANICO,LIDYANE
B2.0109,TO,34.93,91.0,BRINQ PTEROSSAURO MECANICO,LIDYANE
B2.0109,PA,34.58,92.0,BRINQ PTEROSSAURO MECANICO,LIDYANE
B2.0109,MT,34.58,92.0,BRINQ PTEROSSAURO MECANICO,LIDYANE
R18.0016,GO,72.17,188.0,ROBO ASPIRADOR INTELIGENTE SWEEPNG ROBOT LIMPADOR,LIDYANE
R18.0016,TO,72.89,189.0,ROBO ASPIRADOR INTELIGENTE SWEEPNG ROBOT LIMPADOR,LIDYANE
R18.0016,PA,72.17,190.0,ROBO ASPIRADOR INTELIGENTE SWEEPNG ROBOT LIMPADOR,LIDYANE
R18.0016,MT,72.17,190.0,ROBO ASPIRADOR INTELIGENTE SWEEPNG ROBOT LIMPADOR,LIDYANE
B2.0110,GO,20.14,53.0,BRINQ ROBO DANCARINO 2 PES SONIDO Y LUCES,LIDYANE
B2.0110,TO,20.34,54.0,BRINQ ROBO DANCARINO 2 PES SONIDO Y LUCES,LIDYANE
B2.0110,PA,20.14,55.0,BRINQ ROBO DANCARINO 2 PES SONIDO Y LUCES,LIDYANE
B2.0110,MT,20.14,55.0,BRINQ ROBO DANCARINO 2 PES SONIDO Y LUCES,LIDYANE
B2.0111,GO,15.48,41.0,BRINQ ROBO DANCARINO GIRA 360 2 PERNAS,LIDYANE
B2.0111,TO,15.64,42.0,BRINQ ROBO DANCARINO GIRA 360 2 PERNAS,LIDYANE
B2.0111,PA,15.48,43.0,BRINQ ROBO DANCARINO GIRA 360 2 PERNAS,LIDYANE
B2.0111,MT,15.48,43.0,BRINQ ROBO DANCARINO GIRA 360 2 PERNAS,LIDYANE
B2.0112,GO,19.87,52.0,BRINQ ROBO LEDY ROSA ARANHA DANCARINO 6,LIDYANE
B2.0112,TO,20.06,53.0,BRINQ ROBO LEDY ROSA ARANHA DANCARINO 6,LIDYANE
B2.0112,PA,19.87,54.0,BRINQ ROBO LEDY ROSA ARANHA DANCARINO 6,LIDYANE
B2.0112,MT,19.87,54.0,BRINQ ROBO LEDY ROSA ARANHA DANCARINO 6,LIDYANE
B2.0113,GO,30.21,79.0,BRINQ TREM TRANSFORMER THOMAS ROBO,LIDYANE
B2.0113,TO,30.51,80.0,BRINQ TREM TRANSFORMER THOMAS ROBO,LIDYANE
B2.0113,PA,30.21,81.0,BRINQ TREM TRANSFORMER THOMAS ROBO,LIDYANE
B2.0113,MT,30.21,81.0,BRINQ TREM TRANSFORMER THOMAS ROBO,LIDYANE
B2.0114,GO,25.68,72.0,BRINQ EDUCATIVO FAZENDA 717 F,LIDYANE
B2.0114,TO,25.93,73.0,BRINQ EDUCATIVO FAZENDA 717 F,LIDYANE
B2.0114,PA,25.68,74.0,BRINQ EDUCATIVO FAZENDA 717 F,LIDYANE
B2.0114,MT,25.68,74.0,BRINQ EDUCATIVO FAZENDA 717 F,LIDYANE
B2.0115,GO,29.4,83.0,BRINQ EDUCATIVO CARROS 717 G,LIDYANE
B2.0115,TO,29.69,84.0,BRINQ EDUCATIVO CARROS 717 G,LIDYANE
B2.0115,PA,29.4,85.0,BRINQ EDUCATIVO CARROS 717 G,LIDYANE
B2.0115,MT,29.4,85.0,BRINQ EDUCATIVO CARROS 717 G,LIDYANE
B2.0116,GO,37.14,103.0,BRINQ TREM EDUCATIVO 618 7,LIDYANE
B2.0116,TO,37.51,105.0,BRINQ TREM EDUCATIVO 618 7,LIDYANE
B2.0116,PA,37.14,107.0,BRINQ TREM EDUCATIVO 618 7,LIDYANE
B2.0116,MT,37.14,107.0,BRINQ TREM EDUCATIVO 618 7,LIDYANE
B2.0117,GO,45.68,128.0,BRINQ LABIRINTO C PIRAMIDE DIDATICO,LIDYANE
B2.0117,TO,46.14,130.0,BRINQ LABIRINTO C PIRAMIDE DIDATICO,LIDYANE
B2.0117,PA,45.68,132.0,BRINQ LABIRINTO C PIRAMIDE DIDATICO,LIDYANE
B2.0117,MT,45.68,132.0,BRINQ LABIRINTO C PIRAMIDE DIDATICO,LIDYANE
B2.0118,GO,10.32,29.0,BRINQ BLOCOS DE MONTAR CARRO 335 5,LIDYANE
B2.0118,TO,10.43,30.0,BRINQ BLOCOS DE MONTAR CARRO 335 5,LIDYANE
B2.0118,PA,10.32,31.0,BRINQ BLOCOS DE MONTAR CARRO 335 5,LIDYANE
B2.0118,MT,10.32,31.0,BRINQ BLOCOS DE MONTAR CARRO 335 5,LIDYANE
B2.0119,GO,10.32,29.0,BRINQ BLOCO DE MONTAR TREM 335 4,LIDYANE
B2.0119,TO,10.43,30.0,BRINQ BLOCO DE MONTAR TREM 335 4,LIDYANE
B2.0119,PA,10.32,31.0,BRINQ BLOCO DE MONTAR TREM 335 4,LIDYANE
B2.0119,MT,10.32,31.0,BRINQ BLOCO DE MONTAR TREM 335 4,LIDYANE
B2.0120,GO,49.05,137.0,BRINQ GIRAFA DE EMPILHAR,LIDYANE
B2.0120,TO,49.54,139.0,BRINQ GIRAFA DE EMPILHAR,LIDYANE
B2.0120,PA,49.05,141.0,BRINQ GIRAFA DE EMPILHAR,LIDYANE
B2.0120,MT,49.05,141.0,BRINQ GIRAFA DE EMPILHAR,LIDYANE
B2.0121,GO,27.53,77.0,BRINQ BLOCO DE MONTAR TOBOGA,LIDYANE
B2.0121,TO,27.81,78.0,BRINQ BLOCO DE MONTAR TOBOGA,LIDYANE
B2.0121,PA,27.53,79.0,BRINQ BLOCO DE MONTAR TOBOGA,LIDYANE
B2.0121,MT,27.53,79.0,BRINQ BLOCO DE MONTAR TOBOGA,LIDYANE
K11.0126,GO,20.28,57.0,KIT 3 BRINQUEDOS PRESSIONA E CORRE,LIDYANE
K11.0126,TO,20.48,58.0,KIT 3 BRINQUEDOS PRESSIONA E CORRE,LIDYANE
K11.0126,PA,20.28,59.0,KIT 3 BRINQUEDOS PRESSIONA E CORRE,LIDYANE
K11.0126,MT,20.28,59.0,KIT 3 BRINQUEDOS PRESSIONA E CORRE,LIDYANE
B2.0122,GO,27.53,77.0,BRINQ FUTEBOL DE MESA FLUTUANTE,LIDYANE
B2.0122,TO,27.81,78.0,BRINQ FUTEBOL DE MESA FLUTUANTE,LIDYANE
B2.0122,PA,27.53,79.0,BRINQ FUTEBOL DE MESA FLUTUANTE,LIDYANE
B2.0122,MT,27.53,79.0,BRINQ FUTEBOL DE MESA FLUTUANTE,LIDYANE
B2.0123,GO,59.81,167.0,BRINQ MESA DIDATICA INTERATIVA 3 EM 1,LIDYANE
B2.0123,TO,60.41,169.0,BRINQ MESA DIDATICA INTERATIVA 3 EM 1,LIDYANE
B2.0123,PA,59.81,171.0,BRINQ MESA DIDATICA INTERATIVA 3 EM 1,LIDYANE
B2.0123,MT,59.81,171.0,BRINQ MESA DIDATICA INTERATIVA 3 EM 1,LIDYANE
B2.0124,GO,27.53,77.0,BRINQ BLOCO DE MONTAR TREM,LIDYANE
B2.0124,TO,27.81,78.0,BRINQ BLOCO DE MONTAR TREM,LIDYANE
B2.0124,PA,27.53,79.0,BRINQ BLOCO DE MONTAR TREM,LIDYANE
B2.0124,MT,27.53,79.0,BRINQ BLOCO DE MONTAR TREM,LIDYANE
B2.0125,GO,15.66,41.0,BRINQ MALETA COLORIR MASCULINA,LIDYANE
B2.0125,TO,15.82,42.0,BRINQ MALETA COLORIR MASCULINA,LIDYANE
B2.0125,PA,15.66,43.0,BRINQ MALETA COLORIR MASCULINA,LIDYANE
B2.0125,MT,15.66,43.0,BRINQ MALETA COLORIR MASCULINA,LIDYANE
B2.0126,GO,19.69,52.0,BRINQ TECLADO MUSICAL,LIDYANE
B2.0126,TO,19.88,53.0,BRINQ TECLADO MUSICAL,LIDYANE
B2.0126,PA,19.69,54.0,BRINQ TECLADO MUSICAL,LIDYANE
B2.0126,MT,19.69,54.0,BRINQ TECLADO MUSICAL,LIDYANE
B2.0127,GO,15.66,41.0,BRINQ MALETA COLORIR FEMININA,LIDYANE
B2.0127,TO,15.82,42.0,BRINQ MALETA COLORIR FEMININA,LIDYANE
B2.0127,PA,15.66,43.0,BRINQ MALETA COLORIR FEMININA,LIDYANE
B2.0127,MT,15.66,43.0,BRINQ MALETA COLORIR FEMININA,LIDYANE
D4.0006,GO,21.44,59.0,DEC FLOR BALDE CORDA GH 392,SPEED XDX
D4.0006,TO,21.66,60.0,DEC FLOR BALDE CORDA GH 392,SPEED XDX
D4.0006,PA,21.44,61.0,DEC FLOR BALDE CORDA GH 392,SPEED XDX
D4.0006,MT,21.44,61.0,DEC FLOR BALDE CORDA GH 392,SPEED XDX
D4.0007,GO,20.39,57.0,DEC FRUTAS GH 395,SPEED XDX
D4.0007,TO,20.59,58.0,DEC FRUTAS GH 395,SPEED XDX
D4.0007,PA,20.39,59.0,DEC FRUTAS GH 395,SPEED XDX
D4.0007,MT,20.39,59.0,DEC FRUTAS GH 395,SPEED XDX
D4.0008,GO,8.84,25.0,DEC MINI FLOR COLOR GH 617,SPEED XDX
D4.0008,TO,8.93,26.0,DEC MINI FLOR COLOR GH 617,SPEED XDX
D4.0008,PA,8.84,27.0,DEC MINI FLOR COLOR GH 617,SPEED XDX
D4.0008,MT,8.84,27.0,DEC MINI FLOR COLOR GH 617,SPEED XDX
D4.0009,GO,21.44,60.0,DEC ROSA BLADE BRANCO GH 396,SPEED XDX
D4.0009,TO,21.66,61.0,DEC ROSA BLADE BRANCO GH 396,SPEED XDX
D4.0009,PA,21.44,62.0,DEC ROSA BLADE BRANCO GH 396,SPEED XDX
D4.0009,MT,21.44,62.0,DEC ROSA BLADE BRANCO GH 396,SPEED XDX
D4.0010,GO,19.34,54.0,DEC BONSAI VASO RETANGULAR GH 388,SPEED XDX
D4.0010,TO,19.54,55.0,DEC BONSAI VASO RETANGULAR GH 388,SPEED XDX
D4.0010,PA,19.34,56.0,DEC BONSAI VASO RETANGULAR GH 388,SPEED XDX
D4.0010,MT,19.34,56.0,DEC BONSAI VASO RETANGULAR GH 388,SPEED XDX
T20.0205,GO,16.37,46.0,TAPETE FLUFLU 040X060,AR CRIAÇÕES
T20.0205,TO,16.53,53.0,TAPETE FLUFLU 040X060,AR CRIAÇÕES
T20.0205,PA,17.97,48.0,TAPETE FLUFLU 040X060,AR CRIAÇÕES
T20.0205,MT,16.37,48.0,TAPETE FLUFLU 040X060,AR CRIAÇÕES
T20.0206,GO,67.73,194.0,TAPETE REDONDO FLUFLU SALA,AR CRIAÇÕES
T20.0206,TO,69.12,198.0,TAPETE REDONDO FLUFLU SALA,AR CRIAÇÕES
T20.0206,PA,77.55,222.0,TAPETE REDONDO FLUFLU SALA,AR CRIAÇÕES
T20.0206,MT,67.73,194.0,TAPETE REDONDO FLUFLU SALA,AR CRIAÇÕES
J10.0106,GO,63.67,182.0,JOGO PASSADEIRA FLUFLU,AR CRIAÇÕES
J10.0106,TO,64.31,184.0,JOGO PASSADEIRA FLUFLU,AR CRIAÇÕES
J10.0106,PA,65.6,189.0,JOGO PASSADEIRA FLUFLU,AR CRIAÇÕES
J10.0106,MT,63.67,183.0,JOGO PASSADEIRA FLUFLU,AR CRIAÇÕES
F6.0050,GO,15.01,43.0,FRIGIOVO TAMPA DE ALUMINIO,DENISE ALUMINIOS ALUMINIOS
F6.0050,TO,15.16,44.0,FRIGIOVO TAMPA DE ALUMINIO,DENISE ALUMINIOS ALUMINIOS
F6.0050,PA,15.01,45.0,FRIGIOVO TAMPA DE ALUMINIO,DENISE ALUMINIOS ALUMINIOS
F6.0050,MT,15.01,45.0,FRIGIOVO TAMPA DE ALUMINIO,DENISE ALUMINIOS ALUMINIOS
F6.0051,GO,48.54,132.0,FRIGIDEIRA ANTIADERENTE 4 OVOS  VIDRO,DENISE ALUMINIOS ALUMINIOS
F6.0051,TO,49.8,134.0,FRIGIDEIRA ANTIADERENTE 4 OVOS  VIDRO,DENISE ALUMINIOS ALUMINIOS
F6.0051,PA,48.66,136.0,FRIGIDEIRA ANTIADERENTE 4 OVOS  VIDRO,DENISE ALUMINIOS ALUMINIOS
F6.0051,MT,48.54,136.0,FRIGIDEIRA ANTIADERENTE 4 OVOS  VIDRO,DENISE ALUMINIOS ALUMINIOS
Q17.0002,GO,13.32,37.0,QUADRO TABUADA,GIRA IMPORT
Q17.0002,TO,13.46,38.0,QUADRO TABUADA,GIRA IMPORT
Q17.0002,PA,13.32,39.0,QUADRO TABUADA,GIRA IMPORT
Q17.0002,MT,13.32,39.0,QUADRO TABUADA,GIRA IMPORT
M13.0058,GO,28.43,80.0,MINI ROSA VERMELHA,GIRA IMPORT
M13.0058,TO,28.72,81.0,MINI ROSA VERMELHA,GIRA IMPORT
M13.0058,PA,28.43,82.0,MINI ROSA VERMELHA,GIRA IMPORT
M13.0058,MT,28.43,82.0,MINI ROSA VERMELHA,GIRA IMPORT
M13.0059,GO,26.99,75.0,MINI ROSA,GIRA IMPORT
M13.0059,TO,27.26,76.0,MINI ROSA,GIRA IMPORT
M13.0059,PA,26.99,77.0,MINI ROSA,GIRA IMPORT
M13.0059,MT,26.99,77.0,MINI ROSA,GIRA IMPORT
C3.0495,GO,42.43,118.0,CONJUNTO INFANTIL COM TALHER,GIRA IMPORT
C3.0495,TO,42.86,120.0,CONJUNTO INFANTIL COM TALHER,GIRA IMPORT
C3.0495,PA,42.43,122.0,CONJUNTO INFANTIL COM TALHER,GIRA IMPORT
C3.0495,MT,42.43,122.0,CONJUNTO INFANTIL COM TALHER,GIRA IMPORT
C3.0496,GO,40.33,112.0,CONJUNTO INFANTIL COM BAMBO FIBER,GIRA IMPORT
C3.0496,TO,40.74,114.0,CONJUNTO INFANTIL COM BAMBO FIBER,GIRA IMPORT
C3.0496,PA,40.33,116.0,CONJUNTO INFANTIL COM BAMBO FIBER,GIRA IMPORT
C3.0496,MT,40.33,116.0,CONJUNTO INFANTIL COM BAMBO FIBER,GIRA IMPORT
P16.0136,GO,19.34,54.0,PRATO INFANTIL COM DESENHO,GIRA IMPORT
P16.0136,TO,19.53,55.0,PRATO INFANTIL COM DESENHO,GIRA IMPORT
P16.0136,PA,19.34,56.0,PRATO INFANTIL COM DESENHO,GIRA IMPORT
P16.0136,MT,19.34,56.0,PRATO INFANTIL COM DESENHO,GIRA IMPORT
C3.0497,GO,42.43,118.0,CONJUNTO INFANTIL COM TALHER RABITT,GIRA IMPORT
C3.0497,TO,42.86,120.0,CONJUNTO INFANTIL COM TALHER RABITT,GIRA IMPORT
C3.0497,PA,42.43,122.0,CONJUNTO INFANTIL COM TALHER RABITT,GIRA IMPORT
C3.0497,MT,42.43,122.0,CONJUNTO INFANTIL COM TALHER RABITT,GIRA IMPORT
P16.0137,GO,11.5,33.0,PETISQUEIRA PEQUENA TABUA COM DOIS CORACAO,GIRA IMPORT
P16.0137,TO,11.62,34.0,PETISQUEIRA PEQUENA TABUA COM DOIS CORACAO,GIRA IMPORT
P16.0137,PA,11.5,35.0,PETISQUEIRA PEQUENA TABUA COM DOIS CORACAO,GIRA IMPORT
P16.0137,MT,11.5,35.0,PETISQUEIRA PEQUENA TABUA COM DOIS CORACAO,GIRA IMPORT
P16.0138,GO,11.5,33.0,PETISQUEIRA PEQUENA REDONDA 4 DIVISORIAS,GIRA IMPORT
P16.0138,TO,11.62,34.0,PETISQUEIRA PEQUENA REDONDA 4 DIVISORIAS,GIRA IMPORT
P16.0138,PA,11.5,35.0,PETISQUEIRA PEQUENA REDONDA 4 DIVISORIAS,GIRA IMPORT
P16.0138,MT,11.5,35.0,PETISQUEIRA PEQUENA REDONDA 4 DIVISORIAS,GIRA IMPORT
F6.0052,GO,95.35,266.0,FONTE DE RESINA,GIRA IMPORT
F6.0052,TO,96.3,268.0,FONTE DE RESINA,GIRA IMPORT
F6.0052,PA,95.35,270.0,FONTE DE RESINA,GIRA IMPORT
F6.0052,MT,95.35,270.0,FONTE DE RESINA,GIRA IMPORT
L12.0100,GO,16.09,45.0,LICOREIRA DE VIDRO 920ML,GIRA IMPORT
L12.0100,TO,16.26,46.0,LICOREIRA DE VIDRO 920ML,GIRA IMPORT
L12.0100,PA,16.09,47.0,LICOREIRA DE VIDRO 920ML,GIRA IMPORT
L12.0100,MT,16.09,47.0,LICOREIRA DE VIDRO 920ML,GIRA IMPORT
F6.0053,GO,127.25,355.0,FONTE MYKRONOS,GIRA IMPORT
F6.0053,TO,128.52,357.0,FONTE MYKRONOS,GIRA IMPORT
F6.0053,PA,127.25,359.0,FONTE MYKRONOS,GIRA IMPORT
F6.0053,MT,127.25,359.0,FONTE MYKRONOS,GIRA IMPORT
F6.0054,GO,127.25,355.0,FONTE HERMES,GIRA IMPORT
F6.0054,TO,128.52,357.0,FONTE HERMES,GIRA IMPORT
F6.0054,PA,127.25,359.0,FONTE HERMES,GIRA IMPORT
F6.0054,MT,127.25,359.0,FONTE HERMES,GIRA IMPORT
J10.0108,GO,5.67,16.0,JOGO AMERICANO SOUSPLAT GRANDE,0
J10.0108,TO,5.73,17.0,JOGO AMERICANO SOUSPLAT GRANDE,0
J10.0108,PA,5.67,18.0,JOGO AMERICANO SOUSPLAT GRANDE,0
J10.0108,MT,5.67,18.0,JOGO AMERICANO SOUSPLAT GRANDE,0
P16.0139,GO,15.23,43.0,PETISQUEIRA REDONDA M,GIRA IMPORT
P16.0139,TO,15.38,44.0,PETISQUEIRA REDONDA M,GIRA IMPORT
P16.0139,PA,15.23,45.0,PETISQUEIRA REDONDA M,GIRA IMPORT
P16.0139,MT,15.23,45.0,PETISQUEIRA REDONDA M,GIRA IMPORT
P16.0140,GO,15.23,43.0,PETISQUEIRA FLOR M,GIRA IMPORT
P16.0140,TO,15.38,44.0,PETISQUEIRA FLOR M,GIRA IMPORT
P16.0140,PA,15.23,45.0,PETISQUEIRA FLOR M,GIRA IMPORT
P16.0140,MT,15.23,45.0,PETISQUEIRA FLOR M,GIRA IMPORT
P16.0141,GO,15.23,43.0,PETISQUEIRA TREVO M,GIRA IMPORT
P16.0141,TO,15.38,44.0,PETISQUEIRA TREVO M,GIRA IMPORT
P16.0141,PA,15.23,45.0,PETISQUEIRA TREVO M,GIRA IMPORT
P16.0141,MT,15.23,45.0,PETISQUEIRA TREVO M,GIRA IMPORT
P16.0142,GO,15.23,43.0,PETISQUEIRA CORACAO M,GIRA IMPORT
P16.0142,TO,15.38,44.0,PETISQUEIRA CORACAO M,GIRA IMPORT
P16.0142,PA,15.23,45.0,PETISQUEIRA CORACAO M,GIRA IMPORT
P16.0142,MT,15.23,45.0,PETISQUEIRA CORACAO M,GIRA IMPORT
D4.0011,GO,11.12,32.0,DESCANSO DE PANELA P,0
D4.0011,TO,11.23,33.0,DESCANSO DE PANELA P,0
D4.0011,PA,11.12,34.0,DESCANSO DE PANELA P,0
D4.0011,MT,11.12,34.0,DESCANSO DE PANELA P,0
D4.0012,GO,11.12,32.0,DESCANSO DE PANELA G,0
D4.0012,TO,11.23,33.0,DESCANSO DE PANELA G,0
D4.0012,PA,11.12,34.0,DESCANSO DE PANELA G,0
D4.0012,MT,11.12,34.0,DESCANSO DE PANELA G,0
G7.0056,GO,49.66,139.0,GARRAFA TERMICA VACCUM FLASK,GIRA IMPORT
G7.0056,TO,50.16,141.0,GARRAFA TERMICA VACCUM FLASK,GIRA IMPORT
G7.0056,PA,49.66,143.0,GARRAFA TERMICA VACCUM FLASK,GIRA IMPORT
G7.0056,MT,49.66,143.0,GARRAFA TERMICA VACCUM FLASK,GIRA IMPORT
M13.0060,GO,122.83,327.0,MALA FIBRA BALI ICE P,GIRA IMPORT
M13.0060,TO,124.06,328.0,MALA FIBRA BALI ICE P,GIRA IMPORT
M13.0060,PA,122.83,329.0,MALA FIBRA BALI ICE P,GIRA IMPORT
M13.0060,MT,122.83,329.0,MALA FIBRA BALI ICE P,GIRA IMPORT
M13.0061,GO,184.21,487.0,MALA FIBRA BALI ICE M,GIRA IMPORT
M13.0061,TO,186.05,488.0,MALA FIBRA BALI ICE M,GIRA IMPORT
M13.0061,PA,184.21,489.0,MALA FIBRA BALI ICE M,GIRA IMPORT
M13.0061,MT,184.21,489.0,MALA FIBRA BALI ICE M,GIRA IMPORT
M13.0062,GO,307.02,807.0,MALA FIBRA BALI ICE G,GIRA IMPORT
M13.0062,TO,310.09,808.0,MALA FIBRA BALI ICE G,GIRA IMPORT
M13.0062,PA,307.02,809.0,MALA FIBRA BALI ICE G,GIRA IMPORT
M13.0062,MT,307.02,809.0,MALA FIBRA BALI ICE G,GIRA IMPORT
L12.0101,GO,55.43,154.0,LUMINARIA DE MESA COM BASE BIVOLT,0
L12.0101,TO,55.99,156.0,LUMINARIA DE MESA COM BASE BIVOLT,0
L12.0101,PA,55.43,158.0,LUMINARIA DE MESA COM BASE BIVOLT,0
L12.0101,MT,55.43,158.0,LUMINARIA DE MESA COM BASE BIVOLT,0
L12.0102,GO,62.08,173.0,LUMINARIA DE MESA ABAJUR REDONDO,0
L12.0102,TO,62.7,176.0,LUMINARIA DE MESA ABAJUR REDONDO,0
L12.0102,PA,62.08,178.0,LUMINARIA DE MESA ABAJUR REDONDO,0
L12.0102,MT,62.08,178.0,LUMINARIA DE MESA ABAJUR REDONDO,0
L12.0103,GO,62.08,173.0,LUMINARIA DE MESA ABAJUR QUADRADO,0
L12.0103,TO,62.7,176.0,LUMINARIA DE MESA ABAJUR QUADRADO,0
L12.0103,PA,62.08,178.0,LUMINARIA DE MESA ABAJUR QUADRADO,0
L12.0103,MT,62.08,178.0,LUMINARIA DE MESA ABAJUR QUADRADO,0
P16.0143,GO,25.36,70.0,PETISQUEIRA CORACAO P,GIRA IMPORT
P16.0143,TO,25.61,71.0,PETISQUEIRA CORACAO P,GIRA IMPORT
P16.0143,PA,25.36,72.0,PETISQUEIRA CORACAO P,GIRA IMPORT
P16.0143,MT,25.36,72.0,PETISQUEIRA CORACAO P,GIRA IMPORT
M13.0063,GO,176.11,467.0,MALA DE BORDO P,GIRA IMPORT
M13.0063,TO,177.87,468.0,MALA DE BORDO P,GIRA IMPORT
M13.0063,PA,176.11,469.0,MALA DE BORDO P,GIRA IMPORT
M13.0063,MT,176.11,469.0,MALA DE BORDO P,GIRA IMPORT
C3.0498,GO,33.47,94.0,CONJUNTO XICARA 12 PCS 190ML,GIRA IMPORT
C3.0498,TO,33.8,96.0,CONJUNTO XICARA 12 PCS 190ML,GIRA IMPORT
C3.0498,PA,33.47,98.0,CONJUNTO XICARA 12 PCS 190ML,GIRA IMPORT
C3.0498,MT,33.47,98.0,CONJUNTO XICARA 12 PCS 190ML,GIRA IMPORT
A1.0029,GO,136.48,381.0,APARELHO DE JANTAR,GIRA IMPORT
A1.0029,TO,137.85,383.0,APARELHO DE JANTAR,GIRA IMPORT
A1.0029,PA,136.48,385.0,APARELHO DE JANTAR,GIRA IMPORT
A1.0029,MT,136.48,385.0,APARELHO DE JANTAR,GIRA IMPORT
B2.0128,GO,35.89,100.0,BOLSA FEM MAO L9013,JULIA BOLSAS BOLSAS
B2.0128,TO,36.25,102.0,BOLSA FEM MAO L9013,JULIA BOLSAS BOLSAS
B2.0128,PA,35.89,104.0,BOLSA FEM MAO L9013,JULIA BOLSAS BOLSAS
B2.0128,MT,35.89,104.0,BOLSA FEM MAO L9013,JULIA BOLSAS BOLSAS
B2.0129,GO,35.89,100.0,BOLSA FEM MAO L9015,JULIA BOLSAS BOLSAS
B2.0129,TO,36.25,102.0,BOLSA FEM MAO L9015,JULIA BOLSAS BOLSAS
B2.0129,PA,35.89,104.0,BOLSA FEM MAO L9015,JULIA BOLSAS BOLSAS
B2.0129,MT,35.89,104.0,BOLSA FEM MAO L9015,JULIA BOLSAS BOLSAS
B2.0130,GO,32.42,90.0,BOLSA FEM MAO L10,JULIA BOLSAS BOLSAS
B2.0130,TO,32.74,91.0,BOLSA FEM MAO L10,JULIA BOLSAS BOLSAS
B2.0130,PA,32.42,92.0,BOLSA FEM MAO L10,JULIA BOLSAS BOLSAS
B2.0130,MT,32.42,92.0,BOLSA FEM MAO L10,JULIA BOLSAS BOLSAS
B2.0131,GO,32.42,90.0,BOLSA FEM MAO L012,JULIA BOLSAS BOLSAS
B2.0131,TO,32.74,91.0,BOLSA FEM MAO L012,JULIA BOLSAS BOLSAS
B2.0131,PA,32.42,92.0,BOLSA FEM MAO L012,JULIA BOLSAS BOLSAS
B2.0131,MT,32.42,92.0,BOLSA FEM MAO L012,JULIA BOLSAS BOLSAS
B2.0132,GO,46.31,129.0,BOLSA FEM TIRA COLO L9019,JULIA BOLSAS BOLSAS
B2.0132,TO,46.78,131.0,BOLSA FEM TIRA COLO L9019,JULIA BOLSAS BOLSAS
B2.0132,PA,46.31,133.0,BOLSA FEM TIRA COLO L9019,JULIA BOLSAS BOLSAS
B2.0132,MT,46.31,133.0,BOLSA FEM TIRA COLO L9019,JULIA BOLSAS BOLSAS
B2.0133,GO,46.31,129.0,BOLSA FEM TIRA COLO L9017,JULIA BOLSAS BOLSAS
B2.0133,TO,46.78,131.0,BOLSA FEM TIRA COLO L9017,JULIA BOLSAS BOLSAS
B2.0133,PA,46.31,133.0,BOLSA FEM TIRA COLO L9017,JULIA BOLSAS BOLSAS
B2.0133,MT,46.31,133.0,BOLSA FEM TIRA COLO L9017,JULIA BOLSAS BOLSAS
B2.0134,GO,46.31,129.0,BOLSA FEM TIRA COLO 2 BOLSOS FRONTAIS L9018,JULIA BOLSAS BOLSAS
B2.0134,TO,46.78,131.0,BOLSA FEM TIRA COLO 2 BOLSOS FRONTAIS L9018,JULIA BOLSAS BOLSAS
B2.0134,PA,46.31,133.0,BOLSA FEM TIRA COLO 2 BOLSOS FRONTAIS L9018,JULIA BOLSAS BOLSAS
B2.0134,MT,46.31,133.0,BOLSA FEM TIRA COLO 2 BOLSOS FRONTAIS L9018,JULIA BOLSAS BOLSAS
B2.0135,GO,55.58,155.0,BOLSA FEM OMBRO ZIPERS FRENTE XADREZ L9001,JULIA BOLSAS BOLSAS
B2.0135,TO,56.13,157.0,BOLSA FEM OMBRO ZIPERS FRENTE XADREZ L9001,JULIA BOLSAS BOLSAS
B2.0135,PA,55.58,159.0,BOLSA FEM OMBRO ZIPERS FRENTE XADREZ L9001,JULIA BOLSAS BOLSAS
B2.0135,MT,55.58,159.0,BOLSA FEM OMBRO ZIPERS FRENTE XADREZ L9001,JULIA BOLSAS BOLSAS
B2.0136,GO,55.58,155.0,BOLSA TIRA COLO FEM TRANCA L9002,JULIA BOLSAS BOLSAS
B2.0136,TO,56.13,157.0,BOLSA TIRA COLO FEM TRANCA L9002,JULIA BOLSAS BOLSAS
B2.0136,PA,55.58,159.0,BOLSA TIRA COLO FEM TRANCA L9002,JULIA BOLSAS BOLSAS
B2.0136,MT,55.58,159.0,BOLSA TIRA COLO FEM TRANCA L9002,JULIA BOLSAS BOLSAS
B2.0137,GO,55.58,155.0,BOLSA TIRA COLO XADREZ 23 197,JULIA BOLSAS BOLSAS
B2.0137,TO,56.13,157.0,BOLSA TIRA COLO XADREZ 23 197,JULIA BOLSAS BOLSAS
B2.0137,PA,55.58,159.0,BOLSA TIRA COLO XADREZ 23 197,JULIA BOLSAS BOLSAS
B2.0137,MT,55.58,159.0,BOLSA TIRA COLO XADREZ 23 197,JULIA BOLSAS BOLSAS
B2.0138,GO,55.58,155.0,BOLSA FEM TIRA COLO S 11,JULIA BOLSAS BOLSAS
B2.0138,TO,56.13,157.0,BOLSA FEM TIRA COLO S 11,JULIA BOLSAS BOLSAS
B2.0138,PA,55.58,159.0,BOLSA FEM TIRA COLO S 11,JULIA BOLSAS BOLSAS
B2.0138,MT,55.58,159.0,BOLSA FEM TIRA COLO S 11,JULIA BOLSAS BOLSAS
B2.0139,GO,55.58,155.0,BOLSA FEM TIRA COLO BOLSAO L8023,JULIA BOLSAS BOLSAS
B2.0139,TO,56.13,157.0,BOLSA FEM TIRA COLO BOLSAO L8023,JULIA BOLSAS BOLSAS
B2.0139,PA,55.58,159.0,BOLSA FEM TIRA COLO BOLSAO L8023,JULIA BOLSAS BOLSAS
B2.0139,MT,55.58,159.0,BOLSA FEM TIRA COLO BOLSAO L8023,JULIA BOLSAS BOLSAS
B2.0140,GO,32.5,90.0,BOLSA C ZIPER PORTA CELULAR AE011,JULIA BOLSAS BOLSAS
B2.0140,TO,32.82,91.0,BOLSA C ZIPER PORTA CELULAR AE011,JULIA BOLSAS BOLSAS
B2.0140,PA,32.5,92.0,BOLSA C ZIPER PORTA CELULAR AE011,JULIA BOLSAS BOLSAS
B2.0140,MT,32.5,92.0,BOLSA C ZIPER PORTA CELULAR AE011,JULIA BOLSAS BOLSAS
B2.0141,GO,28.95,80.0,BOLSA C ZIPER PORTA CELUALR L2012,JULIA BOLSAS BOLSAS
B2.0141,TO,29.24,81.0,BOLSA C ZIPER PORTA CELUALR L2012,JULIA BOLSAS BOLSAS
B2.0141,PA,28.95,82.0,BOLSA C ZIPER PORTA CELUALR L2012,JULIA BOLSAS BOLSAS
B2.0141,MT,28.95,82.0,BOLSA C ZIPER PORTA CELUALR L2012,JULIA BOLSAS BOLSAS
B2.0142,GO,28.95,80.0,BOLSA C ZIPER PORTA CELUALR L2013,JULIA BOLSAS BOLSAS
B2.0142,TO,29.24,81.0,BOLSA C ZIPER PORTA CELUALR L2013,JULIA BOLSAS BOLSAS
B2.0142,PA,28.95,82.0,BOLSA C ZIPER PORTA CELUALR L2013,JULIA BOLSAS BOLSAS
B2.0142,MT,28.95,82.0,BOLSA C ZIPER PORTA CELUALR L2013,JULIA BOLSAS BOLSAS
B2.0143,GO,28.95,80.0,BOLSA C ZIPER PORTA CELULAR L2010,JULIA BOLSAS BOLSAS
B2.0143,TO,29.24,81.0,BOLSA C ZIPER PORTA CELULAR L2010,JULIA BOLSAS BOLSAS
B2.0143,PA,28.95,82.0,BOLSA C ZIPER PORTA CELULAR L2010,JULIA BOLSAS BOLSAS
B2.0143,MT,28.95,82.0,BOLSA C ZIPER PORTA CELULAR L2010,JULIA BOLSAS BOLSAS
B2.0144,GO,52.1,145.0,BOLSA FEM MAO BOTAO 16883,JULIA BOLSAS BOLSAS
B2.0144,TO,52.62,147.0,BOLSA FEM MAO BOTAO 16883,JULIA BOLSAS BOLSAS
B2.0144,PA,52.1,149.0,BOLSA FEM MAO BOTAO 16883,JULIA BOLSAS BOLSAS
B2.0144,MT,52.1,149.0,BOLSA FEM MAO BOTAO 16883,JULIA BOLSAS BOLSAS
E5.0019,GO,22.49,62.0,EXTENSAO SEM USB,0
E5.0019,TO,22.71,63.0,EXTENSAO SEM USB,0
E5.0019,PA,22.49,64.0,EXTENSAO SEM USB,0
E5.0019,MT,22.49,64.0,EXTENSAO SEM USB,0
P16.0144,GO,15.51,44.0,PETISQUEIRA KIT 6PC,GIRA IMPORT
P16.0144,TO,15.67,45.0,PETISQUEIRA KIT 6PC,GIRA IMPORT
P16.0144,PA,15.51,46.0,PETISQUEIRA KIT 6PC,GIRA IMPORT
P16.0144,MT,15.51,46.0,PETISQUEIRA KIT 6PC,GIRA IMPORT
L12.0093,GO,62.61,180.0,LUMINARIA DE JARDIM,MAX BRAS
L12.0093,TO,63.24,182.0,LUMINARIA DE JARDIM,MAX BRAS
L12.0093,PA,62.61,184.0,LUMINARIA DE JARDIM,MAX BRAS
L12.0093,MT,62.61,184.0,LUMINARIA DE JARDIM,MAX BRAS
C3.0499,GO,27.2,100.0,CJ 6 XICARAS DE CAFE C PIRES PORCELANA,WELLMIX
C3.0499,TO,27.47,102.0,CJ 6 XICARAS DE CAFE C PIRES PORCELANA,WELLMIX
C3.0499,PA,27.2,104.0,CJ 6 XICARAS DE CAFE C PIRES PORCELANA,WELLMIX
C3.0499,MT,27.2,104.0,CJ 6 XICARAS DE CAFE C PIRES PORCELANA,WELLMIX
R18.0017,GO,13.87,40.0,RALADOR 6 FACES BASE PLASTICA,WELLMIX
R18.0017,TO,14.01,41.0,RALADOR 6 FACES BASE PLASTICA,WELLMIX
R18.0017,PA,13.87,42.0,RALADOR 6 FACES BASE PLASTICA,WELLMIX
R18.0017,MT,13.87,42.0,RALADOR 6 FACES BASE PLASTICA,WELLMIX
C3.0500,GO,788.06,2000.0,CONJUNTO DE PANELAS 15 PCS JADE SERIES,SPEED XDX
C3.0500,TO,795.94,2000.0,CONJUNTO DE PANELAS 15 PCS JADE SERIES,SPEED XDX
C3.0500,PA,788.06,2000.0,CONJUNTO DE PANELAS 15 PCS JADE SERIES,SPEED XDX
C3.0500,MT,788.06,2000.0,CONJUNTO DE PANELAS 15 PCS JADE SERIES,SPEED XDX
K11.0127,GO,15.94,45.0,KIT INFANTIL POTE E GARRAFA DE PLASTICO PP,AMIGOLD
K11.0127,TO,16.1,46.0,KIT INFANTIL POTE E GARRAFA DE PLASTICO PP,AMIGOLD
K11.0127,PA,15.94,47.0,KIT INFANTIL POTE E GARRAFA DE PLASTICO PP,AMIGOLD
K11.0127,MT,15.94,47.0,KIT INFANTIL POTE E GARRAFA DE PLASTICO PP,AMIGOLD
T20.0207,GO,129.56,323.0,TAPETE DE ATIVIDADES MULTIFICIONAL,TOYKING
T20.0207,TO,130.86,323.0,TAPETE DE ATIVIDADES MULTIFICIONAL,TOYKING
T20.0207,PA,129.56,323.0,TAPETE DE ATIVIDADES MULTIFICIONAL,TOYKING
T20.0207,MT,129.56,323.0,TAPETE DE ATIVIDADES MULTIFICIONAL,TOYKING
M13.0052,GO,7.07,25.0,MALETA DE PINTURA 24PCS TK CR01,MOHNISH
M13.0052,TO,7.14,26.0,MALETA DE PINTURA 24PCS TK CR01,MOHNISH
M13.0052,PA,7.07,27.0,MALETA DE PINTURA 24PCS TK CR01,MOHNISH
M13.0052,MT,7.07,27.0,MALETA DE PINTURA 24PCS TK CR01,MOHNISH
M13.0053,GO,11.42,35.0,MALETA DE PINTURA 42PCS TK CR11,MOHNISH
M13.0053,TO,11.54,36.0,MALETA DE PINTURA 42PCS TK CR11,MOHNISH
M13.0053,PA,11.42,37.0,MALETA DE PINTURA 42PCS TK CR11,MOHNISH
M13.0053,MT,11.42,37.0,MALETA DE PINTURA 42PCS TK CR11,MOHNISH
M13.0054,GO,11.42,35.0,MALETA DE PINTURA 42PCS TK CR12,MOHNISH
M13.0054,TO,11.54,36.0,MALETA DE PINTURA 42PCS TK CR12,MOHNISH
M13.0054,PA,11.42,37.0,MALETA DE PINTURA 42PCS TK CR12,MOHNISH
M13.0054,MT,11.42,37.0,MALETA DE PINTURA 42PCS TK CR12,MOHNISH
C3.0512,GO,65.25,162.0,COBRELEITO DUPLA FACE CASAL ESTAMPADO 220X240,LEPPER
C3.0512,TO,65.9,164.0,COBRELEITO DUPLA FACE CASAL ESTAMPADO 220X240,LEPPER
C3.0512,PA,65.25,166.0,COBRELEITO DUPLA FACE CASAL ESTAMPADO 220X240,LEPPER
C3.0512,MT,65.25,166.0,COBRELEITO DUPLA FACE CASAL ESTAMPADO 220X240,LEPPER
C3.0513,GO,70.2,195.0,COBRELEITO DUPLA FACE QUEEN ESTAMPADO 240X260,LEPPER
C3.0513,TO,70.9,197.0,COBRELEITO DUPLA FACE QUEEN ESTAMPADO 240X260,LEPPER
C3.0513,PA,70.2,199.0,COBRELEITO DUPLA FACE QUEEN ESTAMPADO 240X260,LEPPER
C3.0513,MT,70.2,199.0,COBRELEITO DUPLA FACE QUEEN ESTAMPADO 240X260,LEPPER
C3.0514,GO,78.28,230.0,COBRELEITO DUPLA FACE KING ESTAMPADO 260X280,LEPPER
C3.0514,TO,79.07,232.0,COBRELEITO DUPLA FACE KING ESTAMPADO 260X280,LEPPER
C3.0514,PA,78.28,234.0,COBRELEITO DUPLA FACE KING ESTAMPADO 260X280,LEPPER
C3.0514,MT,78.28,234.0,COBRELEITO DUPLA FACE KING ESTAMPADO 260X280,LEPPER
C3.0515,GO,65.97,262.0,COBRELEITO DUPLA FACE SUPER KING ESTAMPADO 280X300,LEPPER
C3.0515,TO,66.63,264.0,COBRELEITO DUPLA FACE SUPER KING ESTAMPADO 280X300,LEPPER
C3.0515,PA,65.97,266.0,COBRELEITO DUPLA FACE SUPER KING ESTAMPADO 280X300,LEPPER
C3.0515,MT,65.97,266.0,COBRELEITO DUPLA FACE SUPER KING ESTAMPADO 280X300,LEPPER
G7.0057,GO,16.02,48.0,GUARDA CHUVA INFANTIL,SHOCK IMPORT
G7.0057,TO,16.18,52.0,GUARDA CHUVA INFANTIL,SHOCK IMPORT
G7.0057,PA,16.02,54.0,GUARDA CHUVA INFANTIL,SHOCK IMPORT
G7.0057,MT,16.02,54.0,GUARDA CHUVA INFANTIL,SHOCK IMPORT
V22.0016,GO,35.8,115.0,VENTILADOR C HUMIFICADOR,XDX TALHERES
V22.0016,TO,36.16,117.0,VENTILADOR C HUMIFICADOR,XDX TALHERES
V22.0016,PA,35.8,119.0,VENTILADOR C HUMIFICADOR,XDX TALHERES
V22.0016,MT,35.8,119.0,VENTILADOR C HUMIFICADOR,XDX TALHERES
K11.0128,GO,22.63,70.0,KIT DE CHURRASCO INOX,MAX BRAS
K11.0128,TO,22.86,71.0,KIT DE CHURRASCO INOX,MAX BRAS
K11.0128,PA,21.92,73.0,KIT DE CHURRASCO INOX,MAX BRAS
K11.0128,MT,22.63,73.0,KIT DE CHURRASCO INOX,MAX BRAS
F6.0055,GO,41.01,118.0,FACA C CABO MADEIRADO TIGRE SA47,MAX BRAS
F6.0055,TO,41.42,122.0,FACA C CABO MADEIRADO TIGRE SA47,MAX BRAS
F6.0055,PA,41.52,124.0,FACA C CABO MADEIRADO TIGRE SA47,MAX BRAS
F6.0055,MT,42.1,124.0,FACA C CABO MADEIRADO TIGRE SA47,MAX BRAS
F6.0056,GO,41.01,118.0,FACA C CABO PRETO G61,MAX BRAS
F6.0056,TO,41.42,122.0,FACA C CABO PRETO G61,MAX BRAS
F6.0056,PA,41.52,124.0,FACA C CABO PRETO G61,MAX BRAS
F6.0056,MT,42.24,124.0,FACA C CABO PRETO G61,MAX BRAS
F6.0057,GO,30.97,94.0,FACA C CABO MADEIRADO CURVADO TP 502,MAX BRAS
F6.0057,TO,31.28,96.0,FACA C CABO MADEIRADO CURVADO TP 502,MAX BRAS
F6.0057,PA,30.97,96.0,FACA C CABO MADEIRADO CURVADO TP 502,MAX BRAS
F6.0057,MT,30.97,96.0,FACA C CABO MADEIRADO CURVADO TP 502,MAX BRAS
M13.0065,GO,50.59,145.0,MACHADINHA TP 388,MAX BRAS
M13.0065,TO,51.1,147.0,MACHADINHA TP 388,MAX BRAS
M13.0065,PA,50.59,149.0,MACHADINHA TP 388,MAX BRAS
M13.0065,MT,50.59,149.0,MACHADINHA TP 388,MAX BRAS
B2.0148,GO,22.76,37.0,BOLA VOLEI COLORS,MAX BRAS
B2.0148,TO,22.99,37.0,BOLA VOLEI COLORS,MAX BRAS
B2.0148,PA,22.76,37.0,BOLA VOLEI COLORS,MAX BRAS
B2.0148,MT,22.76,37.0,BOLA VOLEI COLORS,MAX BRAS
B2.0145,GO,82.34,239.0,BOLSA MOCHILA ACO,JULIA BOLSAS BOLSAS
B2.0145,TO,83.3,240.0,BOLSA MOCHILA ACO,JULIA BOLSAS BOLSAS
B2.0145,PA,82.74,242.0,BOLSA MOCHILA ACO,JULIA BOLSAS BOLSAS
B2.0145,MT,81.84,242.0,BOLSA MOCHILA ACO,JULIA BOLSAS BOLSAS
B2.0147,GO,52.56,146.0,BOLSA MOCHILA NOTEBOOK,JULIA BOLSAS BOLSAS
B2.0147,TO,53.09,148.0,BOLSA MOCHILA NOTEBOOK,JULIA BOLSAS BOLSAS
B2.0147,PA,52.56,148.0,BOLSA MOCHILA NOTEBOOK,JULIA BOLSAS BOLSAS
B2.0147,MT,52.56,146.0,BOLSA MOCHILA NOTEBOOK,JULIA BOLSAS BOLSAS
B2.0146,GO,38.31,108.0,BOLSA MULTIUSO T60,JULIA BOLSAS BOLSAS
B2.0146,TO,38.69,110.0,BOLSA MULTIUSO T60,JULIA BOLSAS BOLSAS
B2.0146,PA,38.31,112.0,BOLSA MULTIUSO T60,JULIA BOLSAS BOLSAS
B2.0146,MT,38.31,112.0,BOLSA MULTIUSO T60,JULIA BOLSAS BOLSAS
P16.0145,GO,119.44,220.0,PROTETOR PILLOW TOQUE DE PLUMAS CASAL,NIAZITEX
P16.0145,TO,120.64,220.0,PROTETOR PILLOW TOQUE DE PLUMAS CASAL,NIAZITEX
P16.0145,PA,119.44,220.0,PROTETOR PILLOW TOQUE DE PLUMAS CASAL,NIAZITEX
P16.0145,MT,119.44,220.0,PROTETOR PILLOW TOQUE DE PLUMAS CASAL,NIAZITEX
P16.0146,GO,160.87,260.0,PROTETOR PILLOW TOQUE DE PLUMAS KING,NIAZITEX
P16.0146,TO,162.47,260.0,PROTETOR PILLOW TOQUE DE PLUMAS KING,NIAZITEX
P16.0146,PA,160.87,260.0,PROTETOR PILLOW TOQUE DE PLUMAS KING,NIAZITEX
P16.0146,MT,160.87,260.0,PROTETOR PILLOW TOQUE DE PLUMAS KING,NIAZITEX
P16.0147,GO,133.2,240.0,PROTETOR PILLOW TOQUE DE PLUMAS QUEEN,NIAZITEX
P16.0147,TO,134.53,240.0,PROTETOR PILLOW TOQUE DE PLUMAS QUEEN,NIAZITEX
P16.0147,PA,133.2,240.0,PROTETOR PILLOW TOQUE DE PLUMAS QUEEN,NIAZITEX
P16.0147,MT,133.2,240.0,PROTETOR PILLOW TOQUE DE PLUMAS QUEEN,NIAZITEX
P16.0148,GO,98.31,180.0,PROTETOR PILLOW TOQUE DE PLUMAS SOLTEIRO,NIAZITEX
P16.0148,TO,99.3,180.0,PROTETOR PILLOW TOQUE DE PLUMAS SOLTEIRO,NIAZITEX
P16.0148,PA,98.31,180.0,PROTETOR PILLOW TOQUE DE PLUMAS SOLTEIRO,NIAZITEX
P16.0148,MT,98.31,180.0,PROTETOR PILLOW TOQUE DE PLUMAS SOLTEIRO,NIAZITEX
C3.0501,GO,88.62,212.0,COLCHA BARCELONA CASAL 220X240,NIAZITEX
C3.0501,TO,89.51,218.0,COLCHA BARCELONA CASAL 220X240,NIAZITEX
C3.0501,PA,88.62,218.0,COLCHA BARCELONA CASAL 220X240,NIAZITEX
C3.0501,MT,88.62,218.0,COLCHA BARCELONA CASAL 220X240,NIAZITEX
C3.0502,GO,115.93,250.0,COLCHA BARCELONA KING 280X260,NIAZITEX
C3.0502,TO,117.09,252.0,COLCHA BARCELONA KING 280X260,NIAZITEX
C3.0502,PA,115.93,252.0,COLCHA BARCELONA KING 280X260,NIAZITEX
C3.0502,MT,115.93,252.0,COLCHA BARCELONA KING 280X260,NIAZITEX
C3.0503,GO,104.43,238.0,COLCHA BARCELONA QUEEN 240X260,NIAZITEX
C3.0503,TO,105.48,238.0,COLCHA BARCELONA QUEEN 240X260,NIAZITEX
C3.0503,PA,104.43,238.0,COLCHA BARCELONA QUEEN 240X260,NIAZITEX
C3.0503,MT,104.43,238.0,COLCHA BARCELONA QUEEN 240X260,NIAZITEX
E5.0020,GO,105.39,178.0,EDREDOM TREVISO CASAL 180X220,NIAZITEX
E5.0020,TO,106.45,178.0,EDREDOM TREVISO CASAL 180X220,NIAZITEX
E5.0020,PA,105.39,178.0,EDREDOM TREVISO CASAL 180X220,NIAZITEX
E5.0020,MT,105.39,387.0,EDREDOM TREVISO CASAL 180X220,NIAZITEX
E5.0021,GO,143.72,230.0,EDREDOM TREVISO KING 240X260,NIAZITEX
E5.0021,TO,145.16,230.0,EDREDOM TREVISO KING 240X260,NIAZITEX
E5.0021,PA,143.72,230.0,EDREDOM TREVISO KING 240X260,NIAZITEX
E5.0021,MT,143.72,548.0,EDREDOM TREVISO KING 240X260,NIAZITEX
E5.0022,GO,129.34,207.0,EDREDOM TREVISO QUEEN 220X240,NIAZITEX
E5.0022,TO,130.64,207.0,EDREDOM TREVISO QUEEN 220X240,NIAZITEX
E5.0022,PA,129.34,207.0,EDREDOM TREVISO QUEEN 220X240,NIAZITEX
E5.0022,MT,129.34,481.0,EDREDOM TREVISO QUEEN 220X240,NIAZITEX
C3.0507,GO,43.66,130.0,CONJUNTO PORTA CONDIMENTO DE VIDRO 5 PCS 4907,AMIGOLD
C3.0507,TO,44.1,132.0,CONJUNTO PORTA CONDIMENTO DE VIDRO 5 PCS 4907,AMIGOLD
C3.0507,PA,43.66,134.0,CONJUNTO PORTA CONDIMENTO DE VIDRO 5 PCS 4907,AMIGOLD
C3.0507,MT,43.66,134.0,CONJUNTO PORTA CONDIMENTO DE VIDRO 5 PCS 4907,AMIGOLD
M13.0066,GO,3.75,6.0,MINI GARRAFA P MOLHOS 30X40X12CM 5088,AMIGOLD
M13.0066,TO,3.79,6.0,MINI GARRAFA P MOLHOS 30X40X12CM 5088,AMIGOLD
M13.0066,PA,3.75,6.0,MINI GARRAFA P MOLHOS 30X40X12CM 5088,AMIGOLD
M13.0066,MT,3.75,6.0,MINI GARRAFA P MOLHOS 30X40X12CM 5088,AMIGOLD
S19.0015,GO,17.59,49.0,SOMBRINHA DOBRAVEL,LUCKY TIME
S19.0015,TO,17.76,50.0,SOMBRINHA DOBRAVEL,LUCKY TIME
S19.0015,PA,16.29,51.0,SOMBRINHA DOBRAVEL,LUCKY TIME
S19.0015,MT,17.59,51.0,SOMBRINHA DOBRAVEL,LUCKY TIME
C3.0505,GO,12.67,22.0,CAPACHO ARCO IRIS,GIRA IMPORT
C3.0505,TO,12.8,22.0,CAPACHO ARCO IRIS,GIRA IMPORT
C3.0505,PA,12.67,22.0,CAPACHO ARCO IRIS,GIRA IMPORT
C3.0505,MT,12.67,22.0,CAPACHO ARCO IRIS,GIRA IMPORT
T20.0213,GO,8.43,25.0,TAPETE WELCOME,GIRA IMPORT
T20.0213,TO,8.51,27.0,TAPETE WELCOME,GIRA IMPORT
T20.0213,PA,8.43,28.0,TAPETE WELCOME,GIRA IMPORT
T20.0213,MT,8.43,28.0,TAPETE WELCOME,GIRA IMPORT
C3.0506,GO,13.34,39.0,CANECA TERMICA INOX C TAMPA,GIRA IMPORT
C3.0506,TO,13.47,40.0,CANECA TERMICA INOX C TAMPA,GIRA IMPORT
C3.0506,PA,13.34,41.0,CANECA TERMICA INOX C TAMPA,GIRA IMPORT
C3.0506,MT,13.34,41.0,CANECA TERMICA INOX C TAMPA,GIRA IMPORT
B2.0149,GO,43.78,124.0,BOLSA DE VIAGEM DE POLIESTER,GIRA IMPORT
B2.0149,TO,44.22,127.0,BOLSA DE VIAGEM DE POLIESTER,GIRA IMPORT
B2.0149,PA,43.78,129.0,BOLSA DE VIAGEM DE POLIESTER,GIRA IMPORT
B2.0149,MT,43.78,129.0,BOLSA DE VIAGEM DE POLIESTER,GIRA IMPORT
C3.0508,GO,11.96,38.0,CABIDE AVELUDADO C/ SUPORTE CENTRAL 6 PCS,NIAZITEX
C3.0508,TO,12.08,25.0,CABIDE AVELUDADO C/ SUPORTE CENTRAL 6 PCS,NIAZITEX
C3.0508,PA,11.96,40.0,CABIDE AVELUDADO C/ SUPORTE CENTRAL 6 PCS,NIAZITEX
C3.0508,MT,11.96,40.0,CABIDE AVELUDADO C/ SUPORTE CENTRAL 6 PCS,NIAZITEX
K11.0129,GO,9.14,28.0,KIT LUVAS CULINARIA 2PCS,NIAZITEX
K11.0129,TO,9.23,29.0,KIT LUVAS CULINARIA 2PCS,NIAZITEX
K11.0129,PA,9.14,30.0,KIT LUVAS CULINARIA 2PCS,NIAZITEX
K11.0129,MT,9.14,30.0,KIT LUVAS CULINARIA 2PCS,NIAZITEX
X23.0004,GO,46.63,128.0,XICARAS DE CAFE 85ML 6PC,BRILHO DIAMAMTE
X23.0004,TO,47.1,130.0,XICARAS DE CAFE 85ML 6PC,BRILHO DIAMAMTE
X23.0004,PA,46.63,132.0,XICARAS DE CAFE 85ML 6PC,BRILHO DIAMAMTE
X23.0004,MT,46.63,132.0,XICARAS DE CAFE 85ML 6PC,BRILHO DIAMAMTE
B2.0152,GO,23.04,65.0,BANDEJA MDF OREGON,GIRA IMPORT
B2.0152,TO,23.27,67.0,BANDEJA MDF OREGON,GIRA IMPORT
B2.0152,PA,23.04,68.0,BANDEJA MDF OREGON,GIRA IMPORT
B2.0152,MT,23.04,68.0,BANDEJA MDF OREGON,GIRA IMPORT
F6.0058,GO,26.08,75.0,FRUTEIRA DE METAL 30X18X32CM 8546,Y888 IMPORTACAO EXPORT
F6.0058,TO,26.34,76.0,FRUTEIRA DE METAL 30X18X32CM 8546,Y888 IMPORTACAO EXPORT
F6.0058,PA,26.08,77.0,FRUTEIRA DE METAL 30X18X32CM 8546,Y888 IMPORTACAO EXPORT
F6.0058,MT,26.08,77.0,FRUTEIRA DE METAL 30X18X32CM 8546,Y888 IMPORTACAO EXPORT
P16.0149,GO,19.61,57.0,PORTA MANTIMENTOS 21X10.7X31CM 8631,Y888 IMPORTACAO EXPORT
P16.0149,TO,19.8,58.0,PORTA MANTIMENTOS 21X10.7X31CM 8631,Y888 IMPORTACAO EXPORT
P16.0149,PA,19.61,59.0,PORTA MANTIMENTOS 21X10.7X31CM 8631,Y888 IMPORTACAO EXPORT
P16.0149,MT,19.61,59.0,PORTA MANTIMENTOS 21X10.7X31CM 8631,Y888 IMPORTACAO EXPORT
K11.0130,GO,17.54,29.0,KIT GARRAFA COLORS 3PCS 9032,LUI ELETRONICOS
K11.0130,TO,17.71,29.0,KIT GARRAFA COLORS 3PCS 9032,LUI ELETRONICOS
K11.0130,PA,17.54,29.0,KIT GARRAFA COLORS 3PCS 9032,LUI ELETRONICOS
K11.0130,MT,17.54,29.0,KIT GARRAFA COLORS 3PCS 9032,LUI ELETRONICOS
K11.0131,GO,17.45,29.0,KIT GARRAFA COLORS 3PCS 9033,LUI ELETRONICOS
K11.0131,TO,17.63,29.0,KIT GARRAFA COLORS 3PCS 9033,LUI ELETRONICOS
K11.0131,PA,17.45,29.0,KIT GARRAFA COLORS 3PCS 9033,LUI ELETRONICOS
K11.0131,MT,17.45,29.0,KIT GARRAFA COLORS 3PCS 9033,LUI ELETRONICOS
C3.0509,GO,63.72,102.0,CARPETE INDIANO P PRO,PARAIBA
C3.0509,TO,64.36,102.0,CARPETE INDIANO P PRO,PARAIBA
C3.0509,PA,63.72,102.0,CARPETE INDIANO P PRO,PARAIBA
C3.0509,MT,63.72,102.0,CARPETE INDIANO P PRO,PARAIBA
D4.0013,GO,109.58,310.0,DEC ESCULTURA 12044,JOELMA DEC
D4.0013,TO,110.67,312.0,DEC ESCULTURA 12044,JOELMA DEC
D4.0013,PA,109.58,314.0,DEC ESCULTURA 12044,JOELMA DEC
D4.0013,MT,109.58,314.0,DEC ESCULTURA 12044,JOELMA DEC
D4.0014,GO,41.57,121.0,DEC ESFERA M 12228,JOELMA DEC
D4.0014,TO,41.99,123.0,DEC ESFERA M 12228,JOELMA DEC
D4.0014,PA,41.57,125.0,DEC ESFERA M 12228,JOELMA DEC
D4.0014,MT,41.57,125.0,DEC ESFERA M 12228,JOELMA DEC
D4.0015,GO,33.07,98.0,DEC ESFERA P 12229,JOELMA DEC
D4.0015,TO,33.4,99.0,DEC ESFERA P 12229,JOELMA DEC
D4.0015,PA,33.07,100.0,DEC ESFERA P 12229,JOELMA DEC
D4.0015,MT,33.07,100.0,DEC ESFERA P 12229,JOELMA DEC
D4.0016,GO,156.33,442.0,DEC ESCULTURA INFINITO 12232,JOELMA DEC
D4.0016,TO,157.89,444.0,DEC ESCULTURA INFINITO 12232,JOELMA DEC
D4.0016,PA,156.33,446.0,DEC ESCULTURA INFINITO 12232,JOELMA DEC
D4.0016,MT,156.33,446.0,DEC ESCULTURA INFINITO 12232,JOELMA DEC
D4.0017,GO,103.62,294.0,DEC GARRAFA MUNIQUE G 12634,JOELMA DEC
D4.0017,TO,104.66,296.0,DEC GARRAFA MUNIQUE G 12634,JOELMA DEC
D4.0017,PA,103.62,298.0,DEC GARRAFA MUNIQUE G 12634,JOELMA DEC
D4.0017,MT,103.62,298.0,DEC GARRAFA MUNIQUE G 12634,JOELMA DEC
D4.0018,GO,129.13,365.0,DEC CENTRO DE MESA 12642,JOELMA DEC
D4.0018,TO,130.42,367.0,DEC CENTRO DE MESA 12642,JOELMA DEC
D4.0018,PA,129.13,369.0,DEC CENTRO DE MESA 12642,JOELMA DEC
D4.0018,MT,129.13,369.0,DEC CENTRO DE MESA 12642,JOELMA DEC
D4.0019,GO,80.67,229.0,DEC GARRAFA CRISTAL G 12663,JOELMA DEC
D4.0019,TO,81.48,231.0,DEC GARRAFA CRISTAL G 12663,JOELMA DEC
D4.0019,PA,80.67,233.0,DEC GARRAFA CRISTAL G 12663,JOELMA DEC
D4.0019,MT,80.67,233.0,DEC GARRAFA CRISTAL G 12663,JOELMA DEC
D4.0020,GO,69.62,199.0,DEC GARRAFA CRISTAL P 12664,JOELMA DEC
D4.0020,TO,70.32,201.0,DEC GARRAFA CRISTAL P 12664,JOELMA DEC
D4.0020,PA,69.62,203.0,DEC GARRAFA CRISTAL P 12664,JOELMA DEC
D4.0020,MT,69.62,203.0,DEC GARRAFA CRISTAL P 12664,JOELMA DEC
D4.0021,GO,101.07,286.0,DEC VASO CALIFORNIA G 12794,JOELMA DEC
D4.0021,TO,102.09,288.0,DEC VASO CALIFORNIA G 12794,JOELMA DEC
D4.0021,PA,101.07,300.0,DEC VASO CALIFORNIA G 12794,JOELMA DEC
D4.0021,MT,101.07,300.0,DEC VASO CALIFORNIA G 12794,JOELMA DEC
D4.0022,GO,96.82,274.0,DEC VASO CALIFORNIA M 12795,JOELMA DEC
D4.0022,TO,97.79,276.0,DEC VASO CALIFORNIA M 12795,JOELMA DEC
D4.0022,PA,96.82,278.0,DEC VASO CALIFORNIA M 12795,JOELMA DEC
D4.0022,MT,96.82,278.0,DEC VASO CALIFORNIA M 12795,JOELMA DEC
D4.0023,GO,82.37,234.0,DEC  VASO CALIFORNIA P 12796,JOELMA DEC
D4.0023,TO,83.2,236.0,DEC  VASO CALIFORNIA P 12796,JOELMA DEC
D4.0023,PA,82.37,238.0,DEC  VASO CALIFORNIA P 12796,JOELMA DEC
D4.0023,MT,82.37,238.0,DEC  VASO CALIFORNIA P 12796,JOELMA DEC
D4.0024,GO,92.57,263.0,DEC GARRAFA JASMIM G 25181,JOELMA DEC
D4.0024,TO,93.5,265.0,DEC GARRAFA JASMIM G 25181,JOELMA DEC
D4.0024,PA,92.57,267.0,DEC GARRAFA JASMIM G 25181,JOELMA DEC
D4.0024,MT,92.57,267.0,DEC GARRAFA JASMIM G 25181,JOELMA DEC
D4.0025,GO,103.62,293.0,DEC GARRAFA JASMIM M 25182,JOELMA DEC
D4.0025,TO,104.66,295.0,DEC GARRAFA JASMIM M 25182,JOELMA DEC
D4.0025,PA,103.62,297.0,DEC GARRAFA JASMIM M 25182,JOELMA DEC
D4.0025,MT,103.62,297.0,DEC GARRAFA JASMIM M 25182,JOELMA DEC
D4.0026,GO,84.07,239.0,DEC GARRAFA JASMIM P 25183,JOELMA DEC
D4.0026,TO,84.91,241.0,DEC GARRAFA JASMIM P 25183,JOELMA DEC
D4.0026,PA,84.07,243.0,DEC GARRAFA JASMIM P 25183,JOELMA DEC
D4.0026,MT,84.07,243.0,DEC GARRAFA JASMIM P 25183,JOELMA DEC
D4.0027,GO,67.07,191.0,DEC GARRAFA MEL G 25368,JOELMA DEC
D4.0027,TO,67.74,193.0,DEC GARRAFA MEL G 25368,JOELMA DEC
D4.0027,PA,67.07,195.0,DEC GARRAFA MEL G 25368,JOELMA DEC
D4.0027,MT,67.07,195.0,DEC GARRAFA MEL G 25368,JOELMA DEC
D4.0028,GO,62.82,180.0,DEC GARRAFA MEL P 25369,JOELMA DEC
D4.0028,TO,63.45,182.0,DEC GARRAFA MEL P 25369,JOELMA DEC
D4.0028,PA,62.82,184.0,DEC GARRAFA MEL P 25369,JOELMA DEC
D4.0028,MT,62.82,184.0,DEC GARRAFA MEL P 25369,JOELMA DEC
D4.0029,GO,137.63,388.0,DEC VASO CALIFORNIA G 25794,JOELMA DEC
D4.0029,TO,139.0,390.0,DEC VASO CALIFORNIA G 25794,JOELMA DEC
D4.0029,PA,137.63,392.0,DEC VASO CALIFORNIA G 25794,JOELMA DEC
D4.0029,MT,137.63,392.0,DEC VASO CALIFORNIA G 25794,JOELMA DEC
D4.0030,GO,118.08,334.0,DEC VASO CALIFORNIA M 25795,JOELMA DEC
D4.0030,TO,119.26,336.0,DEC VASO CALIFORNIA M 25795,JOELMA DEC
D4.0030,PA,118.08,338.0,DEC VASO CALIFORNIA M 25795,JOELMA DEC
D4.0030,MT,118.08,338.0,DEC VASO CALIFORNIA M 25795,JOELMA DEC
D4.0031,GO,92.57,263.0,DEC VASO CALIFORNIA P 25796,JOELMA DEC
D4.0031,TO,93.5,265.0,DEC VASO CALIFORNIA P 25796,JOELMA DEC
D4.0031,PA,92.57,267.0,DEC VASO CALIFORNIA P 25796,JOELMA DEC
D4.0031,MT,92.57,267.0,DEC VASO CALIFORNIA P 25796,JOELMA DEC
D4.0032,GO,82.37,234.0,DEC GARRAFA BELA G 26036,JOELMA DEC
D4.0032,TO,83.2,236.0,DEC GARRAFA BELA G 26036,JOELMA DEC
D4.0032,PA,82.37,238.0,DEC GARRAFA BELA G 26036,JOELMA DEC
D4.0032,MT,82.37,238.0,DEC GARRAFA BELA G 26036,JOELMA DEC
D4.0033,GO,109.58,310.0,DEC ESCULTURA APAIXONADOS 26044,JOELMA DEC
D4.0033,TO,110.67,312.0,DEC ESCULTURA APAIXONADOS 26044,JOELMA DEC
D4.0033,PA,109.58,314.0,DEC ESCULTURA APAIXONADOS 26044,JOELMA DEC
D4.0033,MT,109.58,314.0,DEC ESCULTURA APAIXONADOS 26044,JOELMA DEC
D4.0034,GO,79.82,227.0,DEC GARRAFA JASMIM G 26181,JOELMA DEC
D4.0034,TO,80.62,229.0,DEC GARRAFA JASMIM G 26181,JOELMA DEC
D4.0034,PA,79.82,231.0,DEC GARRAFA JASMIM G 26181,JOELMA DEC
D4.0034,MT,79.82,231.0,DEC GARRAFA JASMIM G 26181,JOELMA DEC
D4.0035,GO,79.82,227.0,DEC GARRAFA JASMIM M 26182,JOELMA DEC
D4.0035,TO,80.62,229.0,DEC GARRAFA JASMIM M 26182,JOELMA DEC
D4.0035,PA,79.82,231.0,DEC GARRAFA JASMIM M 26182,JOELMA DEC
D4.0035,MT,79.82,231.0,DEC GARRAFA JASMIM M 26182,JOELMA DEC
D4.0036,GO,156.33,440.0,DEC ESCULTURA INFINITO M 26231,JOELMA DEC
D4.0036,TO,157.89,442.0,DEC ESCULTURA INFINITO M 26231,JOELMA DEC
D4.0036,PA,156.33,444.0,DEC ESCULTURA INFINITO M 26231,JOELMA DEC
D4.0036,MT,156.33,444.0,DEC ESCULTURA INFINITO M 26231,JOELMA DEC
D4.0037,GO,156.33,440.0,DEC ESCULTURA INFINITO 26232,JOELMA DEC
D4.0037,TO,157.89,442.0,DEC ESCULTURA INFINITO 26232,JOELMA DEC
D4.0037,PA,156.33,444.0,DEC ESCULTURA INFINITO 26232,JOELMA DEC
D4.0037,MT,156.33,444.0,DEC ESCULTURA INFINITO 26232,JOELMA DEC
D4.0038,GO,92.57,263.0,DEC GARRAFA VAZADA P 26234,JOELMA DEC
D4.0038,TO,93.5,265.0,DEC GARRAFA VAZADA P 26234,JOELMA DEC
D4.0038,PA,92.57,267.0,DEC GARRAFA VAZADA P 26234,JOELMA DEC
D4.0038,MT,92.57,267.0,DEC GARRAFA VAZADA P 26234,JOELMA DEC
D4.0039,GO,79.82,227.0,DEC ANEL G 26485,JOELMA DEC
D4.0039,TO,80.62,229.0,DEC ANEL G 26485,JOELMA DEC
D4.0039,PA,79.82,231.0,DEC ANEL G 26485,JOELMA DEC
D4.0039,MT,79.82,231.0,DEC ANEL G 26485,JOELMA DEC
D4.0040,GO,109.58,310.0,DEC  VASO CALIFORNIA G 26794,JOELMA DEC
D4.0040,TO,110.67,312.0,DEC  VASO CALIFORNIA G 26794,JOELMA DEC
D4.0040,PA,109.58,314.0,DEC  VASO CALIFORNIA G 26794,JOELMA DEC
D4.0040,MT,109.58,314.0,DEC  VASO CALIFORNIA G 26794,JOELMA DEC
D4.0041,GO,96.82,274.0,DEC VASO CALIFORNIA  M 26795,JOELMA DEC
D4.0041,TO,97.79,276.0,DEC VASO CALIFORNIA  M 26795,JOELMA DEC
D4.0041,PA,96.82,278.0,DEC VASO CALIFORNIA  M 26795,JOELMA DEC
D4.0041,MT,96.82,278.0,DEC VASO CALIFORNIA  M 26795,JOELMA DEC
D4.0042,GO,78.12,222.0,DEC VASO CALIFORNIA P 26796,JOELMA DEC
D4.0042,TO,78.9,224.0,DEC VASO CALIFORNIA P 26796,JOELMA DEC
D4.0042,PA,78.12,226.0,DEC VASO CALIFORNIA P 26796,JOELMA DEC
D4.0042,MT,78.12,226.0,DEC VASO CALIFORNIA P 26796,JOELMA DEC
D4.0043,GO,86.62,246.0,DEC GARRAFA  STYLLO G 74463,JOELMA DEC
D4.0043,TO,87.49,248.0,DEC GARRAFA  STYLLO G 74463,JOELMA DEC
D4.0043,PA,86.62,250.0,DEC GARRAFA  STYLLO G 74463,JOELMA DEC
D4.0043,MT,86.62,250.0,DEC GARRAFA  STYLLO G 74463,JOELMA DEC
D4.0044,GO,78.12,222.0,DEC GARRAFA STYLLO M 74464,JOELMA DEC
D4.0044,TO,78.9,224.0,DEC GARRAFA STYLLO M 74464,JOELMA DEC
D4.0044,PA,78.12,226.0,DEC GARRAFA STYLLO M 74464,JOELMA DEC
D4.0044,MT,78.12,226.0,DEC GARRAFA STYLLO M 74464,JOELMA DEC
D4.0045,GO,62.82,180.0,DEC GARRAFA STYLLO P 74465,JOELMA DEC
D4.0045,TO,63.45,182.0,DEC GARRAFA STYLLO P 74465,JOELMA DEC
D4.0045,PA,62.82,184.0,DEC GARRAFA STYLLO P 74465,JOELMA DEC
D4.0045,MT,62.82,184.0,DEC GARRAFA STYLLO P 74465,JOELMA DEC
D4.0046,GO,129.13,365.0,DEC VASO CALIFORNIA G 74794,JOELMA DEC
D4.0046,TO,130.42,367.0,DEC VASO CALIFORNIA G 74794,JOELMA DEC
D4.0046,PA,129.13,369.0,DEC VASO CALIFORNIA G 74794,JOELMA DEC
D4.0046,MT,129.13,369.0,DEC VASO CALIFORNIA G 74794,JOELMA DEC
D4.0047,GO,109.58,310.0,DEC VASO CALIFORNIA M 74795,JOELMA DEC
D4.0047,TO,110.67,312.0,DEC VASO CALIFORNIA M 74795,JOELMA DEC
D4.0047,PA,109.58,314.0,DEC VASO CALIFORNIA M 74795,JOELMA DEC
D4.0047,MT,109.58,314.0,DEC VASO CALIFORNIA M 74795,JOELMA DEC
D4.0048,GO,86.62,246.0,DEC VASO CALIFORNIA P 74796,JOELMA DEC
D4.0048,TO,87.49,248.0,DEC VASO CALIFORNIA P 74796,JOELMA DEC
D4.0048,PA,86.62,250.0,DEC VASO CALIFORNIA P 74796,JOELMA DEC
D4.0048,MT,86.62,250.0,DEC VASO CALIFORNIA P 74796,JOELMA DEC
D4.0049,GO,156.33,440.0,DEC ESCULTURA INFINITO M 81231,JOELMA DEC
D4.0049,TO,157.89,442.0,DEC ESCULTURA INFINITO M 81231,JOELMA DEC
D4.0049,PA,156.33,444.0,DEC ESCULTURA INFINITO M 81231,JOELMA DEC
D4.0049,MT,156.33,444.0,DEC ESCULTURA INFINITO M 81231,JOELMA DEC
D4.0050,GO,109.58,310.0,DEC GARRAFA VAZADA G 81233,JOELMA DEC
D4.0050,TO,110.67,312.0,DEC GARRAFA VAZADA G 81233,JOELMA DEC
D4.0050,PA,109.58,314.0,DEC GARRAFA VAZADA G 81233,JOELMA DEC
D4.0050,MT,109.58,314.0,DEC GARRAFA VAZADA G 81233,JOELMA DEC
D4.0051,GO,109.58,310.0,DEC VASO CALIFORNIA G 81794,JOELMA DEC
D4.0051,TO,110.67,312.0,DEC VASO CALIFORNIA G 81794,JOELMA DEC
D4.0051,PA,109.58,314.0,DEC VASO CALIFORNIA G 81794,JOELMA DEC
D4.0051,MT,109.58,314.0,DEC VASO CALIFORNIA G 81794,JOELMA DEC
D4.0052,GO,96.82,274.0,DEC VASO CALIFORNIA M 81795,JOELMA DEC
D4.0052,TO,97.79,276.0,DEC VASO CALIFORNIA M 81795,JOELMA DEC
D4.0052,PA,96.82,278.0,DEC VASO CALIFORNIA M 81795,JOELMA DEC
D4.0052,MT,96.82,278.0,DEC VASO CALIFORNIA M 81795,JOELMA DEC
D4.0053,GO,78.12,222.0,DEC VASO CALIFORNIA P 81796,JOELMA DEC
D4.0053,TO,78.9,224.0,DEC VASO CALIFORNIA P 81796,JOELMA DEC
D4.0053,PA,78.12,226.0,DEC VASO CALIFORNIA P 81796,JOELMA DEC
D4.0053,MT,78.12,226.0,DEC VASO CALIFORNIA P 81796,JOELMA DEC
D4.0054,GO,71.32,203.0,DEC GARRAFA  BELA P 97037,JOELMA DEC
D4.0054,TO,72.04,205.0,DEC GARRAFA  BELA P 97037,JOELMA DEC
D4.0054,PA,71.32,207.0,DEC GARRAFA  BELA P 97037,JOELMA DEC
D4.0054,MT,71.32,207.0,DEC GARRAFA  BELA P 97037,JOELMA DEC
D4.0055,GO,67.07,191.0,DEC GARRAFA JASMIM P 97183,JOELMA DEC
D4.0055,TO,67.74,193.0,DEC GARRAFA JASMIM P 97183,JOELMA DEC
D4.0055,PA,67.07,195.0,DEC GARRAFA JASMIM P 97183,JOELMA DEC
D4.0055,MT,67.07,195.0,DEC GARRAFA JASMIM P 97183,JOELMA DEC
D4.0056,GO,66.67,190.0,DEC ANEL P 97486,JOELMA DEC
D4.0056,TO,67.34,192.0,DEC ANEL P 97486,JOELMA DEC
D4.0056,PA,66.67,194.0,DEC ANEL P 97486,JOELMA DEC
D4.0056,MT,66.67,194.0,DEC ANEL P 97486,JOELMA DEC
D4.0057,GO,96.82,274.0,DEC VASO CALIFORNIA M 97795,JOELMA DEC
D4.0057,TO,97.79,276.0,DEC VASO CALIFORNIA M 97795,JOELMA DEC
D4.0057,PA,96.82,278.0,DEC VASO CALIFORNIA M 97795,JOELMA DEC
D4.0057,MT,96.82,278.0,DEC VASO CALIFORNIA M 97795,JOELMA DEC
J10.0107,GO,432.37,1100.0,JOGO PRATO BANKSIA 35 PCS PASSARO AZUL,PORTO BRASIL
J10.0107,TO,436.69,1100.0,JOGO PRATO BANKSIA 35 PCS PASSARO AZUL,PORTO BRASIL
J10.0107,PA,432.37,1100.0,JOGO PRATO BANKSIA 35 PCS PASSARO AZUL,PORTO BRASIL
J10.0107,MT,432.37,1100.0,JOGO PRATO BANKSIA 35 PCS PASSARO AZUL,PORTO BRASIL
T20.0212,GO,7.75,24.0,TAPETE COZINHA DONATELO 045X065,NIAZITEX
T20.0212,TO,7.83,26.0,TAPETE COZINHA DONATELO 045X065,NIAZITEX
T20.0212,PA,7.75,28.0,TAPETE COZINHA DONATELO 045X065,NIAZITEX
T20.0212,MT,7.75,28.0,TAPETE COZINHA DONATELO 045X065,NIAZITEX
C3.0504,GO,11.39,33.0,CAPACHO PORTA NAZCA,NIAZITEX
C3.0504,TO,11.5,21.0,CAPACHO PORTA NAZCA,NIAZITEX
C3.0504,PA,11.39,21.0,CAPACHO PORTA NAZCA,NIAZITEX
C3.0504,MT,11.39,21.0,CAPACHO PORTA NAZCA,NIAZITEX
E5.0023,GO,164.05,459.0,EDREDOM CAPETOWN QUEEN 220X240,NIAZITEX
E5.0023,TO,165.69,461.0,EDREDOM CAPETOWN QUEEN 220X240,NIAZITEX
E5.0023,PA,164.05,463.0,EDREDOM CAPETOWN QUEEN 220X240,NIAZITEX
E5.0023,MT,164.05,463.0,EDREDOM CAPETOWN QUEEN 220X240,NIAZITEX
E5.0024,GO,114.14,320.0,EDREDOM CAPETOWN SOLTEIRO 150X220,NIAZITEX
E5.0024,TO,115.28,322.0,EDREDOM CAPETOWN SOLTEIRO 150X220,NIAZITEX
E5.0024,PA,114.14,324.0,EDREDOM CAPETOWN SOLTEIRO 150X220,NIAZITEX
E5.0024,MT,114.14,324.0,EDREDOM CAPETOWN SOLTEIRO 150X220,NIAZITEX
T20.0211,GO,25.16,72.0,TAPETE KILIM ANTEP 060X090,NIAZITEX
T20.0211,TO,25.41,41.0,TAPETE KILIM ANTEP 060X090,NIAZITEX
T20.0211,PA,25.16,74.0,TAPETE KILIM ANTEP 060X090,NIAZITEX
T20.0211,MT,25.16,74.0,TAPETE KILIM ANTEP 060X090,NIAZITEX
G7.0058,GO,13.8,13.0,GARRAFA COLLORS 1L 9008 9010 9005 9020,LUI ELETRONICOS
G7.0058,TO,13.93,13.0,GARRAFA COLLORS 1L 9008 9010 9005 9020,LUI ELETRONICOS
G7.0058,PA,13.8,13.0,GARRAFA COLLORS 1L 9008 9010 9005 9020,LUI ELETRONICOS
G7.0058,MT,13.8,13.0,GARRAFA COLLORS 1L 9008 9010 9005 9020,LUI ELETRONICOS
G7.0059,GO,13.78,22.0,GARRAFA COLLORS 1L QUADRADA 9036,LUI ELETRONICOS
G7.0059,TO,13.92,22.0,GARRAFA COLLORS 1L QUADRADA 9036,LUI ELETRONICOS
G7.0059,PA,13.78,22.0,GARRAFA COLLORS 1L QUADRADA 9036,LUI ELETRONICOS
G7.0059,MT,13.78,22.0,GARRAFA COLLORS 1L QUADRADA 9036,LUI ELETRONICOS
T20.0208,GO,70.16,175.0,TENDA INFANTIL P,SHOCK IMPORT
T20.0208,TO,70.86,177.0,TENDA INFANTIL P,SHOCK IMPORT
T20.0208,PA,73.45,179.0,TENDA INFANTIL P,SHOCK IMPORT
T20.0208,MT,70.16,179.0,TENDA INFANTIL P,SHOCK IMPORT
T20.0209,GO,104.36,290.0,TENDA INFANTIL M,SHOCK IMPORT
T20.0209,TO,105.41,292.0,TENDA INFANTIL M,SHOCK IMPORT
T20.0209,PA,109.59,294.0,TENDA INFANTIL M,SHOCK IMPORT
T20.0209,MT,104.36,294.0,TENDA INFANTIL M,SHOCK IMPORT
T20.0210,GO,140.37,389.0,TENDA INFANTIL G,SHOCK IMPORT
T20.0210,TO,141.78,391.0,TENDA INFANTIL G,SHOCK IMPORT
T20.0210,PA,140.37,393.0,TENDA INFANTIL G,SHOCK IMPORT
T20.0210,MT,140.37,393.0,TENDA INFANTIL G,SHOCK IMPORT
F6.0059,GO,49.64,148.0,FAQUEIRO ATENAS,AD FAROLETO
F6.0059,TO,50.4,152.0,FAQUEIRO ATENAS,AD FAROLETO
F6.0059,PA,51.15,154.0,FAQUEIRO ATENAS,AD FAROLETO
F6.0059,MT,49.64,154.0,FAQUEIRO ATENAS,AD FAROLETO
G7.0060,GO,18.84,48.0,GARRAFA 750ML 9023,LUI ELETRONICOS
G7.0060,TO,19.03,49.0,GARRAFA 750ML 9023,LUI ELETRONICOS
G7.0060,PA,18.84,50.0,GARRAFA 750ML 9023,LUI ELETRONICOS
G7.0060,MT,18.84,50.0,GARRAFA 750ML 9023,LUI ELETRONICOS
G7.0061,GO,18.84,48.0,GARRAFA DOIS CANUDOS 750ML 9024,LUI ELETRONICOS
G7.0061,TO,19.03,49.0,GARRAFA DOIS CANUDOS 750ML 9024,LUI ELETRONICOS
G7.0061,PA,18.84,50.0,GARRAFA DOIS CANUDOS 750ML 9024,LUI ELETRONICOS
G7.0061,MT,18.84,50.0,GARRAFA DOIS CANUDOS 750ML 9024,LUI ELETRONICOS
G7.0062,GO,20.88,55.0,GARRAFA VACUUM CUP 500ML 9031,LUI ELETRONICOS
G7.0062,TO,21.09,56.0,GARRAFA VACUUM CUP 500ML 9031,LUI ELETRONICOS
G7.0062,PA,20.88,57.0,GARRAFA VACUUM CUP 500ML 9031,LUI ELETRONICOS
G7.0062,MT,20.88,57.0,GARRAFA VACUUM CUP 500ML 9031,LUI ELETRONICOS
G7.0063,GO,18.84,48.0,GARRAFA INFANTIL 600ML 9028,LUI ELETRONICOS
G7.0063,TO,19.03,49.0,GARRAFA INFANTIL 600ML 9028,LUI ELETRONICOS
G7.0063,PA,18.84,50.0,GARRAFA INFANTIL 600ML 9028,LUI ELETRONICOS
G7.0063,MT,18.84,50.0,GARRAFA INFANTIL 600ML 9028,LUI ELETRONICOS
G7.0064,GO,18.86,48.0,GARRAFA GALAO 1LT 9026,LUI ELETRONICOS
G7.0064,TO,19.05,49.0,GARRAFA GALAO 1LT 9026,LUI ELETRONICOS
G7.0064,PA,18.86,22.0,GARRAFA GALAO 1LT 9026,LUI ELETRONICOS
G7.0064,MT,18.86,22.0,GARRAFA GALAO 1LT 9026,LUI ELETRONICOS
F6.0060,GO,3.84,13.0,FORMA DE SILICONE P AIR FRYER 19.5 REDONDA CAERUS 1828,MOHNISH
F6.0060,TO,3.88,14.0,FORMA DE SILICONE P AIR FRYER 19.5 REDONDA CAERUS 1828,MOHNISH
F6.0060,PA,3.84,15.0,FORMA DE SILICONE P AIR FRYER 19.5 REDONDA CAERUS 1828,MOHNISH
F6.0060,MT,3.84,15.0,FORMA DE SILICONE P AIR FRYER 19.5 REDONDA CAERUS 1828,MOHNISH
D4.0058,GO,2.09,6.0,DESCANSO DE PANELA 17X17CM CAERUS 1485,0
D4.0058,TO,2.11,7.0,DESCANSO DE PANELA 17X17CM CAERUS 1485,0
D4.0058,PA,2.09,8.0,DESCANSO DE PANELA 17X17CM CAERUS 1485,0
D4.0058,MT,2.09,8.0,DESCANSO DE PANELA 17X17CM CAERUS 1485,0
F6.0061,GO,3.84,12.0,FORMA DE SILICONE P AIR FRYER 18.5 QUADRADA CAERUS 1830,MOHNISH
F6.0061,TO,3.88,13.0,FORMA DE SILICONE P AIR FRYER 18.5 QUADRADA CAERUS 1830,MOHNISH
F6.0061,PA,3.84,14.0,FORMA DE SILICONE P AIR FRYER 18.5 QUADRADA CAERUS 1830,MOHNISH
F6.0061,MT,3.84,14.0,FORMA DE SILICONE P AIR FRYER 18.5 QUADRADA CAERUS 1830,MOHNISH
K11.0132,GO,17.65,50.0,KIT UTENSILIOS 5PCS CAERUS 1488,MOHNISH
K11.0132,TO,17.82,51.0,KIT UTENSILIOS 5PCS CAERUS 1488,MOHNISH
K11.0132,PA,17.65,52.0,KIT UTENSILIOS 5PCS CAERUS 1488,MOHNISH
K11.0132,MT,17.65,52.0,KIT UTENSILIOS 5PCS CAERUS 1488,MOHNISH
C3.0516,GO,12.24,40.0,CONJUNTO DE AFIADOR TESOURA E DESCASCADOR 3PCS CAERUS 1906,MOHNISH
C3.0516,TO,12.37,51.0,CONJUNTO DE AFIADOR TESOURA E DESCASCADOR 3PCS CAERUS 1906,MOHNISH
C3.0516,PA,12.24,52.0,CONJUNTO DE AFIADOR TESOURA E DESCASCADOR 3PCS CAERUS 1906,MOHNISH
C3.0516,MT,12.24,52.0,CONJUNTO DE AFIADOR TESOURA E DESCASCADOR 3PCS CAERUS 1906,MOHNISH
F6.0062,GO,7.36,21.0,FORMA DE SILICONE P AIR FRYER 22X7.5 REDONDA CAERUS 1801,MOHNISH
F6.0062,TO,7.43,22.0,FORMA DE SILICONE P AIR FRYER 22X7.5 REDONDA CAERUS 1801,MOHNISH
F6.0062,PA,7.36,23.0,FORMA DE SILICONE P AIR FRYER 22X7.5 REDONDA CAERUS 1801,MOHNISH
F6.0062,MT,7.36,23.0,FORMA DE SILICONE P AIR FRYER 22X7.5 REDONDA CAERUS 1801,MOHNISH
F6.0063,GO,4.3,12.0,FORMA DE SILICONE P AIR FRYER 16X5.5 REDONDA CAERUS 1798,MOHNISH
F6.0063,TO,4.34,13.0,FORMA DE SILICONE P AIR FRYER 16X5.5 REDONDA CAERUS 1798,MOHNISH
F6.0063,PA,4.3,14.0,FORMA DE SILICONE P AIR FRYER 16X5.5 REDONDA CAERUS 1798,MOHNISH
F6.0063,MT,4.3,14.0,FORMA DE SILICONE P AIR FRYER 16X5.5 REDONDA CAERUS 1798,MOHNISH
F6.0064,GO,2.0,15.0,FACA MULTIUSO ACO INOX CAERUS 1503,MOHNISH
F6.0064,TO,2.02,16.0,FACA MULTIUSO ACO INOX CAERUS 1503,MOHNISH
F6.0064,PA,2.0,17.0,FACA MULTIUSO ACO INOX CAERUS 1503,MOHNISH
F6.0064,MT,2.0,17.0,FACA MULTIUSO ACO INOX CAERUS 1503,MOHNISH
L12.0104,GO,41.08,103.0,LENCOL QUEEN MALHA ESTAMPADO,ADRILAR
L12.0104,TO,41.49,113.0,LENCOL QUEEN MALHA ESTAMPADO,ADRILAR
L12.0104,PA,41.08,115.0,LENCOL QUEEN MALHA ESTAMPADO,ADRILAR
L12.0104,MT,41.08,115.0,LENCOL QUEEN MALHA ESTAMPADO,ADRILAR
P16.0150,GO,35.51,104.0,PORTA JOIA 19.5X15X12CM,JOELMA DEC
P16.0150,TO,35.86,106.0,PORTA JOIA 19.5X15X12CM,JOELMA DEC
P16.0150,PA,35.51,108.0,PORTA JOIA 19.5X15X12CM,JOELMA DEC
P16.0150,MT,35.51,108.0,PORTA JOIA 19.5X15X12CM,JOELMA DEC
P16.0151,GO,31.49,93.0,PORTA JOIA 19X15.5X12CM,JOELMA DEC
P16.0151,TO,31.81,95.0,PORTA JOIA 19X15.5X12CM,JOELMA DEC
P16.0151,PA,31.49,97.0,PORTA JOIA 19X15.5X12CM,JOELMA DEC
P16.0151,MT,31.49,97.0,PORTA JOIA 19X15.5X12CM,JOELMA DEC
D4.0059,GO,164.5,490.0,DEC VASO ELEFANTE,JOELMA DEC
D4.0059,TO,166.14,492.0,DEC VASO ELEFANTE,JOELMA DEC
D4.0059,PA,164.5,494.0,DEC VASO ELEFANTE,JOELMA DEC
D4.0059,MT,164.5,494.0,DEC VASO ELEFANTE,JOELMA DEC
J10.0109,GO,322.96,870.0,JOGO PRATO BANKSIA 25PCS PASSARO AZUL,PORTO BRASIL
J10.0109,TO,326.19,872.0,JOGO PRATO BANKSIA 25PCS PASSARO AZUL,PORTO BRASIL
J10.0109,PA,322.96,874.0,JOGO PRATO BANKSIA 25PCS PASSARO AZUL,PORTO BRASIL
J10.0109,MT,322.96,874.0,JOGO PRATO BANKSIA 25PCS PASSARO AZUL,PORTO BRASIL
K11.0133,GO,36.05,104.0,KIT FACAS 6PCS 4 FACAS 1 DESCASCADOR DE LEGUMES E 1 TESOURA,AMIGOLD
K11.0133,TO,36.14,102.0,KIT FACAS 6PCS 4 FACAS 1 DESCASCADOR DE LEGUMES E 1 TESOURA,AMIGOLD
K11.0133,PA,35.78,104.0,KIT FACAS 6PCS 4 FACAS 1 DESCASCADOR DE LEGUMES E 1 TESOURA,AMIGOLD
K11.0133,MT,35.78,104.0,KIT FACAS 6PCS 4 FACAS 1 DESCASCADOR DE LEGUMES E 1 TESOURA,AMIGOLD
C3.0510,GO,82.07,230.0,CORTINA ASTRID BLACKOUT TOTAL 270X180,TOQUE IDEAL
C3.0510,TO,82.89,232.0,CORTINA ASTRID BLACKOUT TOTAL 270X180,TOQUE IDEAL
C3.0510,PA,82.07,234.0,CORTINA ASTRID BLACKOUT TOTAL 270X180,TOQUE IDEAL
C3.0510,MT,82.07,234.0,CORTINA ASTRID BLACKOUT TOTAL 270X180,TOQUE IDEAL
C3.0511,GO,102.85,287.0,CORTINA ASTRID BLACKOUT TOTAL 280X250,TOQUE IDEAL
C3.0511,TO,103.87,289.0,CORTINA ASTRID BLACKOUT TOTAL 280X250,TOQUE IDEAL
C3.0511,PA,102.85,291.0,CORTINA ASTRID BLACKOUT TOTAL 280X250,TOQUE IDEAL
C3.0511,MT,102.85,291.0,CORTINA ASTRID BLACKOUT TOTAL 280X250,TOQUE IDEAL
M13.0067,GO,10.64,29.0,MARTELO DE BIFE,DENISE ALUMINIOS ALUMINIOS
M13.0067,TO,10.75,30.0,MARTELO DE BIFE,DENISE ALUMINIOS ALUMINIOS
M13.0067,PA,10.64,30.0,MARTELO DE BIFE,DENISE ALUMINIOS ALUMINIOS
M13.0067,MT,10.64,30.0,MARTELO DE BIFE,DENISE ALUMINIOS ALUMINIOS
T20.0214,GO,53.45,82.0,TACHO ESMALTADO N14,DENISE ALUMINIOS ALUMINIOS
T20.0214,TO,53.98,82.0,TACHO ESMALTADO N14,DENISE ALUMINIOS ALUMINIOS
T20.0214,PA,56.72,82.0,TACHO ESMALTADO N14,DENISE ALUMINIOS ALUMINIOS
T20.0214,MT,53.45,82.0,TACHO ESMALTADO N14,DENISE ALUMINIOS ALUMINIOS
G7.0065,GO,70.89,196.0,GAMELA N2,DENISE ALUMINIOS ALUMINIOS
G7.0065,TO,72.15,198.0,GAMELA N2,DENISE ALUMINIOS ALUMINIOS
G7.0065,PA,72.56,200.0,GAMELA N2,DENISE ALUMINIOS ALUMINIOS
G7.0065,MT,70.89,200.0,GAMELA N2,DENISE ALUMINIOS ALUMINIOS
G7.0066,GO,93.77,259.0,GAMELA N3,DENISE ALUMINIOS ALUMINIOS
G7.0066,TO,95.17,261.0,GAMELA N3,DENISE ALUMINIOS ALUMINIOS
G7.0066,PA,95.44,263.0,GAMELA N3,DENISE ALUMINIOS ALUMINIOS
G7.0066,MT,93.77,263.0,GAMELA N3,DENISE ALUMINIOS ALUMINIOS
C3.0519,GO,4.83,15.0,COPO DE ALUMINIO,DENISE ALUMINIOS ALUMINIOS
C3.0519,TO,4.31,16.0,COPO DE ALUMINIO,DENISE ALUMINIOS ALUMINIOS
C3.0519,PA,5.24,15.0,COPO DE ALUMINIO,DENISE ALUMINIOS ALUMINIOS
C3.0519,MT,4.27,15.0,COPO DE ALUMINIO,DENISE ALUMINIOS ALUMINIOS
C3.0518,GO,119.69,335.0,CONJUNTO ELITE 5PCS AA,PATO ALUMINIO
C3.0518,TO,120.89,337.0,CONJUNTO ELITE 5PCS AA,PATO ALUMINIO
C3.0518,PA,119.69,339.0,CONJUNTO ELITE 5PCS AA,PATO ALUMINIO
C3.0518,MT,119.69,339.0,CONJUNTO ELITE 5PCS AA,PATO ALUMINIO
R18.0018,GO,49.92,75.0,ROUPAO ADULTO,LEPPER
R18.0018,TO,50.42,75.0,ROUPAO ADULTO,LEPPER
R18.0018,PA,49.92,75.0,ROUPAO ADULTO,LEPPER
R18.0018,MT,49.92,75.0,ROUPAO ADULTO,LEPPER
R18.0019,GO,42.08,63.0,ROUPAO KIDS,LEPPER
R18.0019,TO,42.5,63.0,ROUPAO KIDS,LEPPER
R18.0019,PA,42.08,63.0,ROUPAO KIDS,LEPPER
R18.0019,MT,42.08,63.0,ROUPAO KIDS,LEPPER
C3.0517,GO,66.2,185.0,COLCHA RUSTICA ALGODAO CASAL 240X210,JOLITEX
C3.0517,TO,66.86,187.0,COLCHA RUSTICA ALGODAO CASAL 240X210,JOLITEX
C3.0517,PA,66.2,189.0,COLCHA RUSTICA ALGODAO CASAL 240X210,JOLITEX
C3.0517,MT,66.2,189.0,COLCHA RUSTICA ALGODAO CASAL 240X210,JOLITEX
X23.0005,GO,61.23,172.0,XICARAS DE CHA C PIRES 190ML 12PC,BRILHO DIAMAMTE
X23.0005,TO,61.84,174.0,XICARAS DE CHA C PIRES 190ML 12PC,BRILHO DIAMAMTE
X23.0005,PA,58.74,176.0,XICARAS DE CHA C PIRES 190ML 12PC,BRILHO DIAMAMTE
X23.0005,MT,61.23,176.0,XICARAS DE CHA C PIRES 190ML 12PC,BRILHO DIAMAMTE
T20.0215,GO,6.04,17.0,TOALHA DE ROSTO ALICE,ENGOTEX
T20.0215,TO,6.1,18.0,TOALHA DE ROSTO ALICE,ENGOTEX
T20.0215,PA,6.04,19.0,TOALHA DE ROSTO ALICE,ENGOTEX
T20.0215,MT,6.04,19.0,TOALHA DE ROSTO ALICE,ENGOTEX
P16.0152,GO,24.81,40.0,PET KIT GUISO 3PC,INGA IMPORT
P16.0152,TO,25.06,41.0,PET KIT GUISO 3PC,INGA IMPORT
P16.0152,PA,24.81,42.0,PET KIT GUISO 3PC,INGA IMPORT
P16.0152,MT,24.81,42.0,PET KIT GUISO 3PC,INGA IMPORT
P16.0153,GO,17.06,28.0,PET KIT BANHO 2PC,INGA IMPORT
P16.0153,TO,17.23,29.0,PET KIT BANHO 2PC,INGA IMPORT
P16.0153,PA,17.06,30.0,PET KIT BANHO 2PC,INGA IMPORT
P16.0153,MT,17.06,30.0,PET KIT BANHO 2PC,INGA IMPORT
P16.0154,GO,12.8,21.0,PET KIT REFEICAO 3PC,INGA IMPORT
P16.0154,TO,12.93,22.0,PET KIT REFEICAO 3PC,INGA IMPORT
P16.0154,PA,12.8,23.0,PET KIT REFEICAO 3PC,INGA IMPORT
P16.0154,MT,12.8,23.0,PET KIT REFEICAO 3PC,INGA IMPORT
P16.0155,GO,14.73,24.0,PET KIT MASSAGEADOR 3PC,INGA IMPORT
P16.0155,TO,14.88,25.0,PET KIT MASSAGEADOR 3PC,INGA IMPORT
P16.0155,PA,14.73,26.0,PET KIT MASSAGEADOR 3PC,INGA IMPORT
P16.0155,MT,14.73,26.0,PET KIT MASSAGEADOR 3PC,INGA IMPORT
P16.0156,GO,29.1,47.0,PET KIT DIVERTIDO 3PC,INGA IMPORT
P16.0156,TO,29.39,47.0,PET KIT DIVERTIDO 3PC,INGA IMPORT
P16.0156,PA,29.1,48.0,PET KIT DIVERTIDO 3PC,INGA IMPORT
P16.0156,MT,29.1,48.0,PET KIT DIVERTIDO 3PC,INGA IMPORT
P16.0157,GO,0.0,,PET KIT DE CANTO 2PC,INGA IMPORT
P16.0157,TO,0.0,,PET KIT DE CANTO 2PC,INGA IMPORT
P16.0157,PA,0.0,,PET KIT DE CANTO 2PC,INGA IMPORT
P16.0157,MT,0.0,,PET KIT DE CANTO 2PC,INGA IMPORT
P16.0158,GO,12.02,20.0,PET KIT HIGIENE BUCAL,INGA IMPORT
P16.0158,TO,12.14,21.0,PET KIT HIGIENE BUCAL,INGA IMPORT
P16.0158,PA,12.02,22.0,PET KIT HIGIENE BUCAL,INGA IMPORT
P16.0158,MT,12.02,22.0,PET KIT HIGIENE BUCAL,INGA IMPORT
P16.0159,GO,12.08,20.0,PET KIT REMOVEDOR DE PELOS 2PC,INGA IMPORT
P16.0159,TO,12.2,21.0,PET KIT REMOVEDOR DE PELOS 2PC,INGA IMPORT
P16.0159,PA,12.08,23.0,PET KIT REMOVEDOR DE PELOS 2PC,INGA IMPORT
P16.0159,MT,12.08,23.0,PET KIT REMOVEDOR DE PELOS 2PC,INGA IMPORT
P16.0160,GO,0.0,,PET KIT DISCO  4PC,INGA IMPORT
P16.0160,TO,0.0,,PET KIT DISCO  4PC,INGA IMPORT
P16.0160,PA,0.0,,PET KIT DISCO  4PC,INGA IMPORT
P16.0160,MT,0.0,,PET KIT DISCO  4PC,INGA IMPORT
P16.0161,GO,0.0,,PET KIT GATO 3PC,INGA IMPORT
P16.0161,TO,0.0,,PET KIT GATO 3PC,INGA IMPORT
P16.0161,PA,0.0,,PET KIT GATO 3PC,INGA IMPORT
P16.0161,MT,0.0,,PET KIT GATO 3PC,INGA IMPORT
P16.0162,GO,39.63,64.0,PET KIT INTERATIVO 3PC,INGA IMPORT
P16.0162,TO,40.03,65.0,PET KIT INTERATIVO 3PC,INGA IMPORT
P16.0162,PA,39.63,66.0,PET KIT INTERATIVO 3PC,INGA IMPORT
P16.0162,MT,39.63,66.0,PET KIT INTERATIVO 3PC,INGA IMPORT
P16.0163,GO,15.56,25.0,PET KIT PETISQUEIRA 2PC,INGA IMPORT
P16.0163,TO,15.72,26.0,PET KIT PETISQUEIRA 2PC,INGA IMPORT
P16.0163,PA,15.56,27.0,PET KIT PETISQUEIRA 2PC,INGA IMPORT
P16.0163,MT,15.56,27.0,PET KIT PETISQUEIRA 2PC,INGA IMPORT
P16.0164,GO,43.57,70.0,PET KIT BRINQUEDOS SONORO 3PC,INGA IMPORT
P16.0164,TO,44.01,71.0,PET KIT BRINQUEDOS SONORO 3PC,INGA IMPORT
P16.0164,PA,43.57,72.0,PET KIT BRINQUEDOS SONORO 3PC,INGA IMPORT
P16.0164,MT,43.57,72.0,PET KIT BRINQUEDOS SONORO 3PC,INGA IMPORT
P16.0165,GO,26.97,44.0,PET KIT LIMPEZA 3PC,INGA IMPORT
P16.0165,TO,27.24,45.0,PET KIT LIMPEZA 3PC,INGA IMPORT
P16.0165,PA,26.97,46.0,PET KIT LIMPEZA 3PC,INGA IMPORT
P16.0165,MT,26.97,46.0,PET KIT LIMPEZA 3PC,INGA IMPORT
P16.0166,GO,42.02,67.0,PET KIT EDUCADOR SANITARIO 4PC,INGA IMPORT
P16.0166,TO,42.44,68.0,PET KIT EDUCADOR SANITARIO 4PC,INGA IMPORT
P16.0166,PA,42.02,69.0,PET KIT EDUCADOR SANITARIO 4PC,INGA IMPORT
P16.0166,MT,42.02,69.0,PET KIT EDUCADOR SANITARIO 4PC,INGA IMPORT
P16.0167,GO,16.84,27.0,PET KIT EDUCADOR SANITARIO 2PC,INGA IMPORT
P16.0167,TO,17.0,28.0,PET KIT EDUCADOR SANITARIO 2PC,INGA IMPORT
P16.0167,PA,16.84,29.0,PET KIT EDUCADOR SANITARIO 2PC,INGA IMPORT
P16.0167,MT,16.84,29.0,PET KIT EDUCADOR SANITARIO 2PC,INGA IMPORT
P16.0168,GO,35.3,57.0,PET KIT INTERATIVO PASSEIO 3PC,INGA IMPORT
P16.0168,TO,35.65,58.0,PET KIT INTERATIVO PASSEIO 3PC,INGA IMPORT
P16.0168,PA,35.3,59.0,PET KIT INTERATIVO PASSEIO 3PC,INGA IMPORT
P16.0168,MT,35.3,59.0,PET KIT INTERATIVO PASSEIO 3PC,INGA IMPORT
P16.0169,GO,20.67,33.0,PET KIT BOLA 3PC,INGA IMPORT
P16.0169,TO,20.88,34.0,PET KIT BOLA 3PC,INGA IMPORT
P16.0169,PA,20.67,35.0,PET KIT BOLA 3PC,INGA IMPORT
P16.0169,MT,20.67,35.0,PET KIT BOLA 3PC,INGA IMPORT
P16.0170,GO,24.58,40.0,PET KIT TAPETE LAVAVEL 3PC,INGA IMPORT
P16.0170,TO,24.83,41.0,PET KIT TAPETE LAVAVEL 3PC,INGA IMPORT
P16.0170,PA,24.58,42.0,PET KIT TAPETE LAVAVEL 3PC,INGA IMPORT
P16.0170,MT,24.58,42.0,PET KIT TAPETE LAVAVEL 3PC,INGA IMPORT
P16.0171,GO,63.49,102.0,PET KIT STOP PAD 3PC,INGA IMPORT
P16.0171,TO,64.13,104.0,PET KIT STOP PAD 3PC,INGA IMPORT
P16.0171,PA,63.49,106.0,PET KIT STOP PAD 3PC,INGA IMPORT
P16.0171,MT,63.49,106.0,PET KIT STOP PAD 3PC,INGA IMPORT
P16.0172,GO,33.92,54.0,PET KIT BANHO SECO 3PC,INGA IMPORT
P16.0172,TO,34.26,55.0,PET KIT BANHO SECO 3PC,INGA IMPORT
P16.0172,PA,33.92,56.0,PET KIT BANHO SECO 3PC,INGA IMPORT
P16.0172,MT,33.92,56.0,PET KIT BANHO SECO 3PC,INGA IMPORT
P16.0173,GO,35.0,56.0,PET KIT EDUCATIVO SANITARIO 3PC,INGA IMPORT
P16.0173,TO,35.35,57.0,PET KIT EDUCATIVO SANITARIO 3PC,INGA IMPORT
P16.0173,PA,35.0,58.0,PET KIT EDUCATIVO SANITARIO 3PC,INGA IMPORT
P16.0173,MT,35.0,58.0,PET KIT EDUCATIVO SANITARIO 3PC,INGA IMPORT
P16.0174,GO,0.0,,PET KIT LIMPEZA POP CLEAN 3PC,INGA IMPORT
P16.0174,TO,0.0,,PET KIT LIMPEZA POP CLEAN 3PC,INGA IMPORT
P16.0174,PA,0.0,,PET KIT LIMPEZA POP CLEAN 3PC,INGA IMPORT
P16.0174,MT,0.0,,PET KIT LIMPEZA POP CLEAN 3PC,INGA IMPORT
P16.0175,GO,33.79,54.0,PET KIT EDUCADOR 4PC,INGA IMPORT
P16.0175,TO,34.13,55.0,PET KIT EDUCADOR 4PC,INGA IMPORT
P16.0175,PA,33.79,56.0,PET KIT EDUCADOR 4PC,INGA IMPORT
P16.0175,MT,33.79,56.0,PET KIT EDUCADOR 4PC,INGA IMPORT
P16.0176,GO,0.0,,PET KIT PASSEIO 3PC,INGA IMPORT
P16.0176,TO,0.0,,PET KIT PASSEIO 3PC,INGA IMPORT
P16.0176,PA,0.0,,PET KIT PASSEIO 3PC,INGA IMPORT
P16.0176,MT,0.0,,PET KIT PASSEIO 3PC,INGA IMPORT
P16.0177,GO,47.12,75.0,PET KIT BRINQUEDOS 4PC,INGA IMPORT
P16.0177,TO,47.59,76.0,PET KIT BRINQUEDOS 4PC,INGA IMPORT
P16.0177,PA,47.12,77.0,PET KIT BRINQUEDOS 4PC,INGA IMPORT
P16.0177,MT,47.12,77.0,PET KIT BRINQUEDOS 4PC,INGA IMPORT
P16.0178,GO,0.0,,PET KIT GATO COMEDOURO 3PC,INGA IMPORT
P16.0178,TO,0.0,,PET KIT GATO COMEDOURO 3PC,INGA IMPORT
P16.0178,PA,0.0,,PET KIT GATO COMEDOURO 3PC,INGA IMPORT
P16.0178,MT,0.0,,PET KIT GATO COMEDOURO 3PC,INGA IMPORT
C3.0520,GO,29.52,80.0,COBERTOR ONDULADO LISO CASAL 180X200,NYCOLLY
C3.0520,TO,25.44,82.0,COBERTOR ONDULADO LISO CASAL 180X200,NYCOLLY
C3.0520,PA,25.19,84.0,COBERTOR ONDULADO LISO CASAL 180X200,NYCOLLY
C3.0520,MT,25.19,84.0,COBERTOR ONDULADO LISO CASAL 180X200,NYCOLLY
T20.0216,GO,12.77,36.0,TAPETE BEM VINDO 040X060 1905,NYCOLLY
T20.0216,TO,12.89,37.0,TAPETE BEM VINDO 040X060 1905,NYCOLLY
T20.0216,PA,12.77,38.0,TAPETE BEM VINDO 040X060 1905,NYCOLLY
T20.0216,MT,12.77,38.0,TAPETE BEM VINDO 040X060 1905,NYCOLLY
K11.0135,GO,37.59,105.0,KIT PASSADEIRA EMBORRACHADA 2PCS,NYCOLLY
K11.0135,TO,37.97,107.0,KIT PASSADEIRA EMBORRACHADA 2PCS,NYCOLLY
K11.0135,PA,37.59,109.0,KIT PASSADEIRA EMBORRACHADA 2PCS,NYCOLLY
K11.0135,MT,37.59,109.0,KIT PASSADEIRA EMBORRACHADA 2PCS,NYCOLLY
T20.0217,GO,12.74,36.0,TAPETE BEM VINDO COLORS 040X060 1906,NYCOLLY
T20.0217,TO,12.87,37.0,TAPETE BEM VINDO COLORS 040X060 1906,NYCOLLY
T20.0217,PA,12.74,38.0,TAPETE BEM VINDO COLORS 040X060 1906,NYCOLLY
T20.0217,MT,12.74,38.0,TAPETE BEM VINDO COLORS 040X060 1906,NYCOLLY
M13.0069,GO,16.77,58.0,MANTA INFANTIL 1,NYCOLLY
M13.0069,TO,16.93,58.0,MANTA INFANTIL 1,NYCOLLY
M13.0069,PA,16.77,58.0,MANTA INFANTIL 1,NYCOLLY
M13.0069,MT,16.77,58.0,MANTA INFANTIL 1,NYCOLLY
R18.0020,GO,87.67,245.0,REDE BUCHO DE BOI VARANDA,NYCOLLY
R18.0020,TO,88.55,247.0,REDE BUCHO DE BOI VARANDA,NYCOLLY
R18.0020,PA,87.67,249.0,REDE BUCHO DE BOI VARANDA,NYCOLLY
R18.0020,MT,87.67,249.0,REDE BUCHO DE BOI VARANDA,NYCOLLY
M13.0068,GO,29.25,84.0,MANTA FORCA DO QUERER NOZINHO 180X240,NYCOLLY
M13.0068,TO,25.43,81.0,MANTA FORCA DO QUERER NOZINHO 180X240,NYCOLLY
M13.0068,PA,25.18,82.0,MANTA FORCA DO QUERER NOZINHO 180X240,NYCOLLY
M13.0068,MT,26.88,82.0,MANTA FORCA DO QUERER NOZINHO 180X240,NYCOLLY
K11.0137,GO,43.01,154.0,KIT FACAS COLORIDO 8PCS,XDX TALHERES
K11.0137,TO,43.44,156.0,KIT FACAS COLORIDO 8PCS,XDX TALHERES
K11.0137,PA,43.01,158.0,KIT FACAS COLORIDO 8PCS,XDX TALHERES
K11.0137,MT,43.01,158.0,KIT FACAS COLORIDO 8PCS,XDX TALHERES
E5.0025,GO,14.85,58.0,ESFREGAO MOOP RETANGULAR,XDX TALHERES
E5.0025,TO,15.0,59.0,ESFREGAO MOOP RETANGULAR,XDX TALHERES
E5.0025,PA,14.85,60.0,ESFREGAO MOOP RETANGULAR,XDX TALHERES
E5.0025,MT,14.85,60.0,ESFREGAO MOOP RETANGULAR,XDX TALHERES
C3.0524,GO,87.56,234.0,CAIXA DE SOM GAL 3829,LUI ELETRONICOS
C3.0524,TO,88.44,236.0,CAIXA DE SOM GAL 3829,LUI ELETRONICOS
C3.0524,PA,88.57,238.0,CAIXA DE SOM GAL 3829,LUI ELETRONICOS
C3.0524,MT,87.56,238.0,CAIXA DE SOM GAL 3829,LUI ELETRONICOS
P16.0016,GO,4.66,20.0,PANO PRATO COBRE TUDO,DADDEIRO
P16.0016,TO,6.14,21.0,PANO PRATO COBRE TUDO,DADDEIRO
P16.0016,PA,6.12,22.0,PANO PRATO COBRE TUDO,DADDEIRO
P16.0016,MT,5.95,22.0,PANO PRATO COBRE TUDO,DADDEIRO
K11.0136,GO,16.71,45.0,KIT COLHER CABO MADEIRA 3PCS,DENISE ALUMINIOS ALUMINIOS
K11.0136,TO,16.88,46.0,KIT COLHER CABO MADEIRA 3PCS,DENISE ALUMINIOS ALUMINIOS
K11.0136,PA,17.27,47.0,KIT COLHER CABO MADEIRA 3PCS,DENISE ALUMINIOS ALUMINIOS
K11.0136,MT,16.71,47.0,KIT COLHER CABO MADEIRA 3PCS,DENISE ALUMINIOS ALUMINIOS
C3.0526,GO,55.19,152.0,CONJ CANECO COLORS 3 PCS,DENISE ALUMINIOS ALUMINIOS
C3.0526,TO,55.74,154.0,CONJ CANECO COLORS 3 PCS,DENISE ALUMINIOS ALUMINIOS
C3.0526,PA,55.19,156.0,CONJ CANECO COLORS 3 PCS,DENISE ALUMINIOS ALUMINIOS
C3.0526,MT,55.19,156.0,CONJ CANECO COLORS 3 PCS,DENISE ALUMINIOS ALUMINIOS
J10.0110,GO,100.6,276.0,JOGO MANTIMENTOS DECORADOS 14 A 22,DENISE ALUMINIOS ALUMINIOS
J10.0110,TO,101.61,200.0,JOGO MANTIMENTOS DECORADOS 14 A 22,DENISE ALUMINIOS ALUMINIOS
J10.0110,PA,100.6,280.0,JOGO MANTIMENTOS DECORADOS 14 A 22,DENISE ALUMINIOS ALUMINIOS
J10.0110,MT,100.6,280.0,JOGO MANTIMENTOS DECORADOS 14 A 22,DENISE ALUMINIOS ALUMINIOS
T20.0218,GO,131.32,376.0,TACHO FUNDIDO N32 COLORS T A,DENISE ALUMINIOS ALUMINIOS
T20.0218,TO,105.56,272.0,TACHO FUNDIDO N32 COLORS T A,DENISE ALUMINIOS ALUMINIOS
T20.0218,PA,105.74,274.0,TACHO FUNDIDO N32 COLORS T A,DENISE ALUMINIOS ALUMINIOS
T20.0218,MT,125.44,360.0,TACHO FUNDIDO N32 COLORS T A,DENISE ALUMINIOS ALUMINIOS
T20.0219,GO,112.26,294.0,TACHO FUNDIDO N32 COLORS T V,DENISE ALUMINIOS ALUMINIOS
T20.0219,TO,113.55,296.0,TACHO FUNDIDO N32 COLORS T V,DENISE ALUMINIOS ALUMINIOS
T20.0219,PA,113.31,298.0,TACHO FUNDIDO N32 COLORS T V,DENISE ALUMINIOS ALUMINIOS
T20.0219,MT,112.26,298.0,TACHO FUNDIDO N32 COLORS T V,DENISE ALUMINIOS ALUMINIOS
F6.0065,GO,14.24,22.0,FORMA AIRFRYRE ANTIADERENTE 17CM,DENISE ALUMINIOS ALUMINIOS
F6.0065,TO,15.46,22.0,FORMA AIRFRYRE ANTIADERENTE 17CM,DENISE ALUMINIOS ALUMINIOS
F6.0065,PA,13.45,22.0,FORMA AIRFRYRE ANTIADERENTE 17CM,DENISE ALUMINIOS ALUMINIOS
F6.0065,MT,14.24,22.0,FORMA AIRFRYRE ANTIADERENTE 17CM,DENISE ALUMINIOS ALUMINIOS
F6.0066,GO,17.4,26.0,FORMA AIRFRYRE ANTIADERENTE 19CM,DENISE ALUMINIOS ALUMINIOS
F6.0066,TO,18.63,26.0,FORMA AIRFRYRE ANTIADERENTE 19CM,DENISE ALUMINIOS ALUMINIOS
F6.0066,PA,16.61,26.0,FORMA AIRFRYRE ANTIADERENTE 19CM,DENISE ALUMINIOS ALUMINIOS
F6.0066,MT,17.4,26.0,FORMA AIRFRYRE ANTIADERENTE 19CM,DENISE ALUMINIOS ALUMINIOS
C3.0525,GO,34.51,94.0,CUSCUZEIRO COLORS,DENISE ALUMINIOS ALUMINIOS
C3.0525,TO,38.68,110.0,CUSCUZEIRO COLORS,DENISE ALUMINIOS ALUMINIOS
C3.0525,PA,32.66,90.0,CUSCUZEIRO COLORS,DENISE ALUMINIOS ALUMINIOS
C3.0525,MT,32.3,94.0,CUSCUZEIRO COLORS,DENISE ALUMINIOS ALUMINIOS
C3.0521,GO,182.0,515.0,CONJUNTO CACAROLA 5 PCS PLUS T V,DOLCE (RINALDO)
C3.0521,TO,183.82,517.0,CONJUNTO CACAROLA 5 PCS PLUS T V,DOLCE (RINALDO)
C3.0521,PA,182.0,519.0,CONJUNTO CACAROLA 5 PCS PLUS T V,DOLCE (RINALDO)
C3.0521,MT,182.0,519.0,CONJUNTO CACAROLA 5 PCS PLUS T V,DOLCE (RINALDO)
C3.0522,GO,68.43,191.0,CONJUNTO FERVEDORES 12 AO 16,DOLCE (RINALDO)
C3.0522,TO,69.11,193.0,CONJUNTO FERVEDORES 12 AO 16,DOLCE (RINALDO)
C3.0522,PA,80.13,195.0,CONJUNTO FERVEDORES 12 AO 16,DOLCE (RINALDO)
C3.0522,MT,68.43,195.0,CONJUNTO FERVEDORES 12 AO 16,DOLCE (RINALDO)
G7.0067,GO,45.15,135.0,GARRAFA  LIQUIDIFICADOR 1.500ML,LUI ELETRONICOS
G7.0067,TO,45.6,135.0,GARRAFA  LIQUIDIFICADOR 1.500ML,LUI ELETRONICOS
G7.0067,PA,45.15,135.0,GARRAFA  LIQUIDIFICADOR 1.500ML,LUI ELETRONICOS
G7.0067,MT,45.15,135.0,GARRAFA  LIQUIDIFICADOR 1.500ML,LUI ELETRONICOS
C3.0529,GO,111.26,311.0,CORTINA VOIL C BLACKOUT TECIDO 280X180,KAUAN BORDADOSN BORDADOS
C3.0529,TO,112.38,313.0,CORTINA VOIL C BLACKOUT TECIDO 280X180,KAUAN BORDADOSN BORDADOS
C3.0529,PA,111.26,315.0,CORTINA VOIL C BLACKOUT TECIDO 280X180,KAUAN BORDADOSN BORDADOS
C3.0529,MT,111.26,315.0,CORTINA VOIL C BLACKOUT TECIDO 280X180,KAUAN BORDADOSN BORDADOS
C3.0530,GO,152.24,426.0,CORTINA VOIL C BLACKOUT TECIDO 300X260,KAUAN BORDADOSN BORDADOS
C3.0530,TO,153.77,428.0,CORTINA VOIL C BLACKOUT TECIDO 300X260,KAUAN BORDADOSN BORDADOS
C3.0530,PA,152.24,324.0,CORTINA VOIL C BLACKOUT TECIDO 300X260,KAUAN BORDADOSN BORDADOS
C3.0530,MT,152.24,430.0,CORTINA VOIL C BLACKOUT TECIDO 300X260,KAUAN BORDADOSN BORDADOS
C3.0532,GO,51.71,171.0,CJ DE XICARAS CHA 220ML 12 PCS,FRATELLI
C3.0532,TO,52.22,173.0,CJ DE XICARAS CHA 220ML 12 PCS,FRATELLI
C3.0532,PA,55.93,175.0,CJ DE XICARAS CHA 220ML 12 PCS,FRATELLI
C3.0532,MT,51.71,175.0,CJ DE XICARAS CHA 220ML 12 PCS,FRATELLI
R18.0021,GO,65.0,188.0,REDE BRIN BORDADA,FRAN DULTRA
R18.0021,TO,65.65,190.0,REDE BRIN BORDADA,FRAN DULTRA
R18.0021,PA,65.39,192.0,REDE BRIN BORDADA,FRAN DULTRA
R18.0021,MT,65.0,192.0,REDE BRIN BORDADA,FRAN DULTRA
R18.0022,GO,63.8,180.0,REDE BRIN ESTAMPADA,FRAN DULTRA
R18.0022,TO,64.44,182.0,REDE BRIN ESTAMPADA,FRAN DULTRA
R18.0022,PA,63.8,184.0,REDE BRIN ESTAMPADA,FRAN DULTRA
R18.0022,MT,63.8,184.0,REDE BRIN ESTAMPADA,FRAN DULTRA
C3.0531,GO,53.01,150.0,COLCHA CASAL  BRIN MISTA,FRAN DULTRA
C3.0531,TO,53.54,152.0,COLCHA CASAL  BRIN MISTA,FRAN DULTRA
C3.0531,PA,53.39,156.0,COLCHA CASAL  BRIN MISTA,FRAN DULTRA
C3.0531,MT,53.01,156.0,COLCHA CASAL  BRIN MISTA,FRAN DULTRA
C3.0050,GO,75.0,214.0,COLCHA CASAL BRIM,FRAN DULTRA
C3.0050,TO,75.75,216.0,COLCHA CASAL BRIM,FRAN DULTRA
C3.0050,PA,75.39,218.0,COLCHA CASAL BRIM,FRAN DULTRA
C3.0050,MT,75.0,218.0,COLCHA CASAL BRIM,FRAN DULTRA
T20.0220,GO,77.28,223.0,TAPETE EMBORRACHADO INFANTIL,CN BR IMPORTADORA
T20.0220,TO,78.05,225.0,TAPETE EMBORRACHADO INFANTIL,CN BR IMPORTADORA
T20.0220,PA,77.28,227.0,TAPETE EMBORRACHADO INFANTIL,CN BR IMPORTADORA
T20.0220,MT,77.28,227.0,TAPETE EMBORRACHADO INFANTIL,CN BR IMPORTADORA
T20.0221,GO,15.63,44.0,T BAN ADULTO ADRILAR ASTECA 075X150,ADRILAR
T20.0221,TO,15.79,44.0,T BAN ADULTO ADRILAR ASTECA 075X150,ADRILAR
T20.0221,PA,15.63,44.0,T BAN ADULTO ADRILAR ASTECA 075X150,ADRILAR
T20.0221,MT,15.63,44.0,T BAN ADULTO ADRILAR ASTECA 075X150,ADRILAR
T20.0222,GO,15.63,44.0,T BAN ADULTO ADRILAR ROYALI 075X150,ADRILAR
T20.0222,TO,15.79,44.0,T BAN ADULTO ADRILAR ROYALI 075X150,ADRILAR
T20.0222,PA,15.63,44.0,T BAN ADULTO ADRILAR ROYALI 075X150,ADRILAR
T20.0222,MT,15.63,44.0,T BAN ADULTO ADRILAR ROYALI 075X150,ADRILAR
T20.0223,GO,15.63,44.0,T BAN ADULTO ADRILAR JASMIM 075X150,ADRILAR
T20.0223,TO,15.79,44.0,T BAN ADULTO ADRILAR JASMIM 075X150,ADRILAR
T20.0223,PA,15.63,44.0,T BAN ADULTO ADRILAR JASMIM 075X150,ADRILAR
T20.0223,MT,15.63,44.0,T BAN ADULTO ADRILAR JASMIM 075X150,ADRILAR
T20.0224,GO,15.63,44.0,T BAN ADULTO ADRILAR GRECIA 075X150,ADRILAR
T20.0224,TO,15.79,44.0,T BAN ADULTO ADRILAR GRECIA 075X150,ADRILAR
T20.0224,PA,15.63,44.0,T BAN ADULTO ADRILAR GRECIA 075X150,ADRILAR
T20.0224,MT,15.63,44.0,T BAN ADULTO ADRILAR GRECIA 075X150,ADRILAR
T20.0225,GO,15.63,44.0,T BAN ADULTO ADRILAR TULIPA 075X150,ADRILAR
T20.0225,TO,15.79,44.0,T BAN ADULTO ADRILAR TULIPA 075X150,ADRILAR
T20.0225,PA,15.63,44.0,T BAN ADULTO ADRILAR TULIPA 075X150,ADRILAR
T20.0225,MT,15.63,44.0,T BAN ADULTO ADRILAR TULIPA 075X150,ADRILAR
T20.0226,GO,15.63,44.0,T BAN ADULTO ADRILAR MARROCOS 075X150,ADRILAR
T20.0226,TO,15.79,44.0,T BAN ADULTO ADRILAR MARROCOS 075X150,ADRILAR
T20.0226,PA,15.63,44.0,T BAN ADULTO ADRILAR MARROCOS 075X150,ADRILAR
T20.0226,MT,15.63,44.0,T BAN ADULTO ADRILAR MARROCOS 075X150,ADRILAR
T20.0227,GO,15.63,44.0,T BAN ADULTO ADRILAR INDIANA 075X150,ADRILAR
T20.0227,TO,15.79,44.0,T BAN ADULTO ADRILAR INDIANA 075X150,ADRILAR
T20.0227,PA,15.63,44.0,T BAN ADULTO ADRILAR INDIANA 075X150,ADRILAR
T20.0227,MT,15.63,44.0,T BAN ADULTO ADRILAR INDIANA 075X150,ADRILAR
T20.0228,GO,15.63,44.0,T BAN ADULTO ADRILAR ROMA 075X150,ADRILAR
T20.0228,TO,15.79,44.0,T BAN ADULTO ADRILAR ROMA 075X150,ADRILAR
T20.0228,PA,15.63,44.0,T BAN ADULTO ADRILAR ROMA 075X150,ADRILAR
T20.0228,MT,15.63,44.0,T BAN ADULTO ADRILAR ROMA 075X150,ADRILAR
T20.0229,GO,15.63,44.0,T BAN ADULTO ADRILAR AISHA 075X150,ADRILAR
T20.0229,TO,15.79,44.0,T BAN ADULTO ADRILAR AISHA 075X150,ADRILAR
T20.0229,PA,15.63,44.0,T BAN ADULTO ADRILAR AISHA 075X150,ADRILAR
T20.0229,MT,15.63,44.0,T BAN ADULTO ADRILAR AISHA 075X150,ADRILAR
C3.0527,GO,55.0,158.0,CORTINA LONDRES BLACKOUT 280X180,ROGERIO PLUMARE
C3.0527,TO,55.55,160.0,CORTINA LONDRES BLACKOUT 280X180,ROGERIO PLUMARE
C3.0527,PA,55.0,162.0,CORTINA LONDRES BLACKOUT 280X180,ROGERIO PLUMARE
C3.0527,MT,55.0,162.0,CORTINA LONDRES BLACKOUT 280X180,ROGERIO PLUMARE
C3.0528,GO,71.71,200.0,CORTINA LONDRES BLACKOUT 280X240,ROGERIO PLUMARE
C3.0528,TO,72.43,202.0,CORTINA LONDRES BLACKOUT 280X240,ROGERIO PLUMARE
C3.0528,PA,71.71,204.0,CORTINA LONDRES BLACKOUT 280X240,ROGERIO PLUMARE
C3.0528,MT,71.71,204.0,CORTINA LONDRES BLACKOUT 280X240,ROGERIO PLUMARE
L12.0106,GO,19.06,58.0,LENCOL RETALHO CASAL,CLEOMAR
L12.0106,TO,19.25,58.0,LENCOL RETALHO CASAL,CLEOMAR
L12.0106,PA,19.06,58.0,LENCOL RETALHO CASAL,CLEOMAR
L12.0106,MT,19.06,58.0,LENCOL RETALHO CASAL,CLEOMAR
L12.0107,GO,45.15,120.0,LENCOL KING MALHA FIO 30,ADRILAR
L12.0107,TO,45.6,130.0,LENCOL KING MALHA FIO 30,ADRILAR
L12.0107,PA,45.15,130.0,LENCOL KING MALHA FIO 30,ADRILAR
L12.0107,MT,45.15,130.0,LENCOL KING MALHA FIO 30,ADRILAR
C3.0534,GO,56.7,192.0,COLCHA MALHA KING ELASTICO,ADRILAR
C3.0534,TO,57.27,192.0,COLCHA MALHA KING ELASTICO,ADRILAR
C3.0534,PA,56.7,192.0,COLCHA MALHA KING ELASTICO,ADRILAR
C3.0534,MT,56.7,192.0,COLCHA MALHA KING ELASTICO,ADRILAR
L12.0105,GO,48.49,136.0,LENCOL SUPER KING MALHA FIO 30,ADRILAR
L12.0105,TO,48.98,146.0,LENCOL SUPER KING MALHA FIO 30,ADRILAR
L12.0105,PA,48.49,146.0,LENCOL SUPER KING MALHA FIO 30,ADRILAR
L12.0105,MT,48.49,146.0,LENCOL SUPER KING MALHA FIO 30,ADRILAR
C3.0533,GO,13.85,38.0,COPO TERMICO TULIPA MINI 160ML,LUI ELETRONICOS
C3.0533,TO,15.68,45.0,COPO TERMICO TULIPA MINI 160ML,LUI ELETRONICOS
C3.0533,PA,13.69,42.0,COPO TERMICO TULIPA MINI 160ML,LUI ELETRONICOS
C3.0533,MT,13.85,42.0,COPO TERMICO TULIPA MINI 160ML,LUI ELETRONICOS
C3.0523,GO,27.36,90.0,COBERTOR ONDULADO ESTAMPADO 180X200,NYCOLLY
C3.0523,TO,27.63,92.0,COBERTOR ONDULADO ESTAMPADO 180X200,NYCOLLY
C3.0523,PA,27.36,94.0,COBERTOR ONDULADO ESTAMPADO 180X200,NYCOLLY
C3.0523,MT,27.36,94.0,COBERTOR ONDULADO ESTAMPADO 180X200,NYCOLLY
T20.0230,GO,12.9,36.0,TAPETE BEM VINDO 40X60 004 2957,NYCOLLY
T20.0230,TO,13.03,37.0,TAPETE BEM VINDO 40X60 004 2957,NYCOLLY
T20.0230,PA,12.9,38.0,TAPETE BEM VINDO 40X60 004 2957,NYCOLLY
T20.0230,MT,12.9,38.0,TAPETE BEM VINDO 40X60 004 2957,NYCOLLY
T20.0231,GO,12.76,36.0,TAPETE BEM VINDO 40X60 013 2956,NYCOLLY
T20.0231,TO,12.89,37.0,TAPETE BEM VINDO 40X60 013 2956,NYCOLLY
T20.0231,PA,12.76,38.0,TAPETE BEM VINDO 40X60 013 2956,NYCOLLY
T20.0231,MT,12.76,38.0,TAPETE BEM VINDO 40X60 013 2956,NYCOLLY
T20.0232,GO,12.83,36.0,TAPETE BEM VINDO 40X60 002 2963,NYCOLLY
T20.0232,TO,12.95,37.0,TAPETE BEM VINDO 40X60 002 2963,NYCOLLY
T20.0232,PA,12.83,38.0,TAPETE BEM VINDO 40X60 002 2963,NYCOLLY
T20.0232,MT,12.83,38.0,TAPETE BEM VINDO 40X60 002 2963,NYCOLLY
T20.0233,GO,12.54,36.0,TAPETE LISTRA 40X60 JACARD 391,NYCOLLY
T20.0233,TO,12.66,37.0,TAPETE LISTRA 40X60 JACARD 391,NYCOLLY
T20.0233,PA,12.54,38.0,TAPETE LISTRA 40X60 JACARD 391,NYCOLLY
T20.0233,MT,12.54,38.0,TAPETE LISTRA 40X60 JACARD 391,NYCOLLY
K11.0138,GO,62.0,158.0,KIT CAFE SUPER PRATICO PREMIUM,CANDURA DIST
K11.0138,TO,62.62,160.0,KIT CAFE SUPER PRATICO PREMIUM,CANDURA DIST
K11.0138,PA,63.71,162.0,KIT CAFE SUPER PRATICO PREMIUM,CANDURA DIST
K11.0138,MT,70.62,202.0,KIT CAFE SUPER PRATICO PREMIUM,CANDURA DIST
B2.0153,GO,51.58,148.0,BOTIJAO AREZZO 5 L,CANDURA DIST
B2.0153,TO,52.1,150.0,BOTIJAO AREZZO 5 L,CANDURA DIST
B2.0153,PA,56.89,152.0,BOTIJAO AREZZO 5 L,CANDURA DIST
B2.0153,MT,51.58,105.0,BOTIJAO AREZZO 5 L,CANDURA DIST
B2.0154,GO,84.23,227.0,BOTIJAO AREZZO 10 L,CANDURA DIST
B2.0154,TO,85.07,229.0,BOTIJAO AREZZO 10 L,CANDURA DIST
B2.0154,PA,87.52,231.0,BOTIJAO AREZZO 10 L,CANDURA DIST
B2.0154,MT,84.23,182.0,BOTIJAO AREZZO 10 L,CANDURA DIST
C3.0540,GO,53.36,134.0,COLCHA CASAL MALHA BB ELAST LISA,ADRILAR
C3.0540,TO,51.11,144.0,COLCHA CASAL MALHA BB ELAST LISA,ADRILAR
C3.0540,PA,50.71,144.0,COLCHA CASAL MALHA BB ELAST LISA,ADRILAR
C3.0540,MT,49.9,144.0,COLCHA CASAL MALHA BB ELAST LISA,ADRILAR
T20.0244,GO,115.36,260.0,TAPETE PELUDO 200X240 CLASSICA,NYCOLLY
T20.0244,TO,116.52,262.0,TAPETE PELUDO 200X240 CLASSICA,NYCOLLY
T20.0244,PA,115.36,264.0,TAPETE PELUDO 200X240 CLASSICA,NYCOLLY
T20.0244,MT,115.36,264.0,TAPETE PELUDO 200X240 CLASSICA,NYCOLLY
T20.0243,GO,58.56,168.0,TAPETE PELUDO 140X200 ALTOMAX,NYCOLLY
T20.0243,TO,59.01,169.0,TAPETE PELUDO 140X200 ALTOMAX,NYCOLLY
T20.0243,PA,59.92,172.0,TAPETE PELUDO 140X200 ALTOMAX,NYCOLLY
T20.0243,MT,59.92,156.0,TAPETE PELUDO 140X200 ALTOMAX,NYCOLLY
T20.0242,GO,40.9,118.0,TAPETE PELUDO 100X140 CLASSICA,NYCOLLY
T20.0242,TO,37.31,122.0,TAPETE PELUDO 100X140 CLASSICA,NYCOLLY
T20.0242,PA,43.16,124.0,TAPETE PELUDO 100X140 CLASSICA,NYCOLLY
T20.0242,MT,36.94,118.0,TAPETE PELUDO 100X140 CLASSICA,NYCOLLY
T20.0240,GO,1.8,101.0,TAPETE GEOME 3D 100X150 UA 801,NYCOLLY
T20.0240,TO,1.82,103.0,TAPETE GEOME 3D 100X150 UA 801,NYCOLLY
T20.0240,PA,1.8,105.0,TAPETE GEOME 3D 100X150 UA 801,NYCOLLY
T20.0240,MT,1.8,105.0,TAPETE GEOME 3D 100X150 UA 801,NYCOLLY
T20.0239,GO,1.8,101.0,TAPETE FLORAL 100X150 UA 302,NYCOLLY
T20.0239,TO,1.82,103.0,TAPETE FLORAL 100X150 UA 302,NYCOLLY
T20.0239,PA,1.8,105.0,TAPETE FLORAL 100X150 UA 302,NYCOLLY
T20.0239,MT,1.8,105.0,TAPETE FLORAL 100X150 UA 302,NYCOLLY
T20.0238,GO,20.85,59.0,TAPETE FIO  DE OURO MICROFIBRA 50X80,NYCOLLY
T20.0238,TO,21.06,60.0,TAPETE FIO  DE OURO MICROFIBRA 50X80,NYCOLLY
T20.0238,PA,20.85,61.0,TAPETE FIO  DE OURO MICROFIBRA 50X80,NYCOLLY
T20.0238,MT,20.85,61.0,TAPETE FIO  DE OURO MICROFIBRA 50X80,NYCOLLY
T20.0237,GO,1.8,30.0,TAPETE  BEM VINDO 40X60 NUMBER DPTS 009,NYCOLLY
T20.0237,TO,1.82,31.0,TAPETE  BEM VINDO 40X60 NUMBER DPTS 009,NYCOLLY
T20.0237,PA,1.8,32.0,TAPETE  BEM VINDO 40X60 NUMBER DPTS 009,NYCOLLY
T20.0237,MT,1.8,32.0,TAPETE  BEM VINDO 40X60 NUMBER DPTS 009,NYCOLLY
T20.0236,GO,12.82,36.0,TAPETE  BEM VINDO 40X60 DTPS 013,NYCOLLY
T20.0236,TO,12.94,37.0,TAPETE  BEM VINDO 40X60 DTPS 013,NYCOLLY
T20.0236,PA,12.82,38.0,TAPETE  BEM VINDO 40X60 DTPS 013,NYCOLLY
T20.0236,MT,12.82,38.0,TAPETE  BEM VINDO 40X60 DTPS 013,NYCOLLY
T20.0235,GO,10.8,20.0,TAPETE  BEM VINDO 40X60 DPTS 011,NYCOLLY
T20.0235,TO,10.9,20.0,TAPETE  BEM VINDO 40X60 DPTS 011,NYCOLLY
T20.0235,PA,10.8,20.0,TAPETE  BEM VINDO 40X60 DPTS 011,NYCOLLY
T20.0235,MT,10.8,20.0,TAPETE  BEM VINDO 40X60 DPTS 011,NYCOLLY
M13.0076,GO,40.77,84.0,MOCHILA IMPERMEAVEL YWPJAE 92502,NYCOLLY
M13.0076,TO,41.18,84.0,MOCHILA IMPERMEAVEL YWPJAE 92502,NYCOLLY
M13.0076,PA,40.77,84.0,MOCHILA IMPERMEAVEL YWPJAE 92502,NYCOLLY
M13.0076,MT,40.77,84.0,MOCHILA IMPERMEAVEL YWPJAE 92502,NYCOLLY
M13.0073,GO,40.82,84.0,MOCHILA IMPERMEAVEL MASCULINA 92500,NYCOLLY
M13.0073,TO,41.23,84.0,MOCHILA IMPERMEAVEL MASCULINA 92500,NYCOLLY
M13.0073,PA,40.82,84.0,MOCHILA IMPERMEAVEL MASCULINA 92500,NYCOLLY
M13.0073,MT,40.82,84.0,MOCHILA IMPERMEAVEL MASCULINA 92500,NYCOLLY
M13.0075,GO,40.84,84.0,MOCHILA DE VIAGEM REFORCADA  94301,NYCOLLY
M13.0075,TO,41.25,84.0,MOCHILA DE VIAGEM REFORCADA  94301,NYCOLLY
M13.0075,PA,40.84,84.0,MOCHILA DE VIAGEM REFORCADA  94301,NYCOLLY
M13.0075,MT,40.84,84.0,MOCHILA DE VIAGEM REFORCADA  94301,NYCOLLY
M13.0074,GO,40.82,84.0,MOCHILA DE COURO SINTETICO 92361 3 COR,NYCOLLY
M13.0074,TO,41.23,84.0,MOCHILA DE COURO SINTETICO 92361 3 COR,NYCOLLY
M13.0074,PA,40.82,84.0,MOCHILA DE COURO SINTETICO 92361 3 COR,NYCOLLY
M13.0074,MT,40.82,84.0,MOCHILA DE COURO SINTETICO 92361 3 COR,NYCOLLY
M13.0072,GO,40.87,84.0,MOCHILA CAMUFLADA REFORCADA 2363 2364,NYCOLLY
M13.0072,TO,41.28,84.0,MOCHILA CAMUFLADA REFORCADA 2363 2364,NYCOLLY
M13.0072,PA,40.87,84.0,MOCHILA CAMUFLADA REFORCADA 2363 2364,NYCOLLY
M13.0072,MT,40.87,84.0,MOCHILA CAMUFLADA REFORCADA 2363 2364,NYCOLLY
M13.0071,GO,55.43,160.0,MANTA KING DIAMANTE 200X260,NYCOLLY
M13.0071,TO,55.99,160.0,MANTA KING DIAMANTE 200X260,NYCOLLY
M13.0071,PA,55.43,160.0,MANTA KING DIAMANTE 200X260,NYCOLLY
M13.0071,MT,63.32,182.0,MANTA KING DIAMANTE 200X260,NYCOLLY
J10.0116,GO,25.73,73.0,JOGO DE TALHERES KIT 25UND CLASSICA,NYCOLLY
J10.0116,TO,25.99,74.0,JOGO DE TALHERES KIT 25UND CLASSICA,NYCOLLY
J10.0116,PA,25.73,75.0,JOGO DE TALHERES KIT 25UND CLASSICA,NYCOLLY
J10.0116,MT,25.73,75.0,JOGO DE TALHERES KIT 25UND CLASSICA,NYCOLLY
J10.0115,GO,101.43,246.0,JOGO DE CAMA QUEEN  4PCS BORDADO SBH24003 4023,NYCOLLY
J10.0115,TO,85.47,246.0,JOGO DE CAMA QUEEN  4PCS BORDADO SBH24003 4023,NYCOLLY
J10.0115,PA,84.8,246.0,JOGO DE CAMA QUEEN  4PCS BORDADO SBH24003 4023,NYCOLLY
J10.0115,MT,83.45,246.0,JOGO DE CAMA QUEEN  4PCS BORDADO SBH24003 4023,NYCOLLY
J10.0114,GO,115.14,278.0,JOGO DE CAMA KING 4PCS BORDADO SBH24003 4027,NYCOLLY
J10.0114,TO,97.02,278.0,JOGO DE CAMA KING 4PCS BORDADO SBH24003 4027,NYCOLLY
J10.0114,PA,96.26,278.0,JOGO DE CAMA KING 4PCS BORDADO SBH24003 4027,NYCOLLY
J10.0114,MT,94.73,278.0,JOGO DE CAMA KING 4PCS BORDADO SBH24003 4027,NYCOLLY
T20.0234,GO,12.04,30.0,TAPETE  BEM VINDO NUVEM 38X58,NYCOLLY
T20.0234,TO,12.16,31.0,TAPETE  BEM VINDO NUVEM 38X58,NYCOLLY
T20.0234,PA,12.04,32.0,TAPETE  BEM VINDO NUVEM 38X58,NYCOLLY
T20.0234,MT,12.04,32.0,TAPETE  BEM VINDO NUVEM 38X58,NYCOLLY
K11.0139,GO,25.45,82.0,KIT UTENSILIOS COLORS 12PCS GJ 12 5,XDX TALHERES
K11.0139,TO,25.71,84.0,KIT UTENSILIOS COLORS 12PCS GJ 12 5,XDX TALHERES
K11.0139,PA,25.45,86.0,KIT UTENSILIOS COLORS 12PCS GJ 12 5,XDX TALHERES
K11.0139,MT,25.45,86.0,KIT UTENSILIOS COLORS 12PCS GJ 12 5,XDX TALHERES
C3.0546,GO,72.79,203.0,CONJUNTO REFRESCO QUADRATTO 7PCS 690,TOP LINE
C3.0546,TO,73.52,205.0,CONJUNTO REFRESCO QUADRATTO 7PCS 690,TOP LINE
C3.0546,PA,72.79,207.0,CONJUNTO REFRESCO QUADRATTO 7PCS 690,TOP LINE
C3.0546,MT,72.79,207.0,CONJUNTO REFRESCO QUADRATTO 7PCS 690,TOP LINE
C3.0547,GO,75.48,113.0,CONJUNTO CHAMPAGNE FINESSE 6PCS 711,TOP LINE
C3.0547,TO,76.23,113.0,CONJUNTO CHAMPAGNE FINESSE 6PCS 711,TOP LINE
C3.0547,PA,75.48,113.0,CONJUNTO CHAMPAGNE FINESSE 6PCS 711,TOP LINE
C3.0547,MT,75.48,113.0,CONJUNTO CHAMPAGNE FINESSE 6PCS 711,TOP LINE
L12.0108,GO,63.7,178.0,LIXEIRA SINGLE 15LTS 465,COZA
L12.0108,TO,64.33,180.0,LIXEIRA SINGLE 15LTS 465,COZA
L12.0108,PA,63.7,182.0,LIXEIRA SINGLE 15LTS 465,COZA
L12.0108,MT,63.7,182.0,LIXEIRA SINGLE 15LTS 465,COZA
L12.0109,GO,63.7,178.0,LIXEIRA SINGLE 15LTS 0008,COZA
L12.0109,TO,64.33,180.0,LIXEIRA SINGLE 15LTS 0008,COZA
L12.0109,PA,63.7,182.0,LIXEIRA SINGLE 15LTS 0008,COZA
L12.0109,MT,63.7,182.0,LIXEIRA SINGLE 15LTS 0008,COZA
K11.0143,GO,52.23,146.0,KIT BANHO SPLASH 4PCS 4008 4007,COZA
K11.0143,TO,52.75,148.0,KIT BANHO SPLASH 4PCS 4008 4007,COZA
K11.0143,PA,52.23,150.0,KIT BANHO SPLASH 4PCS 4008 4007,COZA
K11.0143,MT,52.23,150.0,KIT BANHO SPLASH 4PCS 4008 4007,COZA
K11.0144,GO,68.43,191.0,KIT ORGANIZANDO SUA PIA 4465 4008,COZA
K11.0144,TO,69.11,193.0,KIT ORGANIZANDO SUA PIA 4465 4008,COZA
K11.0144,PA,68.43,195.0,KIT ORGANIZANDO SUA PIA 4465 4008,COZA
K11.0144,MT,68.43,195.0,KIT ORGANIZANDO SUA PIA 4465 4008,COZA
B2.0156,GO,35.3,53.0,BOLEIRA PRATO COZY MEDIA 3465 3008 3007,COZA
B2.0156,TO,35.66,53.0,BOLEIRA PRATO COZY MEDIA 3465 3008 3007,COZA
B2.0156,PA,35.3,53.0,BOLEIRA PRATO COZY MEDIA 3465 3008 3007,COZA
B2.0156,MT,35.3,53.0,BOLEIRA PRATO COZY MEDIA 3465 3008 3007,COZA
P16.0179,GO,17.35,49.0,PORTA QUEIJO MINAS COZY 14.5CM 3465 3008 3007,COZA
P16.0179,TO,17.53,50.0,PORTA QUEIJO MINAS COZY 14.5CM 3465 3008 3007,COZA
P16.0179,PA,17.35,51.0,PORTA QUEIJO MINAS COZY 14.5CM 3465 3008 3007,COZA
P16.0179,MT,17.35,51.0,PORTA QUEIJO MINAS COZY 14.5CM 3465 3008 3007,COZA
P16.0013,GO,17.83,88.0,PANO DE PRATO COPA KIT SEMANINHA,LEPPER
P16.0013,TO,18.01,89.0,PANO DE PRATO COPA KIT SEMANINHA,LEPPER
P16.0013,PA,17.83,90.0,PANO DE PRATO COPA KIT SEMANINHA,LEPPER
P16.0013,MT,17.83,90.0,PANO DE PRATO COPA KIT SEMANINHA,LEPPER
Q17.0003,GO,30.56,97.0,QUEIJEIRA GOURMET C TAMPA PLASTICA 446801,RUVOLO
Q17.0003,TO,30.87,98.0,QUEIJEIRA GOURMET C TAMPA PLASTICA 446801,RUVOLO
Q17.0003,PA,30.56,99.0,QUEIJEIRA GOURMET C TAMPA PLASTICA 446801,RUVOLO
Q17.0003,MT,30.56,99.0,QUEIJEIRA GOURMET C TAMPA PLASTICA 446801,RUVOLO
C3.0548,GO,153.96,232.0,CJ MONACO 5 EM 1 80603,RUVOLO
C3.0548,TO,155.5,232.0,CJ MONACO 5 EM 1 80603,RUVOLO
C3.0548,PA,153.96,232.0,CJ MONACO 5 EM 1 80603,RUVOLO
C3.0548,MT,153.96,232.0,CJ MONACO 5 EM 1 80603,RUVOLO
K11.0140,GO,67.93,102.0,KIT 16PCS DISNEY AD0293,POTTE
K11.0140,TO,68.61,102.0,KIT 16PCS DISNEY AD0293,POTTE
K11.0140,PA,67.93,102.0,KIT 16PCS DISNEY AD0293,POTTE
K11.0140,MT,67.93,102.0,KIT 16PCS DISNEY AD0293,POTTE
K11.0141,GO,62.98,95.0,KIT 10PCS PRISMA AD0294,POTTE
K11.0141,TO,63.61,95.0,KIT 10PCS PRISMA AD0294,POTTE
K11.0141,PA,62.98,94.0,KIT 10PCS PRISMA AD0294,POTTE
K11.0141,MT,62.98,95.0,KIT 10PCS PRISMA AD0294,POTTE
K11.0142,GO,55.56,84.0,KIT 10PCS PRISMA AD0291,POTTE
K11.0142,TO,56.12,84.0,KIT 10PCS PRISMA AD0291,POTTE
K11.0142,PA,55.56,84.0,KIT 10PCS PRISMA AD0291,POTTE
K11.0142,MT,55.56,84.0,KIT 10PCS PRISMA AD0291,POTTE
C3.0549,GO,55.56,84.0,CONJUNTO 10PCS METALLIC AD0220,POTTE
C3.0549,TO,56.12,84.0,CONJUNTO 10PCS METALLIC AD0220,POTTE
C3.0549,PA,55.56,84.0,CONJUNTO 10PCS METALLIC AD0220,POTTE
C3.0549,MT,55.56,84.0,CONJUNTO 10PCS METALLIC AD0220,POTTE
C3.0550,GO,36.49,102.0,CAMINHO DE MESA RENDADO 40X220,ZAFFIRA
C3.0550,TO,36.85,104.0,CAMINHO DE MESA RENDADO 40X220,ZAFFIRA
C3.0550,PA,36.49,106.0,CAMINHO DE MESA RENDADO 40X220,ZAFFIRA
C3.0550,MT,36.49,106.0,CAMINHO DE MESA RENDADO 40X220,ZAFFIRA
L12.0112,GO,29.27,82.0,LIXEIRA EM ACO INOX 3L,NIAZITEX
L12.0112,TO,29.57,83.0,LIXEIRA EM ACO INOX 3L,NIAZITEX
L12.0112,PA,29.27,84.0,LIXEIRA EM ACO INOX 3L,NIAZITEX
L12.0112,MT,29.27,84.0,LIXEIRA EM ACO INOX 3L,NIAZITEX
L12.0113,GO,33.36,94.0,LIXEIRA EM ACO INOX 5L,NIAZITEX
L12.0113,TO,33.69,95.0,LIXEIRA EM ACO INOX 5L,NIAZITEX
L12.0113,PA,33.36,96.0,LIXEIRA EM ACO INOX 5L,NIAZITEX
L12.0113,MT,33.36,96.0,LIXEIRA EM ACO INOX 5L,NIAZITEX
L12.0114,GO,62.46,175.0,LIXEIRA EM ACO INOX 12L,NIAZITEX
L12.0114,TO,63.09,177.0,LIXEIRA EM ACO INOX 12L,NIAZITEX
L12.0114,PA,62.46,179.0,LIXEIRA EM ACO INOX 12L,NIAZITEX
L12.0114,MT,62.46,179.0,LIXEIRA EM ACO INOX 12L,NIAZITEX
S19.0018,GO,79.44,172.0,SUPORTE CHAO P PAPEL HIGIENICO C LIXEIRA 5LT 434,ARTHI
S19.0018,TO,80.23,172.0,SUPORTE CHAO P PAPEL HIGIENICO C LIXEIRA 5LT 434,ARTHI
S19.0018,PA,79.44,172.0,SUPORTE CHAO P PAPEL HIGIENICO C LIXEIRA 5LT 434,ARTHI
S19.0018,MT,79.44,172.0,SUPORTE CHAO P PAPEL HIGIENICO C LIXEIRA 5LT 434,ARTHI
S19.0017,GO,85.8,129.0,SUPORTE PRATO P SHAMPOO  438,ARTHI
S19.0017,TO,86.66,129.0,SUPORTE PRATO P SHAMPOO  438,ARTHI
S19.0017,PA,85.8,129.0,SUPORTE PRATO P SHAMPOO  438,ARTHI
S19.0017,MT,85.8,129.0,SUPORTE PRATO P SHAMPOO  438,ARTHI
S19.0016,GO,18.35,59.0,SUPORTE MULTIUSO CROMADO C RODIZIOS 1040,ARTHI
S19.0016,TO,18.53,60.0,SUPORTE MULTIUSO CROMADO C RODIZIOS 1040,ARTHI
S19.0016,PA,18.35,61.0,SUPORTE MULTIUSO CROMADO C RODIZIOS 1040,ARTHI
S19.0016,MT,18.35,61.0,SUPORTE MULTIUSO CROMADO C RODIZIOS 1040,ARTHI
E5.0026,GO,44.13,130.0,ESCORREDOR FANTASTIK CROMADO 1067,ARTHI
E5.0026,TO,44.57,132.0,ESCORREDOR FANTASTIK CROMADO 1067,ARTHI
E5.0026,PA,44.13,134.0,ESCORREDOR FANTASTIK CROMADO 1067,ARTHI
E5.0026,MT,44.13,134.0,ESCORREDOR FANTASTIK CROMADO 1067,ARTHI
F6.0068,GO,101.66,292.0,FRUTEIRA QUADRADA MASTER CROMADA 1092,ARTHI
F6.0068,TO,102.68,294.0,FRUTEIRA QUADRADA MASTER CROMADA 1092,ARTHI
F6.0068,PA,101.66,296.0,FRUTEIRA QUADRADA MASTER CROMADA 1092,ARTHI
F6.0068,MT,101.66,296.0,FRUTEIRA QUADRADA MASTER CROMADA 1092,ARTHI
F6.0067,GO,19.39,62.0,FRUTEIRA DE MESA LINHA LIFE CROMADO 1095,ARTHI
F6.0067,TO,19.59,63.0,FRUTEIRA DE MESA LINHA LIFE CROMADO 1095,ARTHI
F6.0067,PA,19.39,64.0,FRUTEIRA DE MESA LINHA LIFE CROMADO 1095,ARTHI
F6.0067,MT,19.39,64.0,FRUTEIRA DE MESA LINHA LIFE CROMADO 1095,ARTHI
T20.0245,GO,23.63,73.0,TAPETE P BOX NEW ANTIDERRAPANTE 1499,ARTHI
T20.0245,TO,23.87,74.0,TAPETE P BOX NEW ANTIDERRAPANTE 1499,ARTHI
T20.0245,PA,23.63,75.0,TAPETE P BOX NEW ANTIDERRAPANTE 1499,ARTHI
T20.0245,MT,23.63,75.0,TAPETE P BOX NEW ANTIDERRAPANTE 1499,ARTHI
L12.0110,GO,63.7,178.0,LIXEIRA SINGLE 15LTS 0007,COZA
L12.0110,TO,64.33,180.0,LIXEIRA SINGLE 15LTS 0007,COZA
L12.0110,PA,63.7,182.0,LIXEIRA SINGLE 15LTS 0007,COZA
L12.0110,MT,63.7,182.0,LIXEIRA SINGLE 15LTS 0007,COZA
C3.0552,GO,18.92,94.0,CONJUNTO DE FACA TUBATAO TP,MAX BRAS
C3.0552,TO,19.11,96.0,CONJUNTO DE FACA TUBATAO TP,MAX BRAS
C3.0552,PA,17.4,98.0,CONJUNTO DE FACA TUBATAO TP,MAX BRAS
C3.0552,MT,18.92,189.0,CONJUNTO DE FACA TUBATAO TP,MAX BRAS
J10.0029,GO,124.44,189.0,JOGO DE BANHO LYON 05 PCS,CAVIQUIOLI
J10.0029,TO,125.69,189.0,JOGO DE BANHO LYON 05 PCS,CAVIQUIOLI
J10.0029,PA,128.69,189.0,JOGO DE BANHO LYON 05 PCS,CAVIQUIOLI
J10.0029,MT,124.44,151.0,JOGO DE BANHO LYON 05 PCS,CAVIQUIOLI
C3.0553,GO,40.97,118.0,CARPETE BRILHA ESCURO 100X150,NYCOLLY
C3.0553,TO,39.84,120.0,CARPETE BRILHA ESCURO 100X150,NYCOLLY
C3.0553,PA,39.44,120.0,CARPETE BRILHA ESCURO 100X150,NYCOLLY
C3.0553,MT,39.44,101.0,CARPETE BRILHA ESCURO 100X150,NYCOLLY
C3.0554,GO,35.92,99.0,CARPETE GEOMETRICO 090X130,NYCOLLY
C3.0554,TO,36.28,100.0,CARPETE GEOMETRICO 090X130,NYCOLLY
C3.0554,PA,35.92,101.0,CARPETE GEOMETRICO 090X130,NYCOLLY
C3.0554,MT,35.92,101.0,CARPETE GEOMETRICO 090X130,NYCOLLY
C3.0555,GO,90.56,252.0,COLCHA KING BRIM ESTAMPADA,FRAN DULTRA
C3.0555,TO,91.46,254.0,COLCHA KING BRIM ESTAMPADA,FRAN DULTRA
C3.0555,PA,90.56,256.0,COLCHA KING BRIM ESTAMPADA,FRAN DULTRA
C3.0555,MT,90.56,256.0,COLCHA KING BRIM ESTAMPADA,FRAN DULTRA
T20.0248,GO,21.18,62.0,T BANHAO,LEPPER
T20.0248,TO,21.39,63.0,T BANHAO,LEPPER
T20.0248,PA,21.18,64.0,T BANHAO,LEPPER
T20.0248,MT,21.18,64.0,T BANHAO,LEPPER
J10.0117,GO,63.87,178.0,JOGO DE CAMA SOLTEIRO 3PC INFANTIL,LEPPER
J10.0117,TO,64.51,180.0,JOGO DE CAMA SOLTEIRO 3PC INFANTIL,LEPPER
J10.0117,PA,63.87,182.0,JOGO DE CAMA SOLTEIRO 3PC INFANTIL,LEPPER
J10.0117,MT,63.87,182.0,JOGO DE CAMA SOLTEIRO 3PC INFANTIL,LEPPER
TL.623,GO,7.39,20.0,623 ORG MULTIUSO REDONDO 0.8L,TOP LINE
TL.623,TO,7.46,21.0,623 ORG MULTIUSO REDONDO 0.8L,TOP LINE
TL.623,PA,7.39,23.0,623 ORG MULTIUSO REDONDO 0.8L,TOP LINE
TL.623,MT,7.39,23.0,623 ORG MULTIUSO REDONDO 0.8L,TOP LINE
C3.0558,GO,38.88,105.0,CORTINA CRISTAL BORDADA 180X145 1985,JOSE ANTELMO
C3.0558,TO,39.27,107.0,CORTINA CRISTAL BORDADA 180X145 1985,JOSE ANTELMO
C3.0558,PA,38.99,108.0,CORTINA CRISTAL BORDADA 180X145 1985,JOSE ANTELMO
C3.0558,MT,47.73,137.0,CORTINA CRISTAL BORDADA 180X145 1985,JOSE ANTELMO
K11.0145,GO,100.27,280.0,KIT QUARTO BARCELONA 0710,PESITEX
K11.0145,TO,101.27,282.0,KIT QUARTO BARCELONA 0710,PESITEX
K11.0145,PA,100.27,284.0,KIT QUARTO BARCELONA 0710,PESITEX
K11.0145,MT,100.27,284.0,KIT QUARTO BARCELONA 0710,PESITEX
K11.0146,GO,49.56,138.0,KIT PASSADEIRA JACGUARD 0750 3PCS,PESITEX
K11.0146,TO,50.05,140.0,KIT PASSADEIRA JACGUARD 0750 3PCS,PESITEX
K11.0146,PA,49.56,142.0,KIT PASSADEIRA JACGUARD 0750 3PCS,PESITEX
K11.0146,MT,49.56,142.0,KIT PASSADEIRA JACGUARD 0750 3PCS,PESITEX
C3.0557,GO,41.84,112.0,COZEDOR ELETRICO A VAPOR MULTIFUNCOES,LUI ELETRONICOS
C3.0557,TO,42.16,114.0,COZEDOR ELETRICO A VAPOR MULTIFUNCOES,LUI ELETRONICOS
C3.0557,PA,41.84,116.0,COZEDOR ELETRICO A VAPOR MULTIFUNCOES,LUI ELETRONICOS
C3.0557,MT,41.84,116.0,COZEDOR ELETRICO A VAPOR MULTIFUNCOES,LUI ELETRONICOS
M13.0077,GO,26.96,40.0,MOP RODO COM ESPONJA,POWERMAID
M13.0077,TO,27.23,40.0,MOP RODO COM ESPONJA,POWERMAID
M13.0077,PA,25.75,40.0,MOP RODO COM ESPONJA,POWERMAID
M13.0077,MT,26.96,40.0,MOP RODO COM ESPONJA,POWERMAID
C3.0562,GO,66.06,190.0,COBERTO KYOR LISO 3D COM RELEVO,NYCOLLY
C3.0562,TO,59.19,178.0,COBERTO KYOR LISO 3D COM RELEVO,NYCOLLY
C3.0562,PA,58.61,178.0,COBERTO KYOR LISO 3D COM RELEVO,NYCOLLY
C3.0562,MT,58.61,168.0,COBERTO KYOR LISO 3D COM RELEVO,NYCOLLY
D4.0060,GO,66.38,167.0,DEC PAI MÃE E FILHO,IZA&BELL
D4.0060,TO,67.04,169.0,DEC PAI MÃE E FILHO,IZA&BELL
D4.0060,PA,66.38,171.0,DEC PAI MÃE E FILHO,IZA&BELL
D4.0060,MT,66.38,171.0,DEC PAI MÃE E FILHO,IZA&BELL
D4.0061,GO,66.38,167.0,DEC VASO ACOPLADO QUADRADO DUPLA 128 90,IZA&BELL
D4.0061,TO,67.04,169.0,DEC VASO ACOPLADO QUADRADO DUPLA 128 90,IZA&BELL
D4.0061,PA,66.38,171.0,DEC VASO ACOPLADO QUADRADO DUPLA 128 90,IZA&BELL
D4.0061,MT,66.38,171.0,DEC VASO ACOPLADO QUADRADO DUPLA 128 90,IZA&BELL
D4.0062,GO,71.79,180.0,DEC VASOS DESTAK TRIO,IZA&BELL
D4.0062,TO,72.51,182.0,DEC VASOS DESTAK TRIO,IZA&BELL
D4.0062,PA,71.79,184.0,DEC VASOS DESTAK TRIO,IZA&BELL
D4.0062,MT,71.79,184.0,DEC VASOS DESTAK TRIO,IZA&BELL
D4.0063,GO,44.73,113.0,DEC ALMA GEMEA PEQUENA,IZA&BELL
D4.0063,TO,45.18,115.0,DEC ALMA GEMEA PEQUENA,IZA&BELL
D4.0063,PA,44.73,117.0,DEC ALMA GEMEA PEQUENA,IZA&BELL
D4.0063,MT,44.73,117.0,DEC ALMA GEMEA PEQUENA,IZA&BELL
D4.0064,GO,52.31,132.0,DEC CASAL BEIJANDO P,IZA&BELL
D4.0064,TO,52.83,134.0,DEC CASAL BEIJANDO P,IZA&BELL
D4.0064,PA,52.31,136.0,DEC CASAL BEIJANDO P,IZA&BELL
D4.0064,MT,52.31,136.0,DEC CASAL BEIJANDO P,IZA&BELL
D4.0065,GO,33.91,86.0,DEC CENTRO QUADRADO,IZA&BELL
D4.0065,TO,34.25,87.0,DEC CENTRO QUADRADO,IZA&BELL
D4.0065,PA,33.91,88.0,DEC CENTRO QUADRADO,IZA&BELL
D4.0065,MT,33.91,88.0,DEC CENTRO QUADRADO,IZA&BELL
D4.0066,GO,12.26,33.0,DEC ESFERA MEDIA,IZA&BELL
D4.0066,TO,12.39,34.0,DEC ESFERA MEDIA,IZA&BELL
D4.0066,PA,12.26,35.0,DEC ESFERA MEDIA,IZA&BELL
D4.0066,MT,12.26,35.0,DEC ESFERA MEDIA,IZA&BELL
D4.0067,GO,11.18,30.0,DEC ESFERA PEQUENA,IZA&BELL
D4.0067,TO,11.29,31.0,DEC ESFERA PEQUENA,IZA&BELL
D4.0067,PA,11.18,32.0,DEC ESFERA PEQUENA,IZA&BELL
D4.0067,MT,11.18,32.0,DEC ESFERA PEQUENA,IZA&BELL
D4.0068,GO,9.02,25.0,DEC ESFERA MINI,IZA&BELL
D4.0068,TO,9.11,26.0,DEC ESFERA MINI,IZA&BELL
D4.0068,PA,9.02,26.0,DEC ESFERA MINI,IZA&BELL
D4.0068,MT,9.02,26.0,DEC ESFERA MINI,IZA&BELL
D4.0069,GO,52.31,132.0,DEC LEAO PEQUENO,IZA&BELL
D4.0069,TO,52.83,134.0,DEC LEAO PEQUENO,IZA&BELL
D4.0069,PA,52.31,136.0,DEC LEAO PEQUENO,IZA&BELL
D4.0069,MT,52.31,136.0,DEC LEAO PEQUENO,IZA&BELL
D4.0070,GO,52.31,132.0,DEC LEAO ANDANDO,IZA&BELL
D4.0070,TO,52.83,134.0,DEC LEAO ANDANDO,IZA&BELL
D4.0070,PA,52.31,136.0,DEC LEAO ANDANDO,IZA&BELL
D4.0070,MT,52.31,136.0,DEC LEAO ANDANDO,IZA&BELL
D4.0071,GO,66.38,167.0,DEC CASAL BUSTO NAMORADOS,IZA&BELL
D4.0071,TO,67.04,169.0,DEC CASAL BUSTO NAMORADOS,IZA&BELL
D4.0071,PA,66.38,171.0,DEC CASAL BUSTO NAMORADOS,IZA&BELL
D4.0071,MT,66.38,171.0,DEC CASAL BUSTO NAMORADOS,IZA&BELL
D4.0072,GO,37.16,95.0,DEC ANJO COM TERCO,IZA&BELL
D4.0072,TO,37.53,96.0,DEC ANJO COM TERCO,IZA&BELL
D4.0072,PA,37.16,97.0,DEC ANJO COM TERCO,IZA&BELL
D4.0072,MT,37.16,97.0,DEC ANJO COM TERCO,IZA&BELL
D4.0073,GO,47.98,121.0,DEC CORACAO,IZA&BELL
D4.0073,TO,48.46,123.0,DEC CORACAO,IZA&BELL
D4.0073,PA,47.98,125.0,DEC CORACAO,IZA&BELL
D4.0073,MT,47.98,125.0,DEC CORACAO,IZA&BELL
D4.0074,GO,32.83,83.0,DEC VASO PLISSADO GRANDE,IZA&BELL
D4.0074,TO,33.16,84.0,DEC VASO PLISSADO GRANDE,IZA&BELL
D4.0074,PA,32.83,85.0,DEC VASO PLISSADO GRANDE,IZA&BELL
D4.0074,MT,32.83,85.0,DEC VASO PLISSADO GRANDE,IZA&BELL
D4.0075,GO,33.91,86.0,DEC VASO PLISSADO MEDIO,IZA&BELL
D4.0075,TO,34.25,87.0,DEC VASO PLISSADO MEDIO,IZA&BELL
D4.0075,PA,33.91,88.0,DEC VASO PLISSADO MEDIO,IZA&BELL
D4.0075,MT,33.91,88.0,DEC VASO PLISSADO MEDIO,IZA&BELL
D4.0076,GO,28.5,72.0,DEC VASO PLISSADO PEQUENO,IZA&BELL
D4.0076,TO,28.78,73.0,DEC VASO PLISSADO PEQUENO,IZA&BELL
D4.0076,PA,28.5,74.0,DEC VASO PLISSADO PEQUENO,IZA&BELL
D4.0076,MT,28.5,74.0,DEC VASO PLISSADO PEQUENO,IZA&BELL
C3.0559,GO,93.03,240.0,CORTINA CRISTAL 280X180 1503,JOSE ANTELMO
C3.0559,TO,93.96,242.0,CORTINA CRISTAL 280X180 1503,JOSE ANTELMO
C3.0559,PA,108.13,244.0,CORTINA CRISTAL 280X180 1503,JOSE ANTELMO
C3.0559,MT,93.03,244.0,CORTINA CRISTAL 280X180 1503,JOSE ANTELMO
K11.0147,GO,81.56,280.0,KIT UTENSILIOS CALIFORNIA 19PCS MEDIO,XDX TALHERES
K11.0147,TO,82.38,282.0,KIT UTENSILIOS CALIFORNIA 19PCS MEDIO,XDX TALHERES
K11.0147,PA,86.09,284.0,KIT UTENSILIOS CALIFORNIA 19PCS MEDIO,XDX TALHERES
K11.0147,MT,81.56,284.0,KIT UTENSILIOS CALIFORNIA 19PCS MEDIO,XDX TALHERES
C3.0563,GO,149.33,299.0,COLCHA OURO 300 FIOS SORTIDAS 280X300 SUPER KING,FATEX
C3.0563,TO,150.82,299.0,COLCHA OURO 300 FIOS SORTIDAS 280X300 SUPER KING,FATEX
C3.0563,PA,166.47,299.0,COLCHA OURO 300 FIOS SORTIDAS 280X300 SUPER KING,FATEX
C3.0563,MT,149.33,299.0,COLCHA OURO 300 FIOS SORTIDAS 280X300 SUPER KING,FATEX
C3.0564,GO,137.74,279.0,COLCHA OURO 300 FIOS SORTIDAS 260X280 KING,FATEX
C3.0564,TO,139.12,279.0,COLCHA OURO 300 FIOS SORTIDAS 260X280 KING,FATEX
C3.0564,PA,153.53,279.0,COLCHA OURO 300 FIOS SORTIDAS 260X280 KING,FATEX
C3.0564,MT,137.74,279.0,COLCHA OURO 300 FIOS SORTIDAS 260X280 KING,FATEX
C3.0565,GO,126.18,259.0,COLCHA OURO 300 FIOS SORTIDAS 240X260 QUEEN,FATEX
C3.0565,TO,127.44,259.0,COLCHA OURO 300 FIOS SORTIDAS 240X260 QUEEN,FATEX
C3.0565,PA,126.18,259.0,COLCHA OURO 300 FIOS SORTIDAS 240X260 QUEEN,FATEX
C3.0565,MT,126.18,259.0,COLCHA OURO 300 FIOS SORTIDAS 240X260 QUEEN,FATEX
C3.0561,GO,68.5,186.0,COLCHA KING MALHA BB C ELAST LISA,ADRILAR
C3.0561,TO,64.49,185.0,COLCHA KING MALHA BB C ELAST LISA,ADRILAR
C3.0561,PA,64.04,184.0,COLCHA KING MALHA BB C ELAST LISA,ADRILAR
C3.0561,MT,63.14,184.0,COLCHA KING MALHA BB C ELAST LISA,ADRILAR
L12.0115,GO,21.03,60.0,LENCOL SOLTEIRO MALHA S ELAST S FRONHA EST,ADRILAR
L12.0115,TO,21.24,60.0,LENCOL SOLTEIRO MALHA S ELAST S FRONHA EST,ADRILAR
L12.0115,PA,21.03,60.0,LENCOL SOLTEIRO MALHA S ELAST S FRONHA EST,ADRILAR
L12.0115,MT,21.03,60.0,LENCOL SOLTEIRO MALHA S ELAST S FRONHA EST,ADRILAR
J10.0125,GO,131.86,368.0,JOGO DE PANELA REPUXADO COLORIDO T A,DENISE ALUMINIO
J10.0125,TO,133.18,370.0,JOGO DE PANELA REPUXADO COLORIDO T A,DENISE ALUMINIO
J10.0125,PA,131.86,372.0,JOGO DE PANELA REPUXADO COLORIDO T A,DENISE ALUMINIO
J10.0125,MT,131.86,372.0,JOGO DE PANELA REPUXADO COLORIDO T A,DENISE ALUMINIO
F6.0069,GO,1.81,6.0,FORRO AVULSO VARIADOS OXFORD,ADRILAR
F6.0069,TO,1.82,6.0,FORRO AVULSO VARIADOS OXFORD,ADRILAR
F6.0069,PA,1.81,6.0,FORRO AVULSO VARIADOS OXFORD,ADRILAR
F6.0069,MT,1.81,6.0,FORRO AVULSO VARIADOS OXFORD,ADRILAR
T20.0251,GO,20.5,59.0,TOALHA DE MESA 160X160,RENDAM
T20.0251,TO,20.71,60.0,TOALHA DE MESA 160X160,RENDAM
T20.0251,PA,20.71,61.0,TOALHA DE MESA 160X160,RENDAM
T20.0251,MT,20.5,61.0,TOALHA DE MESA 160X160,RENDAM
T20.0252,GO,26.98,77.0,TOALHA DE MESA 160X217,RENDAM
T20.0252,TO,27.25,78.0,TOALHA DE MESA 160X217,RENDAM
T20.0252,PA,27.19,79.0,TOALHA DE MESA 160X217,RENDAM
T20.0252,MT,26.98,79.0,TOALHA DE MESA 160X217,RENDAM
C3.0571,GO,63.72,177.0,CORTINA EM TECIDO BLACKOUT IPANEMA 270X250,TOQUE IDEAL
C3.0571,TO,64.36,179.0,CORTINA EM TECIDO BLACKOUT IPANEMA 270X250,TOQUE IDEAL
C3.0571,PA,63.72,181.0,CORTINA EM TECIDO BLACKOUT IPANEMA 270X250,TOQUE IDEAL
C3.0571,MT,63.72,181.0,CORTINA EM TECIDO BLACKOUT IPANEMA 270X250,TOQUE IDEAL
C3.0570,GO,40.58,113.0,CORTINA EM TECIDO BLACKOUT IPANEMA 270X180,TOQUE IDEAL
C3.0570,TO,40.98,115.0,CORTINA EM TECIDO BLACKOUT IPANEMA 270X180,TOQUE IDEAL
C3.0570,PA,40.58,117.0,CORTINA EM TECIDO BLACKOUT IPANEMA 270X180,TOQUE IDEAL
C3.0570,MT,40.58,117.0,CORTINA EM TECIDO BLACKOUT IPANEMA 270X180,TOQUE IDEAL
C3.0572,GO,28.26,78.0,CONJUNTO P BOLO C 3 PCS LILLE EM INOX,CANDURA DIST
C3.0572,TO,28.54,79.0,CONJUNTO P BOLO C 3 PCS LILLE EM INOX,CANDURA DIST
C3.0572,PA,28.26,80.0,CONJUNTO P BOLO C 3 PCS LILLE EM INOX,CANDURA DIST
C3.0572,MT,28.26,80.0,CONJUNTO P BOLO C 3 PCS LILLE EM INOX,CANDURA DIST
C3.0573,GO,25.02,45.0,CONJUNTO DE TALHERES DECORADO 24 PCS,CANDURA DIST
C3.0573,TO,25.27,45.0,CONJUNTO DE TALHERES DECORADO 24 PCS,CANDURA DIST
C3.0573,PA,25.02,45.0,CONJUNTO DE TALHERES DECORADO 24 PCS,CANDURA DIST
C3.0573,MT,25.02,45.0,CONJUNTO DE TALHERES DECORADO 24 PCS,CANDURA DIST
V22.0017,GO,86.96,242.0,VARAL MEGA DE CHAO DOBRAVEL 3 ANDARES,CANDURA DIST
V22.0017,TO,87.83,244.0,VARAL MEGA DE CHAO DOBRAVEL 3 ANDARES,CANDURA DIST
V22.0017,PA,86.96,246.0,VARAL MEGA DE CHAO DOBRAVEL 3 ANDARES,CANDURA DIST
V22.0017,MT,86.96,246.0,VARAL MEGA DE CHAO DOBRAVEL 3 ANDARES,CANDURA DIST
S19.0019,GO,57.76,0.0,SANDUICHEIRA FAST GRILL INOX TOAST 127V,CANDURA DIST
S19.0019,TO,58.34,0.0,SANDUICHEIRA FAST GRILL INOX TOAST 127V,CANDURA DIST
S19.0019,PA,57.76,179.0,SANDUICHEIRA FAST GRILL INOX TOAST 127V,CANDURA DIST
S19.0019,MT,62.34,179.0,SANDUICHEIRA FAST GRILL INOX TOAST 127V,CANDURA DIST
M13.0078,GO,28.89,85.0,MANTA DE SOFA UGA UGA 160X230,DCAZA PAULO
M13.0078,TO,29.18,70.0,MANTA DE SOFA UGA UGA 160X230,DCAZA PAULO
M13.0078,PA,28.89,87.0,MANTA DE SOFA UGA UGA 160X230,DCAZA PAULO
M13.0078,MT,28.89,87.0,MANTA DE SOFA UGA UGA 160X230,DCAZA PAULO
C3.0535,GO,65.33,168.0,COLCHA DOTS 160X240 SOLTEIRO,ADRILAR
C3.0535,TO,65.99,172.0,COLCHA DOTS 160X240 SOLTEIRO,ADRILAR
C3.0535,PA,65.33,176.0,COLCHA DOTS 160X240 SOLTEIRO,ADRILAR
C3.0535,MT,65.33,176.0,COLCHA DOTS 160X240 SOLTEIRO,ADRILAR
C3.0536,GO,86.22,215.0,COLCHA DOTS 220X240 CASAL,ADRILAR
C3.0536,TO,87.09,220.0,COLCHA DOTS 220X240 CASAL,ADRILAR
C3.0536,PA,86.22,220.0,COLCHA DOTS 220X240 CASAL,ADRILAR
C3.0536,MT,86.22,220.0,COLCHA DOTS 220X240 CASAL,ADRILAR
C3.0537,GO,99.95,286.0,COLCHA DOTS RENDADA 240X260 QUEEN,ADRILAR
C3.0537,TO,103.31,296.0,COLCHA DOTS RENDADA 240X260 QUEEN,ADRILAR
C3.0537,PA,102.07,296.0,COLCHA DOTS RENDADA 240X260 QUEEN,ADRILAR
C3.0537,MT,101.13,290.0,COLCHA DOTS RENDADA 240X260 QUEEN,ADRILAR
C3.0538,GO,109.39,315.0,COLCHA DOTS RENDADA 260X280 KING,ADRILAR
C3.0538,TO,115.48,332.0,COLCHA DOTS RENDADA 260X280 KING,ADRILAR
C3.0538,PA,114.11,332.0,COLCHA DOTS RENDADA 260X280 KING,ADRILAR
C3.0538,MT,113.03,324.0,COLCHA DOTS RENDADA 260X280 KING,ADRILAR
C3.0539,GO,127.61,264.0,COLCHA DOTS 280X300 SUPER KING,ADRILAR
C3.0539,TO,128.89,266.0,COLCHA DOTS 280X300 SUPER KING,ADRILAR
C3.0539,PA,127.61,268.0,COLCHA DOTS 280X300 SUPER KING,ADRILAR
C3.0539,MT,127.61,268.0,COLCHA DOTS 280X300 SUPER KING,ADRILAR
B2.0157,GO,9.23,32.0,BALEIRO DE VIDRO 250ML 12CM,INGA IMPORT
B2.0157,TO,9.33,34.0,BALEIRO DE VIDRO 250ML 12CM,INGA IMPORT
B2.0157,PA,9.23,36.0,BALEIRO DE VIDRO 250ML 12CM,INGA IMPORT
B2.0157,MT,9.23,36.0,BALEIRO DE VIDRO 250ML 12CM,INGA IMPORT
B2.0158,GO,8.86,32.0,BOMBONIERE DE VIDRO FLORIDA 350 12CM,INGA IMPORT
B2.0158,TO,8.95,34.0,BOMBONIERE DE VIDRO FLORIDA 350 12CM,INGA IMPORT
B2.0158,PA,8.86,36.0,BOMBONIERE DE VIDRO FLORIDA 350 12CM,INGA IMPORT
B2.0158,MT,8.86,36.0,BOMBONIERE DE VIDRO FLORIDA 350 12CM,INGA IMPORT
B2.0159,GO,8.26,32.0,BOMBONIERE DE VIDRO MILAN 240 ML 11.5CM 12CM,INGA IMPORT
B2.0159,TO,8.34,34.0,BOMBONIERE DE VIDRO MILAN 240 ML 11.5CM 12CM,INGA IMPORT
B2.0159,PA,8.26,36.0,BOMBONIERE DE VIDRO MILAN 240 ML 11.5CM 12CM,INGA IMPORT
B2.0159,MT,8.26,36.0,BOMBONIERE DE VIDRO MILAN 240 ML 11.5CM 12CM,INGA IMPORT
B2.0160,GO,10.95,36.0,BOMBONIERE DE VIDRO SWITCH GOLD 250ML 12CM,INGA IMPORT
B2.0160,TO,11.05,38.0,BOMBONIERE DE VIDRO SWITCH GOLD 250ML 12CM,INGA IMPORT
B2.0160,PA,10.95,40.0,BOMBONIERE DE VIDRO SWITCH GOLD 250ML 12CM,INGA IMPORT
B2.0160,MT,10.95,40.0,BOMBONIERE DE VIDRO SWITCH GOLD 250ML 12CM,INGA IMPORT
C3.0567,GO,9.43,32.0,CONJ POTES DE VIDRO 360ML C TAMPA 12CM,0
C3.0567,TO,9.52,34.0,CONJ POTES DE VIDRO 360ML C TAMPA 12CM,0
C3.0567,PA,9.43,36.0,CONJ POTES DE VIDRO 360ML C TAMPA 12CM,0
C3.0567,MT,9.43,36.0,CONJ POTES DE VIDRO 360ML C TAMPA 12CM,0
J10.0119,GO,9.99,32.0,JG CANECA 170ML 3 PCS 24CM,INGA IMPORT
J10.0119,TO,10.09,34.0,JG CANECA 170ML 3 PCS 24CM,INGA IMPORT
J10.0119,PA,9.99,36.0,JG CANECA 170ML 3 PCS 24CM,INGA IMPORT
J10.0119,MT,9.99,36.0,JG CANECA 170ML 3 PCS 24CM,INGA IMPORT
J10.0120,GO,13.35,42.0,JG DE CANECA VIDRO AVILA,INGA IMPORT
J10.0120,TO,13.49,44.0,JG DE CANECA VIDRO AVILA,INGA IMPORT
J10.0120,PA,13.35,46.0,JG DE CANECA VIDRO AVILA,INGA IMPORT
J10.0120,MT,13.35,46.0,JG DE CANECA VIDRO AVILA,INGA IMPORT
J10.0121,GO,10.04,31.0,JG DE CANECA VIDRO DE CAPPUCCINO 240ML C 3PCS 12CM,INGA IMPORT
J10.0121,TO,10.14,32.0,JG DE CANECA VIDRO DE CAPPUCCINO 240ML C 3PCS 12CM,INGA IMPORT
J10.0121,PA,10.04,34.0,JG DE CANECA VIDRO DE CAPPUCCINO 240ML C 3PCS 12CM,INGA IMPORT
J10.0121,MT,10.04,34.0,JG DE CANECA VIDRO DE CAPPUCCINO 240ML C 3PCS 12CM,INGA IMPORT
J10.0122,GO,10.67,36.0,JG DE COPO DE VIDRO MERONA C 6 PCS 65ML 12CM,INGA IMPORT
J10.0122,TO,10.78,38.0,JG DE COPO DE VIDRO MERONA C 6 PCS 65ML 12CM,INGA IMPORT
J10.0122,PA,10.67,40.0,JG DE COPO DE VIDRO MERONA C 6 PCS 65ML 12CM,INGA IMPORT
J10.0122,MT,10.67,40.0,JG DE COPO DE VIDRO MERONA C 6 PCS 65ML 12CM,INGA IMPORT
J10.0123,GO,8.91,36.0,JG DE TACAS DE VIDRO P SOBREMESA TOFFEE 10CM 110ML C 6 PCS 18CM,INGA IMPORT
J10.0123,TO,9.0,38.0,JG DE TACAS DE VIDRO P SOBREMESA TOFFEE 10CM 110ML C 6 PCS 18CM,INGA IMPORT
J10.0123,PA,8.91,40.0,JG DE TACAS DE VIDRO P SOBREMESA TOFFEE 10CM 110ML C 6 PCS 18CM,INGA IMPORT
J10.0123,MT,8.91,40.0,JG DE TACAS DE VIDRO P SOBREMESA TOFFEE 10CM 110ML C 6 PCS 18CM,INGA IMPORT
J10.0124,GO,10.56,32.0,JG XICARAS DE VIDRO P CAFE 90ML MAROCCOS DIAMANTE C 5PCS 14CM,INGA IMPORT
J10.0124,TO,10.66,34.0,JG XICARAS DE VIDRO P CAFE 90ML MAROCCOS DIAMANTE C 5PCS 14CM,INGA IMPORT
J10.0124,PA,10.56,36.0,JG XICARAS DE VIDRO P CAFE 90ML MAROCCOS DIAMANTE C 5PCS 14CM,INGA IMPORT
J10.0124,MT,10.56,36.0,JG XICARAS DE VIDRO P CAFE 90ML MAROCCOS DIAMANTE C 5PCS 14CM,INGA IMPORT
P16.0184,GO,13.51,20.0,POTE PLASTICO HERMETICO REETANGULAR C TAMPA 16X10.5X8CM 24CM,INGA IMPORT
P16.0184,TO,13.65,20.0,POTE PLASTICO HERMETICO REETANGULAR C TAMPA 16X10.5X8CM 24CM,INGA IMPORT
P16.0184,PA,13.51,20.0,POTE PLASTICO HERMETICO REETANGULAR C TAMPA 16X10.5X8CM 24CM,INGA IMPORT
P16.0184,MT,13.51,20.0,POTE PLASTICO HERMETICO REETANGULAR C TAMPA 16X10.5X8CM 24CM,INGA IMPORT
P16.0185,GO,6.73,22.0,POTE DE  VIDRO 250ML 36CM,INGA IMPORT
P16.0185,TO,6.79,23.0,POTE DE  VIDRO 250ML 36CM,INGA IMPORT
P16.0185,PA,6.73,24.0,POTE DE  VIDRO 250ML 36CM,INGA IMPORT
P16.0185,MT,6.73,24.0,POTE DE  VIDRO 250ML 36CM,INGA IMPORT
P16.0186,GO,17.67,52.0,POTE DE VIDRO HERMETICO RETANGULAR C DIVISORIA VERM 630ML 12CM,INGA IMPORT
P16.0186,TO,17.85,53.0,POTE DE VIDRO HERMETICO RETANGULAR C DIVISORIA VERM 630ML 12CM,INGA IMPORT
P16.0186,PA,17.67,54.0,POTE DE VIDRO HERMETICO RETANGULAR C DIVISORIA VERM 630ML 12CM,INGA IMPORT
P16.0186,MT,17.67,54.0,POTE DE VIDRO HERMETICO RETANGULAR C DIVISORIA VERM 630ML 12CM,INGA IMPORT
L12.0116,GO,38.74,114.0,LAMPIAO LED,LUI ELETRONICOS
L12.0116,TO,40.1,116.0,LAMPIAO LED,LUI ELETRONICOS
L12.0116,PA,38.74,118.0,LAMPIAO LED,LUI ELETRONICOS
L12.0116,MT,38.74,118.0,LAMPIAO LED,LUI ELETRONICOS
C3.0569,GO,33.54,106.0,COPO TERMICO C CANUDO 1.200ML,LUI ELETRONICOS
C3.0569,TO,34.45,122.0,COPO TERMICO C CANUDO 1.200ML,LUI ELETRONICOS
C3.0569,PA,34.63,108.0,COPO TERMICO C CANUDO 1.200ML,LUI ELETRONICOS
C3.0569,MT,32.6,106.0,COPO TERMICO C CANUDO 1.200ML,LUI ELETRONICOS
J10.0126,GO,351.39,875.0,JOGO DE PANELA MAGNUM 16 24 T VIDRO,PRALUM
J10.0126,TO,354.9,877.0,JOGO DE PANELA MAGNUM 16 24 T VIDRO,PRALUM
J10.0126,PA,351.39,879.0,JOGO DE PANELA MAGNUM 16 24 T VIDRO,PRALUM
J10.0126,MT,351.39,879.0,JOGO DE PANELA MAGNUM 16 24 T VIDRO,PRALUM
J10.0127,GO,42.65,119.0,JOGO DE BANHEIRO 2 PCS SOFT FELL,NYCOLLY
J10.0127,TO,43.07,121.0,JOGO DE BANHEIRO 2 PCS SOFT FELL,NYCOLLY
J10.0127,PA,42.65,123.0,JOGO DE BANHEIRO 2 PCS SOFT FELL,NYCOLLY
J10.0127,MT,42.65,123.0,JOGO DE BANHEIRO 2 PCS SOFT FELL,NYCOLLY
C3.0574,GO,51.18,127.0,CADEIRA DE CAMPING JNK2404,MARTINS COMERCIO
C3.0574,TO,52.12,129.0,CADEIRA DE CAMPING JNK2404,MARTINS COMERCIO
C3.0574,PA,54.04,131.0,CADEIRA DE CAMPING JNK2404,MARTINS COMERCIO
C3.0574,MT,51.18,131.0,CADEIRA DE CAMPING JNK2404,MARTINS COMERCIO
L12.0117,GO,30.31,84.0,LIXEIRA EM INOX REDONDA 5LTS KH5L,MARTINS COMERCIO
L12.0117,TO,30.61,86.0,LIXEIRA EM INOX REDONDA 5LTS KH5L,MARTINS COMERCIO
L12.0117,PA,30.31,88.0,LIXEIRA EM INOX REDONDA 5LTS KH5L,MARTINS COMERCIO
L12.0117,MT,30.31,88.0,LIXEIRA EM INOX REDONDA 5LTS KH5L,MARTINS COMERCIO
L12.0118,GO,41.13,114.0,LIXEIRA EM INOX REDONDA 8LTS KH8L,MARTINS COMERCIO
L12.0118,TO,41.54,116.0,LIXEIRA EM INOX REDONDA 8LTS KH8L,MARTINS COMERCIO
L12.0118,PA,41.13,118.0,LIXEIRA EM INOX REDONDA 8LTS KH8L,MARTINS COMERCIO
L12.0118,MT,41.13,118.0,LIXEIRA EM INOX REDONDA 8LTS KH8L,MARTINS COMERCIO
K11.0148,GO,193.72,554.0,KIT PANELA DE PRESSAO FECHAMENTO EXTERNO ROUGER MTRC,ALUMINIO MARCOLAR
K11.0148,TO,164.68,441.0,KIT PANELA DE PRESSAO FECHAMENTO EXTERNO ROUGER MTRC,ALUMINIO MARCOLAR
K11.0148,PA,169.85,443.0,KIT PANELA DE PRESSAO FECHAMENTO EXTERNO ROUGER MTRC,ALUMINIO MARCOLAR
K11.0148,MT,162.15,556.0,KIT PANELA DE PRESSAO FECHAMENTO EXTERNO ROUGER MTRC,ALUMINIO MARCOLAR
P16.0187,GO,110.17,316.0,PANELA PRESSAO 3LT FECHAMENTO EXTERNO ROUGER MT,ALUMINIO MARCOLAR
P16.0187,TO,93.25,250.0,PANELA PRESSAO 3LT FECHAMENTO EXTERNO ROUGER MT,ALUMINIO MARCOLAR
P16.0187,PA,96.86,252.0,PANELA PRESSAO 3LT FECHAMENTO EXTERNO ROUGER MT,ALUMINIO MARCOLAR
P16.0187,MT,90.6,252.0,PANELA PRESSAO 3LT FECHAMENTO EXTERNO ROUGER MT,ALUMINIO MARCOLAR
P16.0188,GO,117.67,337.0,PANELA PRESSAO 4.5LT FECHAMENTO EXTERNO ROUGER MT,ALUMINIO MARCOLAR
P16.0188,TO,99.95,267.0,PANELA PRESSAO 4.5LT FECHAMENTO EXTERNO ROUGER MT,ALUMINIO MARCOLAR
P16.0188,PA,102.92,269.0,PANELA PRESSAO 4.5LT FECHAMENTO EXTERNO ROUGER MT,ALUMINIO MARCOLAR
P16.0188,MT,97.46,269.0,PANELA PRESSAO 4.5LT FECHAMENTO EXTERNO ROUGER MT,ALUMINIO MARCOLAR
P16.0189,GO,118.55,330.0,PANELA FUNDIDA N40CM,DENISE ALUMINIOS ALUMINIOS
P16.0189,TO,119.74,332.0,PANELA FUNDIDA N40CM,DENISE ALUMINIOS ALUMINIOS
P16.0189,PA,118.55,334.0,PANELA FUNDIDA N40CM,DENISE ALUMINIOS ALUMINIOS
P16.0189,MT,118.55,334.0,PANELA FUNDIDA N40CM,DENISE ALUMINIOS ALUMINIOS
C3.0575,GO,23.82,90.0,COLCHA SOLTEIRO MALHA RETALHO,ADRILAR
C3.0575,TO,24.06,90.0,COLCHA SOLTEIRO MALHA RETALHO,ADRILAR
C3.0575,PA,23.82,90.0,COLCHA SOLTEIRO MALHA RETALHO,ADRILAR
C3.0575,MT,23.82,90.0,COLCHA SOLTEIRO MALHA RETALHO,ADRILAR
C3.0568,GO,57.95,162.0,CORTINA PARIS EM TECIDO JACQUARD 280X180,KAUN BORDADOS
C3.0568,TO,58.53,164.0,CORTINA PARIS EM TECIDO JACQUARD 280X180,KAUN BORDADOS
C3.0568,PA,57.95,166.0,CORTINA PARIS EM TECIDO JACQUARD 280X180,KAUN BORDADOS
C3.0568,MT,57.95,166.0,CORTINA PARIS EM TECIDO JACQUARD 280X180,KAUN BORDADOS
J10.0128,GO,213.7,572.0,JOGO CACAROLAS AMTL 26 30,METALURGICA CACAROLA LTDA
J10.0128,TO,215.83,574.0,JOGO CACAROLAS AMTL 26 30,METALURGICA CACAROLA LTDA
J10.0128,PA,213.7,576.0,JOGO CACAROLAS AMTL 26 30,METALURGICA CACAROLA LTDA
J10.0128,MT,213.7,576.0,JOGO CACAROLAS AMTL 26 30,METALURGICA CACAROLA LTDA
F6.0070,GO,220.72,582.0,FRITADEIRA ELETRICA CENTURY 3.8LTS 127 220VOLTS 814241,CANDURA DIST
F6.0070,TO,222.58,584.0,FRITADEIRA ELETRICA CENTURY 3.8LTS 127 220VOLTS 814241,CANDURA DIST
F6.0070,PA,222.81,586.0,FRITADEIRA ELETRICA CENTURY 3.8LTS 127 220VOLTS 814241,CANDURA DIST
F6.0070,MT,220.72,586.0,FRITADEIRA ELETRICA CENTURY 3.8LTS 127 220VOLTS 814241,CANDURA DIST
J10.0129,GO,19.54,58.0,JOGO EVO FUNNY SUSTENTAVEL 4 PCS,EVO MATEUS AD
J10.0129,TO,19.74,59.0,JOGO EVO FUNNY SUSTENTAVEL 4 PCS,EVO MATEUS AD
J10.0129,PA,19.54,60.0,JOGO EVO FUNNY SUSTENTAVEL 4 PCS,EVO MATEUS AD
J10.0129,MT,19.54,60.0,JOGO EVO FUNNY SUSTENTAVEL 4 PCS,EVO MATEUS AD
T20.0253,GO,10.25,29.0,TAPETE CHENILLE SHAGGY SMART SRT 038X058 SORTIDO,NIAZITEX
T20.0253,TO,10.36,30.0,TAPETE CHENILLE SHAGGY SMART SRT 038X058 SORTIDO,NIAZITEX
T20.0253,PA,10.25,31.0,TAPETE CHENILLE SHAGGY SMART SRT 038X058 SORTIDO,NIAZITEX
T20.0253,MT,10.25,25.0,TAPETE CHENILLE SHAGGY SMART SRT 038X058 SORTIDO,NIAZITEX
P16.0190,GO,57.64,163.0,PROTETOR DE SOFA TECIDO SUEDE,JOEL
P16.0190,TO,58.22,165.0,PROTETOR DE SOFA TECIDO SUEDE,JOEL
P16.0190,PA,57.64,167.0,PROTETOR DE SOFA TECIDO SUEDE,JOEL
P16.0190,MT,57.64,167.0,PROTETOR DE SOFA TECIDO SUEDE,JOEL
J10.0130,GO,41.15,116.0,JG DE COZINHA 8PCS PINTADO COM GLITER,JOEL
J10.0130,TO,41.56,118.0,JG DE COZINHA 8PCS PINTADO COM GLITER,JOEL
J10.0130,PA,41.15,120.0,JG DE COZINHA 8PCS PINTADO COM GLITER,JOEL
J10.0130,MT,41.15,120.0,JG DE COZINHA 8PCS PINTADO COM GLITER,JOEL
J10.0131,GO,22.38,64.0,JG TAPETE 3PCS MALHA,JOEL
J10.0131,TO,22.6,66.0,JG TAPETE 3PCS MALHA,JOEL
J10.0131,PA,22.38,68.0,JG TAPETE 3PCS MALHA,JOEL
J10.0131,MT,22.38,68.0,JG TAPETE 3PCS MALHA,JOEL
J10.0132,GO,32.53,92.0,JG CANECO 3PCS ALUMINIO,JOEL
J10.0132,TO,32.86,94.0,JG CANECO 3PCS ALUMINIO,JOEL
J10.0132,PA,32.53,96.0,JG CANECO 3PCS ALUMINIO,JOEL
J10.0132,MT,32.53,96.0,JG CANECO 3PCS ALUMINIO,JOEL
J10.0133,GO,51.75,150.0,JG ASSADEIRA 4PCS ALUMINIO,JOEL
J10.0133,TO,52.26,152.0,JG ASSADEIRA 4PCS ALUMINIO,JOEL
J10.0133,PA,52.83,154.0,JG ASSADEIRA 4PCS ALUMINIO,JOEL
J10.0133,MT,51.75,154.0,JG ASSADEIRA 4PCS ALUMINIO,JOEL
P16.0191,GO,46.83,135.0,PASSADEIRA GEOMETRICA 060X200 FIO TINTO,DCAZA
P16.0191,TO,47.19,136.0,PASSADEIRA GEOMETRICA 060X200 FIO TINTO,DCAZA
P16.0191,PA,46.14,132.0,PASSADEIRA GEOMETRICA 060X200 FIO TINTO,DCAZA
P16.0191,MT,46.14,132.0,PASSADEIRA GEOMETRICA 060X200 FIO TINTO,DCAZA
T20.0254,GO,50.52,141.0,TAPETE PASSADEIRA ALTO RELEVO LISO 060X200,DCAZA
T20.0254,TO,51.03,143.0,TAPETE PASSADEIRA ALTO RELEVO LISO 060X200,DCAZA
T20.0254,PA,50.52,145.0,TAPETE PASSADEIRA ALTO RELEVO LISO 060X200,DCAZA
T20.0254,MT,50.52,145.0,TAPETE PASSADEIRA ALTO RELEVO LISO 060X200,DCAZA
C3.0541,GO,65.33,130.0,COLCHA ULTRASSONICA BOUTIS SOLTEIRO 160X240,ADRILAR
C3.0541,TO,65.99,130.0,COLCHA ULTRASSONICA BOUTIS SOLTEIRO 160X240,ADRILAR
C3.0541,PA,65.33,130.0,COLCHA ULTRASSONICA BOUTIS SOLTEIRO 160X240,ADRILAR
C3.0541,MT,65.33,130.0,COLCHA ULTRASSONICA BOUTIS SOLTEIRO 160X240,ADRILAR
C3.0542,GO,86.22,140.0,COLCHA ULTRASSONICA BOUTIS CASAL 220X240,ADRILAR
C3.0542,TO,87.09,140.0,COLCHA ULTRASSONICA BOUTIS CASAL 220X240,ADRILAR
C3.0542,PA,86.22,140.0,COLCHA ULTRASSONICA BOUTIS CASAL 220X240,ADRILAR
C3.0542,MT,86.22,140.0,COLCHA ULTRASSONICA BOUTIS CASAL 220X240,ADRILAR
C3.0543,GO,96.44,170.0,COLCHA ULTRASSONICA BOUTIS QUEEN 240X260,ADRILAR
C3.0543,TO,97.4,170.0,COLCHA ULTRASSONICA BOUTIS QUEEN 240X260,ADRILAR
C3.0543,PA,96.44,170.0,COLCHA ULTRASSONICA BOUTIS QUEEN 240X260,ADRILAR
C3.0543,MT,96.44,175.0,COLCHA ULTRASSONICA BOUTIS QUEEN 240X260,ADRILAR
C3.0544,GO,110.54,190.0,COLCHA ULTRASSONICA BOUTIS KING 260X280,ADRILAR
C3.0544,TO,111.65,190.0,COLCHA ULTRASSONICA BOUTIS KING 260X280,ADRILAR
C3.0544,PA,110.54,190.0,COLCHA ULTRASSONICA BOUTIS KING 260X280,ADRILAR
C3.0544,MT,110.54,195.0,COLCHA ULTRASSONICA BOUTIS KING 260X280,ADRILAR
C3.0093,GO,84.59,236.0,CORTINA ECLIPSE ESTAMPADA 2MTS,TATY
C3.0093,TO,85.43,238.0,CORTINA ECLIPSE ESTAMPADA 2MTS,TATY
C3.0093,PA,84.59,240.0,CORTINA ECLIPSE ESTAMPADA 2MTS,TATY
C3.0093,MT,84.59,240.0,CORTINA ECLIPSE ESTAMPADA 2MTS,TATY
K11.0149,GO,15.49,43.0,KIT CHURRASCO 3PCS,INGA IMPORT
K11.0149,TO,15.64,44.0,KIT CHURRASCO 3PCS,INGA IMPORT
K11.0149,PA,15.49,45.0,KIT CHURRASCO 3PCS,INGA IMPORT
K11.0149,MT,15.49,45.0,KIT CHURRASCO 3PCS,INGA IMPORT
P16.0180,GO,82.05,123.0,PERSIANA PVC 25MM 120X130,CONTHEY
P16.0180,TO,82.87,123.0,PERSIANA PVC 25MM 120X130,CONTHEY
P16.0180,PA,82.05,123.0,PERSIANA PVC 25MM 120X130,CONTHEY
P16.0180,MT,82.05,123.0,PERSIANA PVC 25MM 120X130,CONTHEY
P16.0181,GO,94.22,142.0,PERSIANA PVC 25MM 140X130,CONTHEY
P16.0181,TO,95.16,142.0,PERSIANA PVC 25MM 140X130,CONTHEY
P16.0181,PA,94.22,142.0,PERSIANA PVC 25MM 140X130,CONTHEY
P16.0181,MT,94.22,142.0,PERSIANA PVC 25MM 140X130,CONTHEY
P16.0182,GO,107.84,162.0,PERSIANA PVC 25MM 160X130,CONTHEY
P16.0182,TO,108.92,162.0,PERSIANA PVC 25MM 160X130,CONTHEY
P16.0182,PA,107.84,162.0,PERSIANA PVC 25MM 160X130,CONTHEY
P16.0182,MT,107.84,162.0,PERSIANA PVC 25MM 160X130,CONTHEY
E5.0027,GO,3.73,15.0,ESPONJA 3PCS,POWERMAID
E5.0027,TO,3.77,16.0,ESPONJA 3PCS,POWERMAID
E5.0027,PA,3.73,17.0,ESPONJA 3PCS,POWERMAID
E5.0027,MT,3.73,17.0,ESPONJA 3PCS,POWERMAID
S19.0020,GO,59.69,172.0,SANDUICHEIRA FAST GRILL INOX TOAST 220 V,CANDURA DIST
S19.0020,TO,58.0,176.0,SANDUICHEIRA FAST GRILL INOX TOAST 220 V,CANDURA DIST
S19.0020,PA,57.76,165.0,SANDUICHEIRA FAST GRILL INOX TOAST 220 V,CANDURA DIST
S19.0020,MT,57.76,165.0,SANDUICHEIRA FAST GRILL INOX TOAST 220 V,CANDURA DIST
L12.0120,GO,27.55,114.0,LAMPIAO LED BRANCO,LUI ELETRONICOS
L12.0120,TO,27.67,116.0,LAMPIAO LED BRANCO,LUI ELETRONICOS
L12.0120,PA,27.55,118.0,LAMPIAO LED BRANCO,LUI ELETRONICOS
L12.0120,MT,27.55,118.0,LAMPIAO LED BRANCO,LUI ELETRONICOS
R18.0023,GO,47.44,126.0,REDE  GEOMETRICA,NYCOLLY
R18.0023,TO,47.91,126.0,REDE  GEOMETRICA,NYCOLLY
R18.0023,PA,47.44,126.0,REDE  GEOMETRICA,NYCOLLY
R18.0023,MT,47.44,126.0,REDE  GEOMETRICA,NYCOLLY
C3.0578,GO,26.72,85.0,C - UTILIZAR,0
C3.0578,TO,26.99,78.0,C - UTILIZAR,0
C3.0578,PA,26.72,78.0,C - UTILIZAR,0
C3.0578,MT,26.72,78.0,C - UTILIZAR,0
C3.0579,GO,29.64,85.0,COBERTOR ONDULADO LISO QUEEN 220X240,NYCOLLY
C3.0579,TO,27.28,86.0,COBERTOR ONDULADO LISO QUEEN 220X240,NYCOLLY
C3.0579,PA,27.04,87.0,COBERTOR ONDULADO LISO QUEEN 220X240,NYCOLLY
C3.0579,MT,26.81,87.0,COBERTOR ONDULADO LISO QUEEN 220X240,NYCOLLY
C3.0576,GO,33.42,94.0,CONJUNTO FRANCESINHA 20 22,ALUMINIO PATO BRANCO
C3.0576,TO,33.76,96.0,CONJUNTO FRANCESINHA 20 22,ALUMINIO PATO BRANCO
C3.0576,PA,33.42,98.0,CONJUNTO FRANCESINHA 20 22,ALUMINIO PATO BRANCO
C3.0576,MT,33.42,98.0,CONJUNTO FRANCESINHA 20 22,ALUMINIO PATO BRANCO
C3.0577,GO,37.05,95.0,CHALEIRA PREMIUM 2.2LTS,ALUMINIO PATO BRANCO
C3.0577,TO,37.42,97.0,CHALEIRA PREMIUM 2.2LTS,ALUMINIO PATO BRANCO
C3.0577,PA,37.05,99.0,CHALEIRA PREMIUM 2.2LTS,ALUMINIO PATO BRANCO
C3.0577,MT,37.05,99.0,CHALEIRA PREMIUM 2.2LTS,ALUMINIO PATO BRANCO
B2.0161,GO,33.51,94.0,BULE PREMIUM TV 1.8LTS,ALUMINIO PATO BRANCO
B2.0161,TO,33.85,96.0,BULE PREMIUM TV 1.8LTS,ALUMINIO PATO BRANCO
B2.0161,PA,33.51,98.0,BULE PREMIUM TV 1.8LTS,ALUMINIO PATO BRANCO
B2.0161,MT,33.51,98.0,BULE PREMIUM TV 1.8LTS,ALUMINIO PATO BRANCO
T20.0256,GO,25.08,68.0,T BAN ADULTO ADRILAR VIVA COLORS  075X150,ADRILAR
T20.0256,TO,27.24,68.0,T BAN ADULTO ADRILAR VIVA COLORS  075X150,ADRILAR
T20.0256,PA,27.02,68.0,T BAN ADULTO ADRILAR VIVA COLORS  075X150,ADRILAR
T20.0256,MT,26.84,68.0,T BAN ADULTO ADRILAR VIVA COLORS  075X150,ADRILAR
C3.0581,GO,28.24,80.0,COBERTOR DIAMANTE TOPMAX VIES 200X220 CASAL 3197,NYCOLLY
C3.0581,TO,28.52,81.0,COBERTOR DIAMANTE TOPMAX VIES 200X220 CASAL 3197,NYCOLLY
C3.0581,PA,28.24,83.0,COBERTOR DIAMANTE TOPMAX VIES 200X220 CASAL 3197,NYCOLLY
C3.0581,MT,28.24,83.0,COBERTOR DIAMANTE TOPMAX VIES 200X220 CASAL 3197,NYCOLLY
K11.0150,GO,24.19,70.0,KIT PASSADEIRA PINTADO C FRANJA 3PCS,JOEL
K11.0150,TO,22.65,66.0,KIT PASSADEIRA PINTADO C FRANJA 3PCS,JOEL
K11.0150,PA,21.21,57.0,KIT PASSADEIRA PINTADO C FRANJA 3PCS,JOEL
K11.0150,MT,21.21,57.0,KIT PASSADEIRA PINTADO C FRANJA 3PCS,JOEL
C3.0583,GO,148.34,412.0,CORTINA LINHO BLACKOUT TECIDO 300X260 1833,JOSE ANTELMO
C3.0583,TO,149.82,414.0,CORTINA LINHO BLACKOUT TECIDO 300X260 1833,JOSE ANTELMO
C3.0583,PA,148.34,416.0,CORTINA LINHO BLACKOUT TECIDO 300X260 1833,JOSE ANTELMO
C3.0583,MT,148.34,416.0,CORTINA LINHO BLACKOUT TECIDO 300X260 1833,JOSE ANTELMO
C3.0582,GO,105.68,290.0,CORTINA LINHO BLACKOUT TECIDO 280X180 1832,JOSE ANTELMO
C3.0582,TO,106.73,292.0,CORTINA LINHO BLACKOUT TECIDO 280X180 1832,JOSE ANTELMO
C3.0582,PA,105.68,294.0,CORTINA LINHO BLACKOUT TECIDO 280X180 1832,JOSE ANTELMO
C3.0582,MT,105.68,294.0,CORTINA LINHO BLACKOUT TECIDO 280X180 1832,JOSE ANTELMO
X23.0006,GO,50.16,140.0,XICARAS DE CHA C PIRES 190ML 8PC,BRILHO DIAMAMTE
X23.0006,TO,50.66,142.0,XICARAS DE CHA C PIRES 190ML 8PC,BRILHO DIAMAMTE
X23.0006,PA,45.19,144.0,XICARAS DE CHA C PIRES 190ML 8PC,BRILHO DIAMAMTE
X23.0006,MT,50.16,144.0,XICARAS DE CHA C PIRES 190ML 8PC,BRILHO DIAMAMTE
T20.0255,GO,31.1,96.0,T BAN ADULTO ADRILAR LA BELLE  075X150,ADRILAR
T20.0255,TO,31.41,98.0,T BAN ADULTO ADRILAR LA BELLE  075X150,ADRILAR
T20.0255,PA,31.1,98.0,T BAN ADULTO ADRILAR LA BELLE  075X150,ADRILAR
T20.0255,MT,31.1,98.0,T BAN ADULTO ADRILAR LA BELLE  075X150,ADRILAR
E5.0028,GO,20.23,56.0,ESCOVA MAGICA 5 EM 1 KL 171,LUI ELETRONICOS
E5.0028,TO,20.43,57.0,ESCOVA MAGICA 5 EM 1 KL 171,LUI ELETRONICOS
E5.0028,PA,19.9,58.0,ESCOVA MAGICA 5 EM 1 KL 171,LUI ELETRONICOS
E5.0028,MT,20.23,58.0,ESCOVA MAGICA 5 EM 1 KL 171,LUI ELETRONICOS
R18.0024,GO,87.8,252.0,REDE FAVORITA,NYCOLLY
R18.0024,TO,84.72,254.0,REDE FAVORITA,NYCOLLY
R18.0024,PA,83.98,254.0,REDE FAVORITA,NYCOLLY
R18.0024,MT,83.29,252.0,REDE FAVORITA,NYCOLLY
T20.0260,GO,13.39,38.0,TAPETE SHINE OASIS ANTIDERRAPANTE 4682,NYCOLLY
T20.0260,TO,13.53,39.0,TAPETE SHINE OASIS ANTIDERRAPANTE 4682,NYCOLLY
T20.0260,PA,13.39,40.0,TAPETE SHINE OASIS ANTIDERRAPANTE 4682,NYCOLLY
T20.0260,MT,13.39,40.0,TAPETE SHINE OASIS ANTIDERRAPANTE 4682,NYCOLLY
C3.0594,GO,28.11,79.0,CORTINA PARA COZINHA 150X250 C BANDO UVA,RENDAN
C3.0594,TO,28.39,80.0,CORTINA PARA COZINHA 150X250 C BANDO UVA,RENDAN
C3.0594,PA,27.62,81.0,CORTINA PARA COZINHA 150X250 C BANDO UVA,RENDAN
C3.0594,MT,28.11,81.0,CORTINA PARA COZINHA 150X250 C BANDO UVA,RENDAN
C3.0595,GO,6.23,20.0,CAMINHO DE MESA PREMIUM 040X150 ESTAMPADO,RENDAN
C3.0595,TO,6.29,21.0,CAMINHO DE MESA PREMIUM 040X150 ESTAMPADO,RENDAN
C3.0595,PA,5.74,22.0,CAMINHO DE MESA PREMIUM 040X150 ESTAMPADO,RENDAN
C3.0595,MT,6.23,22.0,CAMINHO DE MESA PREMIUM 040X150 ESTAMPADO,RENDAN
B2.0165,GO,14.28,33.0,BOMBA ELETRICA P GALAO DE AGUA CARREGAMENTO USB BIVOLT 13560,INGA IMPORT
B2.0165,TO,14.43,40.0,BOMBA ELETRICA P GALAO DE AGUA CARREGAMENTO USB BIVOLT 13560,INGA IMPORT
B2.0165,PA,14.28,41.0,BOMBA ELETRICA P GALAO DE AGUA CARREGAMENTO USB BIVOLT 13560,INGA IMPORT
B2.0165,MT,14.28,41.0,BOMBA ELETRICA P GALAO DE AGUA CARREGAMENTO USB BIVOLT 13560,INGA IMPORT
C3.0584,GO,45.93,166.0,CJ JARRA DE VIDRO BONJOUR 1.8LT 6 COPOS 200ML 13583,INGA IMPORT
C3.0584,TO,52.07,168.0,CJ JARRA DE VIDRO BONJOUR 1.8LT 6 COPOS 200ML 13583,INGA IMPORT
C3.0584,PA,51.55,170.0,CJ JARRA DE VIDRO BONJOUR 1.8LT 6 COPOS 200ML 13583,INGA IMPORT
C3.0584,MT,51.55,170.0,CJ JARRA DE VIDRO BONJOUR 1.8LT 6 COPOS 200ML 13583,INGA IMPORT
C3.0585,GO,45.8,166.0,CJ JARRA DE VIDRO FLORES 1.8LT 6 COPOS 250ML 13581,INGA IMPORT
C3.0585,TO,47.99,168.0,CJ JARRA DE VIDRO FLORES 1.8LT 6 COPOS 250ML 13581,INGA IMPORT
C3.0585,PA,47.52,170.0,CJ JARRA DE VIDRO FLORES 1.8LT 6 COPOS 250ML 13581,INGA IMPORT
C3.0585,MT,47.52,170.0,CJ JARRA DE VIDRO FLORES 1.8LT 6 COPOS 250ML 13581,INGA IMPORT
C3.0586,GO,51.55,166.0,CJ JARRA DE VIDRO WAVES 1.8LT 6 COPOS 210ML 13579,INGA IMPORT
C3.0586,TO,52.07,168.0,CJ JARRA DE VIDRO WAVES 1.8LT 6 COPOS 210ML 13579,INGA IMPORT
C3.0586,PA,51.55,170.0,CJ JARRA DE VIDRO WAVES 1.8LT 6 COPOS 210ML 13579,INGA IMPORT
C3.0586,MT,51.55,170.0,CJ JARRA DE VIDRO WAVES 1.8LT 6 COPOS 210ML 13579,INGA IMPORT
C3.0587,GO,34.89,104.0,CJ PORTA CONDIMENTOS DE VIDRO GIRATORIO C 12 POTES 85ML 16488,INGA IMPORT
C3.0587,TO,39.79,116.0,CJ PORTA CONDIMENTOS DE VIDRO GIRATORIO C 12 POTES 85ML 16488,INGA IMPORT
C3.0587,PA,40.82,120.0,CJ PORTA CONDIMENTOS DE VIDRO GIRATORIO C 12 POTES 85ML 16488,INGA IMPORT
C3.0587,MT,37.47,108.0,CJ PORTA CONDIMENTOS DE VIDRO GIRATORIO C 12 POTES 85ML 16488,INGA IMPORT
J10.0140,GO,22.3,58.0,JG TALHERES BERLIM VERMELHO C PORTA TALHERES 25PCS 13142,INGA IMPORT
J10.0140,TO,22.52,59.0,JG TALHERES BERLIM VERMELHO C PORTA TALHERES 25PCS 13142,INGA IMPORT
J10.0140,PA,22.3,60.0,JG TALHERES BERLIM VERMELHO C PORTA TALHERES 25PCS 13142,INGA IMPORT
J10.0140,MT,22.3,60.0,JG TALHERES BERLIM VERMELHO C PORTA TALHERES 25PCS 13142,INGA IMPORT
J10.0141,GO,48.52,162.0,JG DE JARRA EVEREST 1.8LT 6 COPOS 250ML 17148,INGA IMPORT
J10.0141,TO,49.0,168.0,JG DE JARRA EVEREST 1.8LT 6 COPOS 250ML 17148,INGA IMPORT
J10.0141,PA,48.52,170.0,JG DE JARRA EVEREST 1.8LT 6 COPOS 250ML 17148,INGA IMPORT
J10.0141,MT,48.52,170.0,JG DE JARRA EVEREST 1.8LT 6 COPOS 250ML 17148,INGA IMPORT
J10.0142,GO,28.75,72.0,JG PORTA CONDIMENTOS GIRATORIO 6 PTS 85ML 16489,INGA IMPORT
J10.0142,TO,29.04,73.0,JG PORTA CONDIMENTOS GIRATORIO 6 PTS 85ML 16489,INGA IMPORT
J10.0142,PA,30.25,74.0,JG PORTA CONDIMENTOS GIRATORIO 6 PTS 85ML 16489,INGA IMPORT
J10.0142,MT,28.75,74.0,JG PORTA CONDIMENTOS GIRATORIO 6 PTS 85ML 16489,INGA IMPORT
B2.0162,GO,30.88,90.0,BOMBONIERE DE VIDRO BOHEMIA 900ML COM PE 14666,INGA IMPORT
B2.0162,TO,31.19,91.0,BOMBONIERE DE VIDRO BOHEMIA 900ML COM PE 14666,INGA IMPORT
B2.0162,PA,30.88,92.0,BOMBONIERE DE VIDRO BOHEMIA 900ML COM PE 14666,INGA IMPORT
B2.0162,MT,30.88,92.0,BOMBONIERE DE VIDRO BOHEMIA 900ML COM PE 14666,INGA IMPORT
M13.0079,GO,29.55,101.0,MOP GIRATORIO 360 C CESTO INOX 9LT 15834,INGA IMPORT
M13.0079,TO,32.02,103.0,MOP GIRATORIO 360 C CESTO INOX 9LT 15834,INGA IMPORT
M13.0079,PA,31.74,105.0,MOP GIRATORIO 360 C CESTO INOX 9LT 15834,INGA IMPORT
M13.0079,MT,31.51,105.0,MOP GIRATORIO 360 C CESTO INOX 9LT 15834,INGA IMPORT
P16.0192,GO,10.7,31.0,PEGADOR DE MASSAS INOX GOLD 33CM 11097,INGA IMPORT
P16.0192,TO,10.8,32.0,PEGADOR DE MASSAS INOX GOLD 33CM 11097,INGA IMPORT
P16.0192,PA,10.7,33.0,PEGADOR DE MASSAS INOX GOLD 33CM 11097,INGA IMPORT
P16.0192,MT,10.7,33.0,PEGADOR DE MASSAS INOX GOLD 33CM 11097,INGA IMPORT
P16.0193,GO,5.28,15.0,PEGADOR DE SALADAS INOX SILVER 23CM 10650,INGA IMPORT
P16.0193,TO,5.33,16.0,PEGADOR DE SALADAS INOX SILVER 23CM 10650,INGA IMPORT
P16.0193,PA,5.28,17.0,PEGADOR DE SALADAS INOX SILVER 23CM 10650,INGA IMPORT
P16.0193,MT,5.28,17.0,PEGADOR DE SALADAS INOX SILVER 23CM 10650,INGA IMPORT
P16.0194,GO,7.95,26.0,PROCESSADOR DE ALIMENTOS 500ML C 3 LAMINAS INOX 12.5X9CM 16269,INGA IMPORT
P16.0194,TO,8.67,28.0,PROCESSADOR DE ALIMENTOS 500ML C 3 LAMINAS INOX 12.5X9CM 16269,INGA IMPORT
P16.0194,PA,8.59,29.0,PROCESSADOR DE ALIMENTOS 500ML C 3 LAMINAS INOX 12.5X9CM 16269,INGA IMPORT
P16.0194,MT,8.53,26.0,PROCESSADOR DE ALIMENTOS 500ML C 3 LAMINAS INOX 12.5X9CM 16269,INGA IMPORT
P16.0195,GO,10.39,50.0,PROCESSADOR DE ALIMENTOS 900ML C 5 LAMINAS INOX 13.5X12.5CM 135559,INGA IMPORT
P16.0195,TO,13.71,51.0,PROCESSADOR DE ALIMENTOS 900ML C 5 LAMINAS INOX 13.5X12.5CM 135559,INGA IMPORT
P16.0195,PA,13.58,52.0,PROCESSADOR DE ALIMENTOS 900ML C 5 LAMINAS INOX 13.5X12.5CM 135559,INGA IMPORT
P16.0195,MT,13.5,52.0,PROCESSADOR DE ALIMENTOS 900ML C 5 LAMINAS INOX 13.5X12.5CM 135559,INGA IMPORT
B2.0163,GO,25.52,70.0,BOMBONIERE DE VIDRO BERLIM 930ML 16144,INGA IMPORT
B2.0163,TO,25.75,71.0,BOMBONIERE DE VIDRO BERLIM 930ML 16144,INGA IMPORT
B2.0163,PA,25.52,72.0,BOMBONIERE DE VIDRO BERLIM 930ML 16144,INGA IMPORT
B2.0163,MT,25.52,72.0,BOMBONIERE DE VIDRO BERLIM 930ML 16144,INGA IMPORT
B2.0164,GO,5.93,18.0,BOMBONIERE DE VIDRO SWITCH GOLD 88ML 16153,INGA IMPORT
B2.0164,TO,5.99,19.0,BOMBONIERE DE VIDRO SWITCH GOLD 88ML 16153,INGA IMPORT
B2.0164,PA,5.93,20.0,BOMBONIERE DE VIDRO SWITCH GOLD 88ML 16153,INGA IMPORT
B2.0164,MT,5.93,20.0,BOMBONIERE DE VIDRO SWITCH GOLD 88ML 16153,INGA IMPORT
F6.0073,GO,84.42,218.0,FOGAREIRO ELETRICO C 2 BOCAS 2000W 127V,INGA IMPORT
F6.0073,TO,85.26,220.0,FOGAREIRO ELETRICO C 2 BOCAS 2000W 127V,INGA IMPORT
F6.0073,PA,84.42,222.0,FOGAREIRO ELETRICO C 2 BOCAS 2000W 127V,INGA IMPORT
F6.0073,MT,84.42,222.0,FOGAREIRO ELETRICO C 2 BOCAS 2000W 127V,INGA IMPORT
F6.0071,GO,11.37,33.0,FORMA QUADRADA DE SILICONE P AIRFRYER 1L 16.5X16.5X6 16017,INGA IMPORT
F6.0071,TO,11.48,34.0,FORMA QUADRADA DE SILICONE P AIRFRYER 1L 16.5X16.5X6 16017,INGA IMPORT
F6.0071,PA,11.37,35.0,FORMA QUADRADA DE SILICONE P AIRFRYER 1L 16.5X16.5X6 16017,INGA IMPORT
F6.0071,MT,11.37,35.0,FORMA QUADRADA DE SILICONE P AIRFRYER 1L 16.5X16.5X6 16017,INGA IMPORT
F6.0072,GO,10.5,30.0,FORMA QUADRADA DE SILICONE P AIRFRYER 1050ML 16.5X6 16016,INGA IMPORT
F6.0072,TO,10.6,31.0,FORMA QUADRADA DE SILICONE P AIRFRYER 1050ML 16.5X6 16016,INGA IMPORT
F6.0072,PA,10.5,32.0,FORMA QUADRADA DE SILICONE P AIRFRYER 1050ML 16.5X6 16016,INGA IMPORT
F6.0072,MT,10.5,32.0,FORMA QUADRADA DE SILICONE P AIRFRYER 1050ML 16.5X6 16016,INGA IMPORT
J10.0134,GO,11.91,36.0,JG CHURRASCO ATENAS 2 PCS GARFO 26X2CM FACA 30.5X3.5CM 14005,INGA IMPORT
J10.0134,TO,12.45,37.0,JG CHURRASCO ATENAS 2 PCS GARFO 26X2CM FACA 30.5X3.5CM 14005,INGA IMPORT
J10.0134,PA,12.33,38.0,JG CHURRASCO ATENAS 2 PCS GARFO 26X2CM FACA 30.5X3.5CM 14005,INGA IMPORT
J10.0134,MT,11.72,38.0,JG CHURRASCO ATENAS 2 PCS GARFO 26X2CM FACA 30.5X3.5CM 14005,INGA IMPORT
J10.0135,GO,31.61,95.0,JG DE CANECA VIDRO HANOVER 117ML 6PCS 16223,INGA IMPORT
J10.0135,TO,31.92,96.0,JG DE CANECA VIDRO HANOVER 117ML 6PCS 16223,INGA IMPORT
J10.0135,PA,31.61,97.0,JG DE CANECA VIDRO HANOVER 117ML 6PCS 16223,INGA IMPORT
J10.0135,MT,31.61,97.0,JG DE CANECA VIDRO HANOVER 117ML 6PCS 16223,INGA IMPORT
J10.0136,GO,11.89,35.0,JG DE XICARAS CAFE C PIRES DE VIDRO TURIN 90ML 6 PCS 18160,INGA IMPORT
J10.0136,TO,12.01,36.0,JG DE XICARAS CAFE C PIRES DE VIDRO TURIN 90ML 6 PCS 18160,INGA IMPORT
J10.0136,PA,11.89,37.0,JG DE XICARAS CAFE C PIRES DE VIDRO TURIN 90ML 6 PCS 18160,INGA IMPORT
J10.0136,MT,11.89,37.0,JG DE XICARAS CAFE C PIRES DE VIDRO TURIN 90ML 6 PCS 18160,INGA IMPORT
K11.0151,GO,60.34,176.0,KIT DE FACAS 05PCS 17757 17502 17504,INGA IMPORT
K11.0151,TO,68.26,196.0,KIT DE FACAS 05PCS 17757 17502 17504,INGA IMPORT
K11.0151,PA,67.59,196.0,KIT DE FACAS 05PCS 17757 17502 17504,INGA IMPORT
K11.0151,MT,59.32,176.0,KIT DE FACAS 05PCS 17757 17502 17504,INGA IMPORT
L12.0121,GO,26.18,72.0,LUMINARIA DE MESA ARTICULAVEL C CLIP BIVOLT 2.5A 29CM 10723,INGA IMPORT
L12.0121,TO,26.44,73.0,LUMINARIA DE MESA ARTICULAVEL C CLIP BIVOLT 2.5A 29CM 10723,INGA IMPORT
L12.0121,PA,26.18,74.0,LUMINARIA DE MESA ARTICULAVEL C CLIP BIVOLT 2.5A 29CM 10723,INGA IMPORT
L12.0121,MT,26.18,74.0,LUMINARIA DE MESA ARTICULAVEL C CLIP BIVOLT 2.5A 29CM 10723,INGA IMPORT
M13.0080,GO,5.98,17.0,MINI MIXER PORTATIL SEM FIO A PILHA 20CM 13037,INGA IMPORT
M13.0080,TO,6.04,18.0,MINI MIXER PORTATIL SEM FIO A PILHA 20CM 13037,INGA IMPORT
M13.0080,PA,5.98,19.0,MINI MIXER PORTATIL SEM FIO A PILHA 20CM 13037,INGA IMPORT
M13.0080,MT,5.98,19.0,MINI MIXER PORTATIL SEM FIO A PILHA 20CM 13037,INGA IMPORT
M13.0081,GO,44.57,129.0,MINI VARAL RETANGULAR C 36 PRENDEDORES 63.5X34.7CM 16329,INGA IMPORT
M13.0081,TO,45.01,131.0,MINI VARAL RETANGULAR C 36 PRENDEDORES 63.5X34.7CM 16329,INGA IMPORT
M13.0081,PA,44.57,133.0,MINI VARAL RETANGULAR C 36 PRENDEDORES 63.5X34.7CM 16329,INGA IMPORT
M13.0081,MT,44.57,133.0,MINI VARAL RETANGULAR C 36 PRENDEDORES 63.5X34.7CM 16329,INGA IMPORT
R18.0025,GO,9.51,28.0,RALADOR 4 FACES INOX 21CM,INGA IMPORT
R18.0025,TO,9.61,29.0,RALADOR 4 FACES INOX 21CM,INGA IMPORT
R18.0025,PA,9.51,30.0,RALADOR 4 FACES INOX 21CM,INGA IMPORT
R18.0025,MT,9.51,30.0,RALADOR 4 FACES INOX 21CM,INGA IMPORT
J10.0137,GO,32.08,93.0,JG DE XICARAS VIDRO C PIRES P CHA BOHEMIA 220ML 12PCS 18080,INGA IMPORT
J10.0137,TO,32.4,94.0,JG DE XICARAS VIDRO C PIRES P CHA BOHEMIA 220ML 12PCS 18080,INGA IMPORT
J10.0137,PA,32.08,95.0,JG DE XICARAS VIDRO C PIRES P CHA BOHEMIA 220ML 12PCS 18080,INGA IMPORT
J10.0137,MT,32.08,95.0,JG DE XICARAS VIDRO C PIRES P CHA BOHEMIA 220ML 12PCS 18080,INGA IMPORT
J10.0138,GO,32.12,94.0,JG DE XICARAS VIDRO C PIRES P CHA ZARA 220ML 12PCS 18098,INGA IMPORT
J10.0138,TO,32.44,95.0,JG DE XICARAS VIDRO C PIRES P CHA ZARA 220ML 12PCS 18098,INGA IMPORT
J10.0138,PA,32.12,96.0,JG DE XICARAS VIDRO C PIRES P CHA ZARA 220ML 12PCS 18098,INGA IMPORT
J10.0138,MT,32.12,96.0,JG DE XICARAS VIDRO C PIRES P CHA ZARA 220ML 12PCS 18098,INGA IMPORT
J10.0139,GO,35.07,97.0,JG DE XICARA VIDRO CAFE LORITA 150ML 12PCS 18094,INGA IMPORT
J10.0139,TO,35.43,98.0,JG DE XICARA VIDRO CAFE LORITA 150ML 12PCS 18094,INGA IMPORT
J10.0139,PA,35.07,99.0,JG DE XICARA VIDRO CAFE LORITA 150ML 12PCS 18094,INGA IMPORT
J10.0139,MT,35.07,99.0,JG DE XICARA VIDRO CAFE LORITA 150ML 12PCS 18094,INGA IMPORT
T20.0258,GO,4.96,20.0,TOALHA DE PISO ADRILAR PEZINHOS 050X070,ADRILAR
T20.0258,TO,5.01,20.0,TOALHA DE PISO ADRILAR PEZINHOS 050X070,ADRILAR
T20.0258,PA,4.96,20.0,TOALHA DE PISO ADRILAR PEZINHOS 050X070,ADRILAR
T20.0258,MT,4.96,20.0,TOALHA DE PISO ADRILAR PEZINHOS 050X070,ADRILAR
C3.0588,GO,127.33,275.0,COLCHA BELTON CASAL 220X240,CORTTEX
C3.0588,TO,128.6,275.0,COLCHA BELTON CASAL 220X240,CORTTEX
C3.0588,PA,127.33,275.0,COLCHA BELTON CASAL 220X240,CORTTEX
C3.0588,MT,127.33,275.0,COLCHA BELTON CASAL 220X240,CORTTEX
C3.0589,GO,138.9,209.0,COLCHA BELTON QUEEN 240X260,CORTTEX
C3.0589,TO,140.29,209.0,COLCHA BELTON QUEEN 240X260,CORTTEX
C3.0589,PA,138.9,209.0,COLCHA BELTON QUEEN 240X260,CORTTEX
C3.0589,MT,138.9,209.0,COLCHA BELTON QUEEN 240X260,CORTTEX
C3.0590,GO,162.05,288.0,COLCHA BELTON KING 260X280,CORTTEX
C3.0590,TO,163.67,288.0,COLCHA BELTON KING 260X280,CORTTEX
C3.0590,PA,162.05,288.0,COLCHA BELTON KING 260X280,CORTTEX
C3.0590,MT,162.05,288.0,COLCHA BELTON KING 260X280,CORTTEX
C3.0591,GO,122.43,225.0,COLCHA CELINE CASAL 220X240,CORTTEX
C3.0591,TO,108.43,225.0,COLCHA CELINE CASAL 220X240,CORTTEX
C3.0591,PA,107.36,225.0,COLCHA CELINE CASAL 220X240,CORTTEX
C3.0591,MT,107.36,225.0,COLCHA CELINE CASAL 220X240,CORTTEX
C3.0592,GO,120.2,238.0,COLCHA CELINE QUEEN 240X260,CORTTEX
C3.0592,TO,121.4,190.0,COLCHA CELINE QUEEN 240X260,CORTTEX
C3.0592,PA,120.2,238.0,COLCHA CELINE QUEEN 240X260,CORTTEX
C3.0592,MT,120.2,238.0,COLCHA CELINE QUEEN 240X260,CORTTEX
C3.0593,GO,131.46,250.0,COLCHA CELINE KING 260X280,CORTTEX
C3.0593,TO,132.77,238.0,COLCHA CELINE KING 260X280,CORTTEX
C3.0593,PA,131.46,250.0,COLCHA CELINE KING 260X280,CORTTEX
C3.0593,MT,131.46,250.0,COLCHA CELINE KING 260X280,CORTTEX
C3.0598,GO,40.69,118.0,COBERTOR DIAMOND TOPMAX CASAL 200X220,NYCOLLY
C3.0598,TO,36.23,104.0,COBERTOR DIAMOND TOPMAX CASAL 200X220,NYCOLLY
C3.0598,PA,35.87,106.0,COBERTOR DIAMOND TOPMAX CASAL 200X220,NYCOLLY
C3.0598,MT,43.79,126.0,COBERTOR DIAMOND TOPMAX CASAL 200X220,NYCOLLY
J10.0143,GO,226.47,632.0,JOGO DE CACAROLA USINADO AMTV16 24,METALURGICA CACAROLA LTDA
J10.0143,TO,228.73,634.0,JOGO DE CACAROLA USINADO AMTV16 24,METALURGICA CACAROLA LTDA
J10.0143,PA,226.47,636.0,JOGO DE CACAROLA USINADO AMTV16 24,METALURGICA CACAROLA LTDA
J10.0143,MT,226.47,636.0,JOGO DE CACAROLA USINADO AMTV16 24,METALURGICA CACAROLA LTDA
G7.0068,GO,13.59,40.0,GARRAFA DOBRAVEL COLORS 500ML,LUI ELETRONICOS
G7.0068,TO,13.91,41.0,GARRAFA DOBRAVEL COLORS 500ML,LUI ELETRONICOS
G7.0068,PA,15.29,42.0,GARRAFA DOBRAVEL COLORS 500ML,LUI ELETRONICOS
G7.0068,MT,13.59,42.0,GARRAFA DOBRAVEL COLORS 500ML,LUI ELETRONICOS
C3.0597,GO,34.91,100.0,CAIXA DE SOM BLUETOOTH 2 MICROFONES 6WKA,LUI ELETRONICOS
C3.0597,TO,35.26,102.0,CAIXA DE SOM BLUETOOTH 2 MICROFONES 6WKA,LUI ELETRONICOS
C3.0597,PA,29.65,102.0,CAIXA DE SOM BLUETOOTH 2 MICROFONES 6WKA,LUI ELETRONICOS
C3.0597,MT,34.91,100.0,CAIXA DE SOM BLUETOOTH 2 MICROFONES 6WKA,LUI ELETRONICOS
B2.0167,GO,64.49,98.0,BOIA INF C COLETE SALVA VIDAS AQUAKIDS NASH,NASH / BUTTERFLY COMERCIO E IND. LTDA
B2.0167,TO,67.13,98.0,BOIA INF C COLETE SALVA VIDAS AQUAKIDS NASH,NASH / BUTTERFLY COMERCIO E IND. LTDA
B2.0167,PA,65.35,98.0,BOIA INF C COLETE SALVA VIDAS AQUAKIDS NASH,NASH / BUTTERFLY COMERCIO E IND. LTDA
B2.0167,MT,64.49,98.0,BOIA INF C COLETE SALVA VIDAS AQUAKIDS NASH,NASH / BUTTERFLY COMERCIO E IND. LTDA
K11.0152,GO,31.03,47.0,KIT PRAIA RETRATIL Q ZP01242 ZP01243,ZOOP TOYS
K11.0152,TO,31.34,47.0,KIT PRAIA RETRATIL Q ZP01242 ZP01243,ZOOP TOYS
K11.0152,PA,31.64,47.0,KIT PRAIA RETRATIL Q ZP01242 ZP01243,ZOOP TOYS
K11.0152,MT,31.03,47.0,KIT PRAIA RETRATIL Q ZP01242 ZP01243,ZOOP TOYS
T20.0262,GO,126.36,369.0,TACHO FUNDIDO N40,DENISE ALUMINIOS ALUMINIOS
T20.0262,TO,128.41,371.0,TACHO FUNDIDO N40,DENISE ALUMINIOS ALUMINIOS
T20.0262,PA,137.68,373.0,TACHO FUNDIDO N40,DENISE ALUMINIOS ALUMINIOS
T20.0262,MT,126.36,373.0,TACHO FUNDIDO N40,DENISE ALUMINIOS ALUMINIOS
T20.0263,GO,184.44,532.0,TACHO FUNDIDO N50,DENISE ALUMINIOS ALUMINIOS
T20.0263,TO,186.58,534.0,TACHO FUNDIDO N50,DENISE ALUMINIOS ALUMINIOS
T20.0263,PA,198.16,536.0,TACHO FUNDIDO N50,DENISE ALUMINIOS ALUMINIOS
T20.0263,MT,184.44,536.0,TACHO FUNDIDO N50,DENISE ALUMINIOS ALUMINIOS
C3.0634,GO,64.85,197.0,CHAPA ACO CARBONO 27CM TAMPA,DENISE ALUMINIOS ALUMINIOS
C3.0634,TO,70.94,203.0,CHAPA ACO CARBONO 27CM TAMPA,DENISE ALUMINIOS ALUMINIOS
C3.0634,PA,73.6,201.0,CHAPA ACO CARBONO 27CM TAMPA,DENISE ALUMINIOS ALUMINIOS
C3.0634,MT,64.85,201.0,CHAPA ACO CARBONO 27CM TAMPA,DENISE ALUMINIOS ALUMINIOS
C3.0635,GO,110.2,324.0,CHAPA ACO CARBONO 41CM TAMPA,DENISE ALUMINIOS ALUMINIOS
C3.0635,TO,118.36,339.0,CHAPA ACO CARBONO 41CM TAMPA,DENISE ALUMINIOS ALUMINIOS
C3.0635,PA,120.94,328.0,CHAPA ACO CARBONO 41CM TAMPA,DENISE ALUMINIOS ALUMINIOS
C3.0635,MT,110.2,328.0,CHAPA ACO CARBONO 41CM TAMPA,DENISE ALUMINIOS ALUMINIOS
C3.0636,GO,197.95,566.0,CHAPA ACO CARBONO 51CM TAMPA,DENISE ALUMINIOS ALUMINIOS
C3.0636,TO,182.73,525.0,CHAPA ACO CARBONO 51CM TAMPA,DENISE ALUMINIOS ALUMINIOS
C3.0636,PA,194.48,527.0,CHAPA ACO CARBONO 51CM TAMPA,DENISE ALUMINIOS ALUMINIOS
C3.0636,MT,180.92,527.0,CHAPA ACO CARBONO 51CM TAMPA,DENISE ALUMINIOS ALUMINIOS
G7.0069,GO,34.04,120.0,COPO TERMICO 1.200ML ESTAMPADO C CANUDO,XDX TALHERES
G7.0069,TO,35.06,122.0,COPO TERMICO 1.200ML ESTAMPADO C CANUDO,XDX TALHERES
G7.0069,PA,34.74,124.0,COPO TERMICO 1.200ML ESTAMPADO C CANUDO,XDX TALHERES
G7.0069,MT,33.6,124.0,COPO TERMICO 1.200ML ESTAMPADO C CANUDO,XDX TALHERES
C3.0599,GO,56.76,157.0,COBERTOR TOQUE DE SEDA  POA 220X240,NIAZITEX
C3.0599,TO,57.32,159.0,COBERTOR TOQUE DE SEDA  POA 220X240,NIAZITEX
C3.0599,PA,56.76,161.0,COBERTOR TOQUE DE SEDA  POA 220X240,NIAZITEX
C3.0599,MT,56.76,161.0,COBERTOR TOQUE DE SEDA  POA 220X240,NIAZITEX
T20.0261,GO,13.75,40.0,TAPIOQUEIRA 8586 60UN,KEHOME
T20.0261,TO,18.19,52.0,TAPIOQUEIRA 8586 60UN,KEHOME
T20.0261,PA,19.15,56.0,TAPIOQUEIRA 8586 60UN,KEHOME
T20.0261,MT,13.75,40.0,TAPIOQUEIRA 8586 60UN,KEHOME
C3.0640,GO,48.47,139.0,COLCHA CAPRI ESTAMPADA CASAL 220X240 3PCS 4934,NYCOLLY
C3.0640,TO,48.95,141.0,COLCHA CAPRI ESTAMPADA CASAL 220X240 3PCS 4934,NYCOLLY
C3.0640,PA,48.47,143.0,COLCHA CAPRI ESTAMPADA CASAL 220X240 3PCS 4934,NYCOLLY
C3.0640,MT,48.47,143.0,COLCHA CAPRI ESTAMPADA CASAL 220X240 3PCS 4934,NYCOLLY
C3.0641,GO,52.13,139.0,COLCHA SIENA  LISA CASAL 220X240 3PCS 2530,NYCOLLY
C3.0641,TO,52.65,141.0,COLCHA SIENA  LISA CASAL 220X240 3PCS 2530,NYCOLLY
C3.0641,PA,52.13,143.0,COLCHA SIENA  LISA CASAL 220X240 3PCS 2530,NYCOLLY
C3.0641,MT,52.13,143.0,COLCHA SIENA  LISA CASAL 220X240 3PCS 2530,NYCOLLY
C3.0642,GO,65.98,181.0,COLCHA SIENA LISA KING 260X280 3PCS 4941,NYCOLLY
C3.0642,TO,80.34,230.0,COLCHA SIENA LISA KING 260X280 3PCS 4941,NYCOLLY
C3.0642,PA,65.98,185.0,COLCHA SIENA LISA KING 260X280 3PCS 4941,NYCOLLY
C3.0642,MT,65.98,185.0,COLCHA SIENA LISA KING 260X280 3PCS 4941,NYCOLLY
K11.0156,GO,63.61,181.0,KIT COLCHA BOLT ESTAMPADA KING 260X280 1645,NYCOLLY
K11.0156,TO,73.1,210.0,KIT COLCHA BOLT ESTAMPADA KING 260X280 1645,NYCOLLY
K11.0156,PA,63.61,185.0,KIT COLCHA BOLT ESTAMPADA KING 260X280 1645,NYCOLLY
K11.0156,MT,63.61,185.0,KIT COLCHA BOLT ESTAMPADA KING 260X280 1645,NYCOLLY
L12.0122,GO,55.24,98.0,LENCOL CASAL MALHA RAMADA,ADRILAR
L12.0122,TO,55.24,108.0,LENCOL CASAL MALHA RAMADA,ADRILAR
L12.0122,PA,55.24,108.0,LENCOL CASAL MALHA RAMADA,ADRILAR
L12.0122,MT,55.24,108.0,LENCOL CASAL MALHA RAMADA,ADRILAR
B2.0168,GO,26.06,76.0,BANDEJA DE PLASTICO POLIPROPILENO 34X24X4.5CM 8427,Y888 IMPORTACAO EXPORT
B2.0168,TO,26.51,78.0,BANDEJA DE PLASTICO POLIPROPILENO 34X24X4.5CM 8427,Y888 IMPORTACAO EXPORT
B2.0168,PA,26.41,78.0,BANDEJA DE PLASTICO POLIPROPILENO 34X24X4.5CM 8427,Y888 IMPORTACAO EXPORT
B2.0168,MT,26.06,76.0,BANDEJA DE PLASTICO POLIPROPILENO 34X24X4.5CM 8427,Y888 IMPORTACAO EXPORT
B2.0169,GO,27.05,78.0,BANDEJA DE PLASTICO POLIPROPILENO 35X4.5CM REDONDA 8430,Y888 IMPORTACAO EXPORT
B2.0169,TO,28.12,82.0,BANDEJA DE PLASTICO POLIPROPILENO 35X4.5CM REDONDA 8430,Y888 IMPORTACAO EXPORT
B2.0169,PA,27.65,82.0,BANDEJA DE PLASTICO POLIPROPILENO 35X4.5CM REDONDA 8430,Y888 IMPORTACAO EXPORT
B2.0169,MT,27.05,78.0,BANDEJA DE PLASTICO POLIPROPILENO 35X4.5CM REDONDA 8430,Y888 IMPORTACAO EXPORT
F6.0074,GO,36.94,110.0,FRIGIDEIRA DE METAL PARA OVO E SANDUICHE C 20 PCS 8841,AMIGOLD
F6.0074,TO,36.55,110.0,FRIGIDEIRA DE METAL PARA OVO E SANDUICHE C 20 PCS 8841,AMIGOLD
F6.0074,PA,36.52,110.0,FRIGIDEIRA DE METAL PARA OVO E SANDUICHE C 20 PCS 8841,AMIGOLD
F6.0074,MT,35.57,110.0,FRIGIDEIRA DE METAL PARA OVO E SANDUICHE C 20 PCS 8841,AMIGOLD
C3.0644,GO,17.19,48.0,CONJUNTO DE FACA TUBARAO 8 TP 540,MAX BRAS
C3.0644,TO,17.96,49.0,CONJUNTO DE FACA TUBARAO 8 TP 540,MAX BRAS
C3.0644,PA,17.36,50.0,CONJUNTO DE FACA TUBARAO 8 TP 540,MAX BRAS
C3.0644,MT,17.19,50.0,CONJUNTO DE FACA TUBARAO 8 TP 540,MAX BRAS
P16.0196,GO,107.91,163.0,PATINETE INFANTIL 3 RODAS LED,XDX
P16.0196,TO,108.99,163.0,PATINETE INFANTIL 3 RODAS LED,XDX
P16.0196,PA,109.14,163.0,PATINETE INFANTIL 3 RODAS LED,XDX
P16.0196,MT,107.91,163.0,PATINETE INFANTIL 3 RODAS LED,XDX
A1.0030,GO,217.88,552.0,APARELHO JANTAR CHA 20PC,OXFORD
A1.0030,TO,218.78,554.0,APARELHO JANTAR CHA 20PC,OXFORD
A1.0030,PA,215.66,556.0,APARELHO JANTAR CHA 20PC,OXFORD
A1.0030,MT,211.82,556.0,APARELHO JANTAR CHA 20PC,OXFORD
K11.0153,GO,17.93,50.0,KIT 4 CANECAS CERAMICAS COLORS 60ML ASH 008,SPIDER
K11.0153,TO,18.8,51.0,KIT 4 CANECAS CERAMICAS COLORS 60ML ASH 008,SPIDER
K11.0153,PA,18.69,52.0,KIT 4 CANECAS CERAMICAS COLORS 60ML ASH 008,SPIDER
K11.0153,MT,17.93,52.0,KIT 4 CANECAS CERAMICAS COLORS 60ML ASH 008,SPIDER
S19.0021,GO,20.65,60.0,SECA SALADA 4L PLASTICO BRANCO,KG DISTRIBUIÇÃO
S19.0021,TO,18.8,55.0,SECA SALADA 4L PLASTICO BRANCO,KG DISTRIBUIÇÃO
S19.0021,PA,22.43,65.0,SECA SALADA 4L PLASTICO BRANCO,KG DISTRIBUIÇÃO
S19.0021,MT,17.05,56.0,SECA SALADA 4L PLASTICO BRANCO,KG DISTRIBUIÇÃO
C3.0637,GO,47.19,132.0,CAIXA DE CANETAS TOUCH,MAGZY
C3.0637,TO,48.08,134.0,CAIXA DE CANETAS TOUCH,MAGZY
C3.0637,PA,47.61,136.0,CAIXA DE CANETAS TOUCH,MAGZY
C3.0637,MT,47.19,136.0,CAIXA DE CANETAS TOUCH,MAGZY
L12.0123,GO,19.24,53.0,LIVRO BOBBIE GOOD CH,MAGZY
L12.0123,TO,20.0,54.0,LIVRO BOBBIE GOOD CH,MAGZY
L12.0123,PA,19.66,55.0,LIVRO BOBBIE GOOD CH,MAGZY
L12.0123,MT,19.24,55.0,LIVRO BOBBIE GOOD CH,MAGZY
C3.0643,GO,48.64,138.0,COLCHA BOUTS ATTUAL CASAL ESTAMPADO 220X240 1331,NYCOLLY
C3.0643,TO,49.13,140.0,COLCHA BOUTS ATTUAL CASAL ESTAMPADO 220X240 1331,NYCOLLY
C3.0643,PA,48.64,142.0,COLCHA BOUTS ATTUAL CASAL ESTAMPADO 220X240 1331,NYCOLLY
C3.0643,MT,48.64,142.0,COLCHA BOUTS ATTUAL CASAL ESTAMPADO 220X240 1331,NYCOLLY
K11.0157,GO,49.11,138.0,KIT COBRE LEITO CASAL 220X240 4731,NYCOLLY
K11.0157,TO,49.6,140.0,KIT COBRE LEITO CASAL 220X240 4731,NYCOLLY
K11.0157,PA,49.11,142.0,KIT COBRE LEITO CASAL 220X240 4731,NYCOLLY
K11.0157,MT,49.11,142.0,KIT COBRE LEITO CASAL 220X240 4731,NYCOLLY
K11.0158,GO,63.64,180.0,KIT COBRE LEITO KING 260X280 4733,NYCOLLY
K11.0158,TO,64.28,182.0,KIT COBRE LEITO KING 260X280 4733,NYCOLLY
K11.0158,PA,63.64,184.0,KIT COBRE LEITO KING 260X280 4733,NYCOLLY
K11.0158,MT,63.64,184.0,KIT COBRE LEITO KING 260X280 4733,NYCOLLY
M13.0085,GO,55.57,84.0,MANTA PRECIOSA ALGODAO 220X260 4544,NYCOLLY
M13.0085,TO,56.13,84.0,MANTA PRECIOSA ALGODAO 220X260 4544,NYCOLLY
M13.0085,PA,55.57,84.0,MANTA PRECIOSA ALGODAO 220X260 4544,NYCOLLY
M13.0085,MT,52.58,151.0,MANTA PRECIOSA ALGODAO 220X260 4544,NYCOLLY
C3.0639,GO,83.0,232.0,CAIXA DE SOM MULTIMIDIA SEM FIO 50W,LUI ELETRONICOS
C3.0639,TO,83.83,234.0,CAIXA DE SOM MULTIMIDIA SEM FIO 50W,LUI ELETRONICOS
C3.0639,PA,83.68,236.0,CAIXA DE SOM MULTIMIDIA SEM FIO 50W,LUI ELETRONICOS
C3.0639,MT,83.0,236.0,CAIXA DE SOM MULTIMIDIA SEM FIO 50W,LUI ELETRONICOS
J10.0144,GO,14.26,52.0,JOGO DE CANECA VIDRO LUXEMBURGO 117ML 6PCS 12CM 16221,INGA IMPORT
J10.0144,TO,14.41,53.0,JOGO DE CANECA VIDRO LUXEMBURGO 117ML 6PCS 12CM 16221,INGA IMPORT
J10.0144,PA,14.26,54.0,JOGO DE CANECA VIDRO LUXEMBURGO 117ML 6PCS 12CM 16221,INGA IMPORT
J10.0144,MT,14.26,54.0,JOGO DE CANECA VIDRO LUXEMBURGO 117ML 6PCS 12CM 16221,INGA IMPORT
J10.0145,GO,14.26,53.0,JOGO DE CANECA VIDRO NUREMBERG 117ML 6PCS 12CM 16222,INGA IMPORT
J10.0145,TO,14.41,54.0,JOGO DE CANECA VIDRO NUREMBERG 117ML 6PCS 12CM 16222,INGA IMPORT
J10.0145,PA,14.26,55.0,JOGO DE CANECA VIDRO NUREMBERG 117ML 6PCS 12CM 16222,INGA IMPORT
J10.0145,MT,14.26,55.0,JOGO DE CANECA VIDRO NUREMBERG 117ML 6PCS 12CM 16222,INGA IMPORT
S19.0022,GO,134.18,340.0,SUQUEIRA DE VIDRO 5LT FUME 2CM 16531,INGA IMPORT
S19.0022,TO,135.53,378.0,SUQUEIRA DE VIDRO 5LT FUME 2CM 16531,INGA IMPORT
S19.0022,PA,134.18,398.0,SUQUEIRA DE VIDRO 5LT FUME 2CM 16531,INGA IMPORT
S19.0022,MT,134.18,378.0,SUQUEIRA DE VIDRO 5LT FUME 2CM 16531,INGA IMPORT
S19.0023,GO,103.4,230.0,SUQUEIRA DE VIDRO 2LT CRISTAL 4CM 16528,INGA IMPORT
S19.0023,TO,104.44,240.0,SUQUEIRA DE VIDRO 2LT CRISTAL 4CM 16528,INGA IMPORT
S19.0023,PA,103.4,250.0,SUQUEIRA DE VIDRO 2LT CRISTAL 4CM 16528,INGA IMPORT
S19.0023,MT,103.4,240.0,SUQUEIRA DE VIDRO 2LT CRISTAL 4CM 16528,INGA IMPORT
B2.0170,GO,17.07,62.0,BOMBONIERE DE VIDRO MADRI 700ML 12CM 16160,INGA IMPORT
B2.0170,TO,17.24,63.0,BOMBONIERE DE VIDRO MADRI 700ML 12CM 16160,INGA IMPORT
B2.0170,PA,17.07,64.0,BOMBONIERE DE VIDRO MADRI 700ML 12CM 16160,INGA IMPORT
B2.0170,MT,17.07,64.0,BOMBONIERE DE VIDRO MADRI 700ML 12CM 16160,INGA IMPORT
F6.0076,GO,47.77,133.0,FOGAREIRO ELETRICO C 1 BOCAS 1000W 127V,INGA IMPORT
F6.0076,TO,48.24,135.0,FOGAREIRO ELETRICO C 1 BOCAS 1000W 127V,INGA IMPORT
F6.0076,PA,47.77,137.0,FOGAREIRO ELETRICO C 1 BOCAS 1000W 127V,INGA IMPORT
F6.0076,MT,47.77,135.0,FOGAREIRO ELETRICO C 1 BOCAS 1000W 127V,INGA IMPORT
J10.0149,GO,14.5,40.0,JOGO DE CHURASCO ATENAS 02PCS GARFO 26X2CM FACA 14005,INGA IMPORT
J10.0149,TO,14.64,41.0,JOGO DE CHURASCO ATENAS 02PCS GARFO 26X2CM FACA 14005,INGA IMPORT
J10.0149,PA,14.5,42.0,JOGO DE CHURASCO ATENAS 02PCS GARFO 26X2CM FACA 14005,INGA IMPORT
J10.0149,MT,14.5,42.0,JOGO DE CHURASCO ATENAS 02PCS GARFO 26X2CM FACA 14005,INGA IMPORT
J10.0148,GO,7.49,20.0,JOGO DE XICARA CAFE DE VIDRO ROCKS 105ML 3 PCS 24CM 18150,INGA IMPORT
J10.0148,TO,7.57,21.0,JOGO DE XICARA CAFE DE VIDRO ROCKS 105ML 3 PCS 24CM 18150,INGA IMPORT
J10.0148,PA,7.49,22.0,JOGO DE XICARA CAFE DE VIDRO ROCKS 105ML 3 PCS 24CM 18150,INGA IMPORT
J10.0148,MT,7.49,22.0,JOGO DE XICARA CAFE DE VIDRO ROCKS 105ML 3 PCS 24CM 18150,INGA IMPORT
G7.0070,GO,23.29,65.0,GARRAFA TERMICA COM MEDIDOR DE TEMPERATURA 350ML,XDX TALHERES
G7.0070,TO,24.0,70.0,GARRAFA TERMICA COM MEDIDOR DE TEMPERATURA 350ML,XDX TALHERES
G7.0070,PA,23.9,70.0,GARRAFA TERMICA COM MEDIDOR DE TEMPERATURA 350ML,XDX TALHERES
G7.0070,MT,23.29,67.0,GARRAFA TERMICA COM MEDIDOR DE TEMPERATURA 350ML,XDX TALHERES
C3.0653,GO,58.48,89.0,COBERTOR FINLANDIA CASAL 180X220,DCAZA
C3.0653,TO,59.37,89.0,COBERTOR FINLANDIA CASAL 180X220,DCAZA
C3.0653,PA,60.85,89.0,COBERTOR FINLANDIA CASAL 180X220,DCAZA
C3.0653,MT,58.48,89.0,COBERTOR FINLANDIA CASAL 180X220,DCAZA
C3.0647,GO,84.06,235.0,CHAPA ACO CARBONO 32CM TAMPA,DENISE ALUMINIOS ALUMINIOS
C3.0647,TO,91.08,261.0,CHAPA ACO CARBONO 32CM TAMPA,DENISE ALUMINIOS ALUMINIOS
C3.0647,PA,84.06,239.0,CHAPA ACO CARBONO 32CM TAMPA,DENISE ALUMINIOS ALUMINIOS
C3.0647,MT,84.06,239.0,CHAPA ACO CARBONO 32CM TAMPA,DENISE ALUMINIOS ALUMINIOS
C3.0648,GO,39.54,110.0,CHAPA ACO CARBONO 21CM TAMPA,DENISE ALUMINIOS ALUMINIOS
C3.0648,TO,44.5,128.0,CHAPA ACO CARBONO 21CM TAMPA,DENISE ALUMINIOS ALUMINIOS
C3.0648,PA,39.54,114.0,CHAPA ACO CARBONO 21CM TAMPA,DENISE ALUMINIOS ALUMINIOS
C3.0648,MT,39.54,114.0,CHAPA ACO CARBONO 21CM TAMPA,DENISE ALUMINIOS ALUMINIOS
T20.0264,GO,26.01,68.0,T BAN ADULTO ADRILAR PRIMAVERA 075X150,ADRILAR
T20.0264,TO,26.35,68.0,T BAN ADULTO ADRILAR PRIMAVERA 075X150,ADRILAR
T20.0264,PA,26.1,68.0,T BAN ADULTO ADRILAR PRIMAVERA 075X150,ADRILAR
T20.0264,MT,25.81,68.0,T BAN ADULTO ADRILAR PRIMAVERA 075X150,ADRILAR
G7.0072,GO,26.18,73.0,GARRAFA TERMICA 600ML,XDX TALHERES
G7.0072,TO,23.4,74.0,GARRAFA TERMICA 600ML,XDX TALHERES
G7.0072,PA,24.27,72.0,GARRAFA TERMICA 600ML,XDX TALHERES
G7.0072,MT,26.18,75.0,GARRAFA TERMICA 600ML,XDX TALHERES
E5.0031,GO,65.18,182.0,EDREDOM DUPLA FACE PERSONAGEM SOLTEIRO,LEPPER
E5.0031,TO,65.83,184.0,EDREDOM DUPLA FACE PERSONAGEM SOLTEIRO,LEPPER
E5.0031,PA,65.18,186.0,EDREDOM DUPLA FACE PERSONAGEM SOLTEIRO,LEPPER
E5.0031,MT,65.18,186.0,EDREDOM DUPLA FACE PERSONAGEM SOLTEIRO,LEPPER
E5.0029,GO,72.69,203.0,EDREDOM DUPLA FACE CASAL,LEPPER
E5.0029,TO,73.42,205.0,EDREDOM DUPLA FACE CASAL,LEPPER
E5.0029,PA,72.69,207.0,EDREDOM DUPLA FACE CASAL,LEPPER
E5.0029,MT,72.69,207.0,EDREDOM DUPLA FACE CASAL,LEPPER
E5.0030,GO,79.64,222.0,EDREDOM DUPLA FACE QUEEN,LEPPER
E5.0030,TO,80.43,224.0,EDREDOM DUPLA FACE QUEEN,LEPPER
E5.0030,PA,79.64,226.0,EDREDOM DUPLA FACE QUEEN,LEPPER
E5.0030,MT,79.64,226.0,EDREDOM DUPLA FACE QUEEN,LEPPER
A1.0032,GO,130.0,389.0,APARELHO DE JANTAR 20PC OPLINE 2185,PIXLAR
A1.0032,TO,131.3,389.0,APARELHO DE JANTAR 20PC OPLINE 2185,PIXLAR
A1.0032,PA,130.0,389.0,APARELHO DE JANTAR 20PC OPLINE 2185,PIXLAR
A1.0032,MT,130.0,389.0,APARELHO DE JANTAR 20PC OPLINE 2185,PIXLAR
A1.0031,GO,80.0,238.0,APARELHO DE  20PC VIDRO PIXLAR 1605,PIXLAR
A1.0031,TO,80.8,238.0,APARELHO DE  20PC VIDRO PIXLAR 1605,PIXLAR
A1.0031,PA,80.0,238.0,APARELHO DE  20PC VIDRO PIXLAR 1605,PIXLAR
A1.0031,MT,80.0,238.0,APARELHO DE  20PC VIDRO PIXLAR 1605,PIXLAR
M13.0082,GO,36.92,103.0,MOCHILA MAG,MAGZY
M13.0082,TO,37.29,105.0,MOCHILA MAG,MAGZY
M13.0082,PA,36.36,107.0,MOCHILA MAG,MAGZY
M13.0082,MT,36.92,107.0,MOCHILA MAG,MAGZY
M13.0088,GO,50.14,142.0,MOCHILA ORGANIZADORA PINGENTE URSO,MAGZY
M13.0088,TO,50.64,144.0,MOCHILA ORGANIZADORA PINGENTE URSO,MAGZY
M13.0088,PA,53.47,153.0,MOCHILA ORGANIZADORA PINGENTE URSO,MAGZY
M13.0088,MT,50.14,146.0,MOCHILA ORGANIZADORA PINGENTE URSO,MAGZY
M13.0083,GO,51.07,142.0,MOCHILA ORGANIZADORA,MAGZY
M13.0083,TO,51.58,144.0,MOCHILA ORGANIZADORA,MAGZY
M13.0083,PA,50.52,146.0,MOCHILA ORGANIZADORA,MAGZY
M13.0083,MT,51.07,146.0,MOCHILA ORGANIZADORA,MAGZY
B2.0171,GO,16.77,25.0,BANQUINHO RETRATRIL INFATIL 24X20X18.5CM 26896,CANDURA DIST
B2.0171,TO,16.94,25.0,BANQUINHO RETRATRIL INFATIL 24X20X18.5CM 26896,CANDURA DIST
B2.0171,PA,16.77,25.0,BANQUINHO RETRATRIL INFATIL 24X20X18.5CM 26896,CANDURA DIST
B2.0171,MT,16.77,25.0,BANQUINHO RETRATRIL INFATIL 24X20X18.5CM 26896,CANDURA DIST
C3.0649,GO,7.53,21.0,CONJUNTO DE PORTA CONDIMENTOS 3PCS VIDRO 190ML,CANDURA DIST
C3.0649,TO,8.04,22.0,CONJUNTO DE PORTA CONDIMENTOS 3PCS VIDRO 190ML,CANDURA DIST
C3.0649,PA,8.41,23.0,CONJUNTO DE PORTA CONDIMENTOS 3PCS VIDRO 190ML,CANDURA DIST
C3.0649,MT,7.53,23.0,CONJUNTO DE PORTA CONDIMENTOS 3PCS VIDRO 190ML,CANDURA DIST
C3.0650,GO,54.05,82.0,CONJUNTO DE TALHERES CAPRESE 42 PCS COLORS,CANDURA DIST
C3.0650,TO,54.83,82.0,CONJUNTO DE TALHERES CAPRESE 42 PCS COLORS,CANDURA DIST
C3.0650,PA,54.95,82.0,CONJUNTO DE TALHERES CAPRESE 42 PCS COLORS,CANDURA DIST
C3.0650,MT,54.05,82.0,CONJUNTO DE TALHERES CAPRESE 42 PCS COLORS,CANDURA DIST
C3.0651,GO,14.82,40.0,CONJUNTO DE POTE VIDROS  3 PCS 400 625 1060ML,CANDURA DIST
C3.0651,TO,14.85,40.0,CONJUNTO DE POTE VIDROS  3 PCS 400 625 1060ML,CANDURA DIST
C3.0651,PA,15.16,40.0,CONJUNTO DE POTE VIDROS  3 PCS 400 625 1060ML,CANDURA DIST
C3.0651,MT,14.32,40.0,CONJUNTO DE POTE VIDROS  3 PCS 400 625 1060ML,CANDURA DIST
C3.0652,GO,53.71,154.0,CONJUNTO DE XICARA DE CHA PIRES  220ML 12 PCS DIVERSOS,CANDURA DIST
C3.0652,TO,57.84,166.0,CONJUNTO DE XICARA DE CHA PIRES  220ML 12 PCS DIVERSOS,CANDURA DIST
C3.0652,PA,54.42,156.0,CONJUNTO DE XICARA DE CHA PIRES  220ML 12 PCS DIVERSOS,CANDURA DIST
C3.0652,MT,63.45,182.0,CONJUNTO DE XICARA DE CHA PIRES  220ML 12 PCS DIVERSOS,CANDURA DIST
M13.0087,GO,77.08,216.0,MASSAGEADOR CORPORAL XTRACK QUENTE FRIO,CANDURA DIST
M13.0087,TO,77.99,218.0,MASSAGEADOR CORPORAL XTRACK QUENTE FRIO,CANDURA DIST
M13.0087,PA,78.01,220.0,MASSAGEADOR CORPORAL XTRACK QUENTE FRIO,CANDURA DIST
M13.0087,MT,77.08,220.0,MASSAGEADOR CORPORAL XTRACK QUENTE FRIO,CANDURA DIST
K11.0154,GO,17.43,47.0,KIT PIA 4 ITENS,TOYPLAST PLASTICOS
K11.0154,TO,20.72,48.0,KIT PIA 4 ITENS,TOYPLAST PLASTICOS
K11.0154,PA,16.77,49.0,KIT PIA 4 ITENS,TOYPLAST PLASTICOS
K11.0154,MT,17.43,49.0,KIT PIA 4 ITENS,TOYPLAST PLASTICOS
A1.0033,GO,173.57,485.0,APARELHO JANTAR CHA 16PC 095792,OXFORD
A1.0033,TO,175.3,487.0,APARELHO JANTAR CHA 16PC 095792,OXFORD
A1.0033,PA,173.57,489.0,APARELHO JANTAR CHA 16PC 095792,OXFORD
A1.0033,MT,173.57,489.0,APARELHO JANTAR CHA 16PC 095792,OXFORD
P16.0198,GO,0.0,0.0,POTE HERMETICO KEEP 2.3L NATURAL,MARTIPLAST
P16.0198,TO,0.0,0.0,POTE HERMETICO KEEP 2.3L NATURAL,MARTIPLAST
P16.0198,PA,0.0,0.0,POTE HERMETICO KEEP 2.3L NATURAL,MARTIPLAST
P16.0198,MT,0.0,,POTE HERMETICO KEEP 2.3L NATURAL,MARTIPLAST
P16.0199,GO,0.0,0.0,POTE HERMETICO KEEP 2L NATURAL,MARTIPLAST
P16.0199,TO,0.0,0.0,POTE HERMETICO KEEP 2L NATURAL,MARTIPLAST
P16.0199,PA,0.0,0.0,POTE HERMETICO KEEP 2L NATURAL,MARTIPLAST
P16.0199,MT,0.0,,POTE HERMETICO KEEP 2L NATURAL,MARTIPLAST
P16.0200,GO,0.0,0.0,POTE HERMETICO KEEP 1.5L NATURAL,MARTIPLAST
P16.0200,TO,0.0,0.0,POTE HERMETICO KEEP 1.5L NATURAL,MARTIPLAST
P16.0200,PA,0.0,0.0,POTE HERMETICO KEEP 1.5L NATURAL,MARTIPLAST
P16.0200,MT,0.0,,POTE HERMETICO KEEP 1.5L NATURAL,MARTIPLAST
P16.0201,GO,0.0,0.0,POTE HERMETICO KEEP 1L NATURAL,MARTIPLAST
P16.0201,TO,0.0,0.0,POTE HERMETICO KEEP 1L NATURAL,MARTIPLAST
P16.0201,PA,0.0,0.0,POTE HERMETICO KEEP 1L NATURAL,MARTIPLAST
P16.0201,MT,0.0,,POTE HERMETICO KEEP 1L NATURAL,MARTIPLAST
P16.0202,GO,0.0,0.0,POTE HERMETICO KEEP 0.65L NATURAL,MARTIPLAST
P16.0202,TO,0.0,0.0,POTE HERMETICO KEEP 0.65L NATURAL,MARTIPLAST
P16.0202,PA,0.0,0.0,POTE HERMETICO KEEP 0.65L NATURAL,MARTIPLAST
P16.0202,MT,0.0,,POTE HERMETICO KEEP 0.65L NATURAL,MARTIPLAST
P16.0203,GO,46.29,0.0,PORTA FRIOS SENSE DUPLO NATURAL PFB200NT,MARTIPLAST
P16.0203,TO,46.75,0.0,PORTA FRIOS SENSE DUPLO NATURAL PFB200NT,MARTIPLAST
P16.0203,PA,46.29,0.0,PORTA FRIOS SENSE DUPLO NATURAL PFB200NT,MARTIPLAST
P16.0203,MT,46.29,97.0,PORTA FRIOS SENSE DUPLO NATURAL PFB200NT,MARTIPLAST
O15.0038,GO,30.45,93.0,ORGANIZADOR CLEAR FRESH COM CESTO 5L NATURAL OF350NT,MARTIPLAST
O15.0038,TO,30.76,94.0,ORGANIZADOR CLEAR FRESH COM CESTO 5L NATURAL OF350NT,MARTIPLAST
O15.0038,PA,30.45,95.0,ORGANIZADOR CLEAR FRESH COM CESTO 5L NATURAL OF350NT,MARTIPLAST
O15.0038,MT,30.45,95.0,ORGANIZADOR CLEAR FRESH COM CESTO 5L NATURAL OF350NT,MARTIPLAST
O15.0037,GO,73.02,110.0,ORGANIZADORES DE MANTIMENTOS CLEAR FRESH 2.3 5L 65ML OF900NT OF750NT OF550NT,MARTIPLAST
O15.0037,TO,73.75,110.0,ORGANIZADORES DE MANTIMENTOS CLEAR FRESH 2.3 5L 65ML OF900NT OF750NT OF550NT,MARTIPLAST
O15.0037,PA,73.02,110.0,ORGANIZADORES DE MANTIMENTOS CLEAR FRESH 2.3 5L 65ML OF900NT OF750NT OF550NT,MARTIPLAST
O15.0037,MT,73.02,110.0,ORGANIZADORES DE MANTIMENTOS CLEAR FRESH 2.3 5L 65ML OF900NT OF750NT OF550NT,MARTIPLAST
O15.0039,GO,17.82,54.0,ORGANIZADOR CLEAR FRESH COM CESTO 2.2L NATURAL OF450NT,MARTIPLAST
O15.0039,TO,18.0,55.0,ORGANIZADOR CLEAR FRESH COM CESTO 2.2L NATURAL OF450NT,MARTIPLAST
O15.0039,PA,17.82,56.0,ORGANIZADOR CLEAR FRESH COM CESTO 2.2L NATURAL OF450NT,MARTIPLAST
O15.0039,MT,17.82,56.0,ORGANIZADOR CLEAR FRESH COM CESTO 2.2L NATURAL OF450NT,MARTIPLAST
O15.0040,GO,21.47,63.0,ORGANIZADOR CLEAR FRESH COM CESTO 2.2L  2 CESTOS NATURAL,MARTIPLAST
O15.0040,TO,21.68,64.0,ORGANIZADOR CLEAR FRESH COM CESTO 2.2L  2 CESTOS NATURAL,MARTIPLAST
O15.0040,PA,21.47,65.0,ORGANIZADOR CLEAR FRESH COM CESTO 2.2L  2 CESTOS NATURAL,MARTIPLAST
O15.0040,MT,21.47,65.0,ORGANIZADOR CLEAR FRESH COM CESTO 2.2L  2 CESTOS NATURAL,MARTIPLAST
B2.0172,GO,52.09,78.0,BOLEIRA SENSE 27.5CM COM CUPULA NATURAL,MARTIPLAST
B2.0172,TO,52.61,78.0,BOLEIRA SENSE 27.5CM COM CUPULA NATURAL,MARTIPLAST
B2.0172,PA,52.09,78.0,BOLEIRA SENSE 27.5CM COM CUPULA NATURAL,MARTIPLAST
B2.0172,MT,52.09,78.0,BOLEIRA SENSE 27.5CM COM CUPULA NATURAL,MARTIPLAST
P16.0204,GO,0.0,0.0,POTA FRIOS SENSE  27.5CM COM CUPULA NATURAL,MARTIPLAST
P16.0204,TO,0.0,0.0,POTA FRIOS SENSE  27.5CM COM CUPULA NATURAL,MARTIPLAST
P16.0204,PA,0.0,0.0,POTA FRIOS SENSE  27.5CM COM CUPULA NATURAL,MARTIPLAST
P16.0204,MT,0.0,188.0,POTA FRIOS SENSE  27.5CM COM CUPULA NATURAL,MARTIPLAST
P16.0205,GO,49.22,130.0,PORTA FRIOS CLEAR E ORGANIZADOR DE OVOS 14 UN PF150NT OF1100BCF,MARTIPLAST
P16.0205,TO,49.71,132.0,PORTA FRIOS CLEAR E ORGANIZADOR DE OVOS 14 UN PF150NT OF1100BCF,MARTIPLAST
P16.0205,PA,49.22,134.0,PORTA FRIOS CLEAR E ORGANIZADOR DE OVOS 14 UN PF150NT OF1100BCF,MARTIPLAST
P16.0205,MT,49.22,134.0,PORTA FRIOS CLEAR E ORGANIZADOR DE OVOS 14 UN PF150NT OF1100BCF,MARTIPLAST
M13.0089,GO,0.0,0.0,MANTEIGUEIRA SENSER NATURAL,MARTIPLAST
M13.0089,TO,0.0,0.0,MANTEIGUEIRA SENSER NATURAL,MARTIPLAST
M13.0089,PA,0.0,0.0,MANTEIGUEIRA SENSER NATURAL,MARTIPLAST
M13.0089,MT,0.0,98.0,MANTEIGUEIRA SENSER NATURAL,MARTIPLAST
D4.0078,GO,0.0,0.0,DISPENSER FLOW 1.5L BRANCO FECHADO,MARTIPLAST
D4.0078,TO,0.0,0.0,DISPENSER FLOW 1.5L BRANCO FECHADO,MARTIPLAST
D4.0078,PA,0.0,0.0,DISPENSER FLOW 1.5L BRANCO FECHADO,MARTIPLAST
D4.0078,MT,0.0,73.0,DISPENSER FLOW 1.5L BRANCO FECHADO,MARTIPLAST
D4.0077,GO,83.63,126.0,DISPENSERS 2.3L E 1.5 BRANCO FECHADO COM BORRIFADOR E ORGANIZADOR DFW100BCF DFW200BCF BFM600BGF OMW100BCF,MARTIPLAST
D4.0077,TO,84.47,126.0,DISPENSERS 2.3L E 1.5 BRANCO FECHADO COM BORRIFADOR E ORGANIZADOR DFW100BCF DFW200BCF BFM600BGF OMW100BCF,MARTIPLAST
D4.0077,PA,83.63,126.0,DISPENSERS 2.3L E 1.5 BRANCO FECHADO COM BORRIFADOR E ORGANIZADOR DFW100BCF DFW200BCF BFM600BGF OMW100BCF,MARTIPLAST
D4.0077,MT,83.63,126.0,DISPENSERS 2.3L E 1.5 BRANCO FECHADO COM BORRIFADOR E ORGANIZADOR DFW100BCF DFW200BCF BFM600BGF OMW100BCF,MARTIPLAST
B2.0173,GO,0.0,0.0,BORRIFADOR MULTIUSO FLOW BEGE FECHADO BFM600BGF,MARTIPLAST
B2.0173,TO,0.0,0.0,BORRIFADOR MULTIUSO FLOW BEGE FECHADO BFM600BGF,MARTIPLAST
B2.0173,PA,0.0,0.0,BORRIFADOR MULTIUSO FLOW BEGE FECHADO BFM600BGF,MARTIPLAST
B2.0173,MT,0.0,51.0,BORRIFADOR MULTIUSO FLOW BEGE FECHADO BFM600BGF,MARTIPLAST
O15.0041,GO,28.44,88.0,ORGANIZADOR DE OVOS CLEAR FRESH 36 UNID NATURAL,MARTIPLAST
O15.0041,TO,28.72,89.0,ORGANIZADOR DE OVOS CLEAR FRESH 36 UNID NATURAL,MARTIPLAST
O15.0041,PA,28.44,90.0,ORGANIZADOR DE OVOS CLEAR FRESH 36 UNID NATURAL,MARTIPLAST
O15.0041,MT,28.44,90.0,ORGANIZADOR DE OVOS CLEAR FRESH 36 UNID NATURAL,MARTIPLAST
C3.0657,GO,136.16,205.0,COBRE LEITO KING 3 PECAS ESTAMPADO JAZZ 11 021115K,CONSTANTINI
C3.0657,TO,137.52,205.0,COBRE LEITO KING 3 PECAS ESTAMPADO JAZZ 11 021115K,CONSTANTINI
C3.0657,PA,136.16,205.0,COBRE LEITO KING 3 PECAS ESTAMPADO JAZZ 11 021115K,CONSTANTINI
C3.0657,MT,136.16,205.0,COBRE LEITO KING 3 PECAS ESTAMPADO JAZZ 11 021115K,CONSTANTINI
J10.0150,GO,87.47,132.0,JOGO DE LENCOL JAZZ ESTAMPADO KING,CONSTANTINI
J10.0150,TO,88.35,132.0,JOGO DE LENCOL JAZZ ESTAMPADO KING,CONSTANTINI
J10.0150,PA,87.47,132.0,JOGO DE LENCOL JAZZ ESTAMPADO KING,CONSTANTINI
J10.0150,MT,87.47,105.0,JOGO DE LENCOL JAZZ ESTAMPADO KING,CONSTANTINI
R18.0027,GO,26.58,77.0,RELOGIO DE PAREDE REDONDO 30CM,CANDURA DIST
R18.0027,TO,27.24,78.0,RELOGIO DE PAREDE REDONDO 30CM,CANDURA DIST
R18.0027,PA,27.55,79.0,RELOGIO DE PAREDE REDONDO 30CM,CANDURA DIST
R18.0027,MT,26.58,79.0,RELOGIO DE PAREDE REDONDO 30CM,CANDURA DIST
R18.0026,GO,10.09,28.0,RELOGIO DE PAREDE REDONDO 24CM,CANDURA DIST
R18.0026,TO,10.52,29.0,RELOGIO DE PAREDE REDONDO 24CM,CANDURA DIST
R18.0026,PA,10.79,29.0,RELOGIO DE PAREDE REDONDO 24CM,CANDURA DIST
R18.0026,MT,10.09,29.0,RELOGIO DE PAREDE REDONDO 24CM,CANDURA DIST
C3.0566,GO,114.61,229.0,COLCHA OURO 300 FIOS SORTIDAS 220X240 CASAL,FATEX
C3.0566,TO,115.75,229.0,COLCHA OURO 300 FIOS SORTIDAS 220X240 CASAL,FATEX
C3.0566,PA,114.61,229.0,COLCHA OURO 300 FIOS SORTIDAS 220X240 CASAL,FATEX
C3.0566,MT,114.61,229.0,COLCHA OURO 300 FIOS SORTIDAS 220X240 CASAL,FATEX
K11.0160,GO,69.84,84.0,KIT LIVRO BOBBIE GOOD E CANETA TOCH,MAGZY
K11.0160,TO,70.83,84.0,KIT LIVRO BOBBIE GOOD E CANETA TOCH,MAGZY
K11.0160,PA,70.34,84.0,KIT LIVRO BOBBIE GOOD E CANETA TOCH,MAGZY
K11.0160,MT,69.84,105.0,KIT LIVRO BOBBIE GOOD E CANETA TOCH,MAGZY
S19.0024,GO,60.34,176.0,SANDUICHEIRA ELETRICA UNIT 220V 127V 26639,CANDURA DIST
S19.0024,TO,61.74,178.0,SANDUICHEIRA ELETRICA UNIT 220V 127V 26639,CANDURA DIST
S19.0024,PA,60.34,180.0,SANDUICHEIRA ELETRICA UNIT 220V 127V 26639,CANDURA DIST
S19.0024,MT,60.34,180.0,SANDUICHEIRA ELETRICA UNIT 220V 127V 26639,CANDURA DIST
T20.0249,GO,41.81,122.0,TOALHA BANHAO SUPER SOFT ZERO TWIST 80X150,FATEX
T20.0249,TO,42.23,126.0,TOALHA BANHAO SUPER SOFT ZERO TWIST 80X150,FATEX
T20.0249,PA,41.81,128.0,TOALHA BANHAO SUPER SOFT ZERO TWIST 80X150,FATEX
T20.0249,MT,41.81,128.0,TOALHA BANHAO SUPER SOFT ZERO TWIST 80X150,FATEX
F6.0075,GO,24.31,67.0,FILTRO CAFE INOX ALCA SILICONE 103,LUI ELETRONICOS
F6.0075,TO,27.98,80.0,FILTRO CAFE INOX ALCA SILICONE 103,LUI ELETRONICOS
F6.0075,PA,22.91,82.0,FILTRO CAFE INOX ALCA SILICONE 103,LUI ELETRONICOS
F6.0075,MT,21.85,69.0,FILTRO CAFE INOX ALCA SILICONE 103,LUI ELETRONICOS
G7.0071,GO,14.73,41.0,GARRAFA TERMICA STANLEY 450ML,LUI ELETRONICOS
G7.0071,TO,16.1,42.0,GARRAFA TERMICA STANLEY 450ML,LUI ELETRONICOS
G7.0071,PA,14.73,43.0,GARRAFA TERMICA STANLEY 450ML,LUI ELETRONICOS
G7.0071,MT,14.73,43.0,GARRAFA TERMICA STANLEY 450ML,LUI ELETRONICOS
M13.0090,GO,30.55,85.0,MOCHILA INFANTIL PERSONAGENS,MAGZY
M13.0090,TO,30.86,86.0,MOCHILA INFANTIL PERSONAGENS,MAGZY
M13.0090,PA,30.0,87.0,MOCHILA INFANTIL PERSONAGENS,MAGZY
M13.0090,MT,30.55,87.0,MOCHILA INFANTIL PERSONAGENS,MAGZY
C3.0655,GO,80.88,226.0,CAIXA DE SOM KA 8200,LUI ELETRONICOS
C3.0655,TO,81.69,228.0,CAIXA DE SOM KA 8200,LUI ELETRONICOS
C3.0655,PA,78.7,230.0,CAIXA DE SOM KA 8200,LUI ELETRONICOS
C3.0655,MT,80.88,230.0,CAIXA DE SOM KA 8200,LUI ELETRONICOS
C3.0664,GO,80.88,226.0,CAIXA DE SOM LUZ CONEXAO AL 8917 8918,LUI ELETRONICOS
C3.0664,TO,81.69,228.0,CAIXA DE SOM LUZ CONEXAO AL 8917 8918,LUI ELETRONICOS
C3.0664,PA,78.7,230.0,CAIXA DE SOM LUZ CONEXAO AL 8917 8918,LUI ELETRONICOS
C3.0664,MT,80.88,230.0,CAIXA DE SOM LUZ CONEXAO AL 8917 8918,LUI ELETRONICOS
C3.0665,GO,80.88,226.0,CAIXA DE SOM RADIO PORTATIL COM MICROFONE D BH6114,LUI ELETRONICOS
C3.0665,TO,81.69,228.0,CAIXA DE SOM RADIO PORTATIL COM MICROFONE D BH6114,LUI ELETRONICOS
C3.0665,PA,78.7,230.0,CAIXA DE SOM RADIO PORTATIL COM MICROFONE D BH6114,LUI ELETRONICOS
C3.0665,MT,80.88,230.0,CAIXA DE SOM RADIO PORTATIL COM MICROFONE D BH6114,LUI ELETRONICOS
C3.0666,GO,80.88,226.0,CAIXA DE SOM ALTO FALANTE COM MICRO FONE KA 8205,LUI ELETRONICOS
C3.0666,TO,81.69,228.0,CAIXA DE SOM ALTO FALANTE COM MICRO FONE KA 8205,LUI ELETRONICOS
C3.0666,PA,78.7,230.0,CAIXA DE SOM ALTO FALANTE COM MICRO FONE KA 8205,LUI ELETRONICOS
C3.0666,MT,80.88,230.0,CAIXA DE SOM ALTO FALANTE COM MICRO FONE KA 8205,LUI ELETRONICOS
C3.0667,GO,80.88,226.0,CAIXA DE SOM FM KA 8970,LUI ELETRONICOS
C3.0667,TO,81.69,228.0,CAIXA DE SOM FM KA 8970,LUI ELETRONICOS
C3.0667,PA,78.7,230.0,CAIXA DE SOM FM KA 8970,LUI ELETRONICOS
C3.0667,MT,80.88,230.0,CAIXA DE SOM FM KA 8970,LUI ELETRONICOS
K11.0155,GO,13.91,40.0,KIT PIA 3 ITENS,TOYPLAST PLASTICOS
K11.0155,TO,14.05,41.0,KIT PIA 3 ITENS,TOYPLAST PLASTICOS
K11.0155,PA,16.46,42.0,KIT PIA 3 ITENS,TOYPLAST PLASTICOS
K11.0155,MT,13.91,42.0,KIT PIA 3 ITENS,TOYPLAST PLASTICOS
L12.0125,GO,7.74,25.0,LIXEIRA 5LTS DE PIA RATTAN,TOYPLAST PLASTICOS
L12.0125,TO,7.81,26.0,LIXEIRA 5LTS DE PIA RATTAN,TOYPLAST PLASTICOS
L12.0125,PA,10.4,27.0,LIXEIRA 5LTS DE PIA RATTAN,TOYPLAST PLASTICOS
L12.0125,MT,7.74,27.0,LIXEIRA 5LTS DE PIA RATTAN,TOYPLAST PLASTICOS
R18.0029,GO,2.33,12.0,RODO PARA PIA 25804,TOYPLAST
R18.0029,TO,2.35,13.0,RODO PARA PIA 25804,TOYPLAST
R18.0029,PA,1.8,14.0,RODO PARA PIA 25804,TOYPLAST
R18.0029,MT,2.33,14.0,RODO PARA PIA 25804,TOYPLAST
C3.0660,GO,49.51,138.0,CHALEIRA SAARA 1.800ML 127VOLTS 220VOLTS,CANDURA DIST
C3.0660,TO,50.01,140.0,CHALEIRA SAARA 1.800ML 127VOLTS 220VOLTS,CANDURA DIST
C3.0660,PA,49.51,142.0,CHALEIRA SAARA 1.800ML 127VOLTS 220VOLTS,CANDURA DIST
C3.0660,MT,49.51,142.0,CHALEIRA SAARA 1.800ML 127VOLTS 220VOLTS,CANDURA DIST
C3.0659,GO,29.91,93.0,COPO TERMICO ESTAMPADO CANUDO 600ML CGT4050,XDX TALHERES
C3.0659,TO,31.07,94.0,COPO TERMICO ESTAMPADO CANUDO 600ML CGT4050,XDX TALHERES
C3.0659,PA,31.09,95.0,COPO TERMICO ESTAMPADO CANUDO 600ML CGT4050,XDX TALHERES
C3.0659,MT,28.52,96.0,COPO TERMICO ESTAMPADO CANUDO 600ML CGT4050,XDX TALHERES
C3.0646,GO,55.52,157.0,CORTINA BLACKOUT ADRILAR 295X180,ADRILAR
C3.0646,TO,56.08,159.0,CORTINA BLACKOUT ADRILAR 295X180,ADRILAR
C3.0646,PA,55.52,161.0,CORTINA BLACKOUT ADRILAR 295X180,ADRILAR
C3.0646,MT,55.52,161.0,CORTINA BLACKOUT ADRILAR 295X180,ADRILAR
C3.0645,GO,88.12,245.0,CORTINA BLACKOUT ADRILAR 295X270,ADRILAR
C3.0645,TO,89.0,247.0,CORTINA BLACKOUT ADRILAR 295X270,ADRILAR
C3.0645,PA,88.12,249.0,CORTINA BLACKOUT ADRILAR 295X270,ADRILAR
C3.0645,MT,88.12,249.0,CORTINA BLACKOUT ADRILAR 295X270,ADRILAR
O15.0042,GO,14.25,39.0,ORGANIZADOR CLEAR FRESH 0.65 COM CESTONA OF550NT,MARTIPLAST
O15.0042,TO,14.39,40.0,ORGANIZADOR CLEAR FRESH 0.65 COM CESTONA OF550NT,MARTIPLAST
O15.0042,PA,14.25,41.0,ORGANIZADOR CLEAR FRESH 0.65 COM CESTONA OF550NT,MARTIPLAST
O15.0042,MT,14.25,41.0,ORGANIZADOR CLEAR FRESH 0.65 COM CESTONA OF550NT,MARTIPLAST
G7.0074,GO,37.61,106.0,GARRAFA DE CAFE VENEZA  1L COLORS 16006,INGA IMPORT
G7.0074,TO,37.98,108.0,GARRAFA DE CAFE VENEZA  1L COLORS 16006,INGA IMPORT
G7.0074,PA,37.61,110.0,GARRAFA DE CAFE VENEZA  1L COLORS 16006,INGA IMPORT
G7.0074,MT,37.61,110.0,GARRAFA DE CAFE VENEZA  1L COLORS 16006,INGA IMPORT
B2.0174,GO,21.99,65.0,BOMBONIERE DE VIDRO BELIZE 620ML 3 PCS 16232,INGA IMPORT
B2.0174,TO,22.21,66.0,BOMBONIERE DE VIDRO BELIZE 620ML 3 PCS 16232,INGA IMPORT
B2.0174,PA,21.99,67.0,BOMBONIERE DE VIDRO BELIZE 620ML 3 PCS 16232,INGA IMPORT
B2.0174,MT,25.52,80.0,BOMBONIERE DE VIDRO BELIZE 620ML 3 PCS 16232,INGA IMPORT
L12.0126,GO,17.05,47.0,LANTERNA RECARREGAVEL 23.5X8X7.5CM CRS 3214,AKASH
L12.0126,TO,17.22,50.0,LANTERNA RECARREGAVEL 23.5X8X7.5CM CRS 3214,AKASH
L12.0126,PA,17.2,49.0,LANTERNA RECARREGAVEL 23.5X8X7.5CM CRS 3214,AKASH
L12.0126,MT,17.05,49.0,LANTERNA RECARREGAVEL 23.5X8X7.5CM CRS 3214,AKASH
L12.0127,GO,17.5,49.0,LANTERNA RECARREGAVEL SUPER LED 3 WATTS 24X5 CM CRS 8001,AKASH
L12.0127,TO,17.68,52.0,LANTERNA RECARREGAVEL SUPER LED 3 WATTS 24X5 CM CRS 8001,AKASH
L12.0127,PA,17.43,51.0,LANTERNA RECARREGAVEL SUPER LED 3 WATTS 24X5 CM CRS 8001,AKASH
L12.0127,MT,17.5,51.0,LANTERNA RECARREGAVEL SUPER LED 3 WATTS 24X5 CM CRS 8001,AKASH
F6.0077,GO,238.06,666.0,FRITADEIRA ELETRICA AIR FRYER 127V 3.5L,ELITE IMPORTS
F6.0077,TO,240.45,668.0,FRITADEIRA ELETRICA AIR FRYER 127V 3.5L,ELITE IMPORTS
F6.0077,PA,238.06,669.0,FRITADEIRA ELETRICA AIR FRYER 127V 3.5L,ELITE IMPORTS
F6.0077,MT,238.06,669.0,FRITADEIRA ELETRICA AIR FRYER 127V 3.5L,ELITE IMPORTS
C3.0663,GO,150.36,420.0,COLCHA BRISTOL LISA KING 260X280,FATEX
C3.0663,TO,151.86,422.0,COLCHA BRISTOL LISA KING 260X280,FATEX
C3.0663,PA,150.36,424.0,COLCHA BRISTOL LISA KING 260X280,FATEX
C3.0663,MT,150.36,424.0,COLCHA BRISTOL LISA KING 260X280,FATEX
C3.0662,GO,138.78,388.0,COLCHA BRISTOL LISA QUEEN 240X260,FATEX
C3.0662,TO,140.17,390.0,COLCHA BRISTOL LISA QUEEN 240X260,FATEX
C3.0662,PA,138.78,392.0,COLCHA BRISTOL LISA QUEEN 240X260,FATEX
C3.0662,MT,138.78,392.0,COLCHA BRISTOL LISA QUEEN 240X260,FATEX
C3.0661,GO,127.21,356.0,COLCHA BRISTOL LISA CASAL 220X240,FATEX
C3.0661,TO,128.48,358.0,COLCHA BRISTOL LISA CASAL 220X240,FATEX
C3.0661,PA,127.21,360.0,COLCHA BRISTOL LISA CASAL 220X240,FATEX
C3.0661,MT,127.21,360.0,COLCHA BRISTOL LISA CASAL 220X240,FATEX
C3.0669,GO,27.23,41.0,CAIXA DE SOM COLORFUL KARAOKE SOUND 2MICROFONES K12,LUI ELETRONICOS
C3.0669,TO,28.14,41.0,CAIXA DE SOM COLORFUL KARAOKE SOUND 2MICROFONES K12,LUI ELETRONICOS
C3.0669,PA,27.68,41.0,CAIXA DE SOM COLORFUL KARAOKE SOUND 2MICROFONES K12,LUI ELETRONICOS
C3.0669,MT,27.23,41.0,CAIXA DE SOM COLORFUL KARAOKE SOUND 2MICROFONES K12,LUI ELETRONICOS
G7.0073,GO,22.98,66.0,GARRAFA TERMICA ESSENCIA FARM 500ML,XDX TALHERES
G7.0073,TO,24.67,72.0,GARRAFA TERMICA ESSENCIA FARM 500ML,XDX TALHERES
G7.0073,PA,24.03,72.0,GARRAFA TERMICA ESSENCIA FARM 500ML,XDX TALHERES
G7.0073,MT,22.98,66.0,GARRAFA TERMICA ESSENCIA FARM 500ML,XDX TALHERES
P16.0207,GO,1.7,7.0,PANO DE PRATO ESTAMPADO,FRANCISCA
P16.0207,TO,1.72,7.0,PANO DE PRATO ESTAMPADO,FRANCISCA
P16.0207,PA,2.09,7.0,PANO DE PRATO ESTAMPADO,FRANCISCA
P16.0207,MT,1.7,7.0,PANO DE PRATO ESTAMPADO,FRANCISCA
C3.0656,GO,36.28,101.0,CONJUNTO BULE E 4 XICARAS 400ML ALUMINIO COLORS,MAGZY
C3.0656,TO,36.65,103.0,CONJUNTO BULE E 4 XICARAS 400ML ALUMINIO COLORS,MAGZY
C3.0656,PA,37.45,105.0,CONJUNTO BULE E 4 XICARAS 400ML ALUMINIO COLORS,MAGZY
C3.0656,MT,36.28,105.0,CONJUNTO BULE E 4 XICARAS 400ML ALUMINIO COLORS,MAGZY
E5.0032,GO,56.58,149.0,ESPREMEDOR DE FRUTAS 1.2L BRANCO PRETO BK ESP25W 127 220W,KG
E5.0032,TO,60.09,150.0,ESPREMEDOR DE FRUTAS 1.2L BRANCO PRETO BK ESP25W 127 220W,KG
E5.0032,PA,57.37,151.0,ESPREMEDOR DE FRUTAS 1.2L BRANCO PRETO BK ESP25W 127 220W,KG
E5.0032,MT,56.58,151.0,ESPREMEDOR DE FRUTAS 1.2L BRANCO PRETO BK ESP25W 127 220W,KG
P16.0206,GO,67.05,192.0,PANELA ELETRICA MULTICOOCKER,HIPER TEXTIL
P16.0206,TO,68.03,195.0,PANELA ELETRICA MULTICOOCKER,HIPER TEXTIL
P16.0206,PA,69.4,199.0,PANELA ELETRICA MULTICOOCKER,HIPER TEXTIL
P16.0206,MT,66.6,192.0,PANELA ELETRICA MULTICOOCKER,HIPER TEXTIL
E5.0033,GO,128.58,368.0,ESPELHO 55X175,CANDURA DIST
E5.0033,TO,122.81,370.0,ESPELHO 55X175,CANDURA DIST
E5.0033,PA,127.89,370.0,ESPELHO 55X175,CANDURA DIST
E5.0033,MT,120.65,369.0,ESPELHO 55X175,CANDURA DIST
E5.0034,GO,95.48,274.0,ESPELHO 55X155,CANDURA DIST
E5.0034,TO,96.64,277.0,ESPELHO 55X155,CANDURA DIST
E5.0034,PA,105.07,342.0,ESPELHO 55X155,CANDURA DIST
E5.0034,MT,89.71,258.0,ESPELHO 55X155,CANDURA DIST
B2.0175,GO,12.76,36.0,BANDEJA DE ACRILICO DOURADA PRATA 32.7X21.7X2.5CM 9700,0
B2.0175,TO,12.89,38.0,BANDEJA DE ACRILICO DOURADA PRATA 32.7X21.7X2.5CM 9700,0
B2.0175,PA,11.84,40.0,BANDEJA DE ACRILICO DOURADA PRATA 32.7X21.7X2.5CM 9700,0
B2.0175,MT,12.76,40.0,BANDEJA DE ACRILICO DOURADA PRATA 32.7X21.7X2.5CM 9700,0
C3.0668,GO,17.5,49.0,CESTO ORGANIZADOR MULTIUSO 47X28X10CM COR UNICA 9718,Y888 IMPORTACAO EXPORT
C3.0668,TO,17.67,51.0,CESTO ORGANIZADOR MULTIUSO 47X28X10CM COR UNICA 9718,Y888 IMPORTACAO EXPORT
C3.0668,PA,16.58,53.0,CESTO ORGANIZADOR MULTIUSO 47X28X10CM COR UNICA 9718,Y888 IMPORTACAO EXPORT
C3.0668,MT,17.5,53.0,CESTO ORGANIZADOR MULTIUSO 47X28X10CM COR UNICA 9718,Y888 IMPORTACAO EXPORT
R18.0028,GO,50.71,136.0,RALADOR FATIADOR PARA VEGETAIS 9EM1 22X20X9CM,KG
R18.0028,TO,51.22,138.0,RALADOR FATIADOR PARA VEGETAIS 9EM1 22X20X9CM,KG
R18.0028,PA,49.35,140.0,RALADOR FATIADOR PARA VEGETAIS 9EM1 22X20X9CM,KG
R18.0028,MT,50.71,140.0,RALADOR FATIADOR PARA VEGETAIS 9EM1 22X20X9CM,KG
C3.0672,GO,231.67,653.0,CONJUNTO DE CACAROLAS 5 PECAS TAMPA DE VIDRO N18 AO 24 MAIS FERVEDOR N14 LINHA CREMA,ALUMINIO MARCOLAR
C3.0672,TO,221.76,656.0,CONJUNTO DE CACAROLAS 5 PECAS TAMPA DE VIDRO N18 AO 24 MAIS FERVEDOR N14 LINHA CREMA,ALUMINIO MARCOLAR
C3.0672,PA,220.83,656.0,CONJUNTO DE CACAROLAS 5 PECAS TAMPA DE VIDRO N18 AO 24 MAIS FERVEDOR N14 LINHA CREMA,ALUMINIO MARCOLAR
C3.0672,MT,218.97,654.0,CONJUNTO DE CACAROLAS 5 PECAS TAMPA DE VIDRO N18 AO 24 MAIS FERVEDOR N14 LINHA CREMA,ALUMINIO MARCOLAR
C3.0673,GO,69.22,220.0,CONJUNTO  FERVERDORES 3 PECAS N12 1.2L N14 1.7L N16 2.3L LINHA CREMA,ALUMINIO MARCOLAR
C3.0673,TO,69.92,246.0,CONJUNTO  FERVERDORES 3 PECAS N12 1.2L N14 1.7L N16 2.3L LINHA CREMA,ALUMINIO MARCOLAR
C3.0673,PA,86.03,248.0,CONJUNTO  FERVERDORES 3 PECAS N12 1.2L N14 1.7L N16 2.3L LINHA CREMA,ALUMINIO MARCOLAR
C3.0673,MT,69.22,220.0,CONJUNTO  FERVERDORES 3 PECAS N12 1.2L N14 1.7L N16 2.3L LINHA CREMA,ALUMINIO MARCOLAR
C3.0674,GO,50.54,145.0,CONJUNTO FRIGIDEIRAS 3 PECAS N18 1.1L N20 1.4L  COM ESPATULA DE NYLON LINHA CREMA,ALUMINIO MARCOLAR
C3.0674,TO,43.33,150.0,CONJUNTO FRIGIDEIRAS 3 PECAS N18 1.1L N20 1.4L  COM ESPATULA DE NYLON LINHA CREMA,ALUMINIO MARCOLAR
C3.0674,PA,52.59,156.0,CONJUNTO FRIGIDEIRAS 3 PECAS N18 1.1L N20 1.4L  COM ESPATULA DE NYLON LINHA CREMA,ALUMINIO MARCOLAR
C3.0674,MT,42.9,145.0,CONJUNTO FRIGIDEIRAS 3 PECAS N18 1.1L N20 1.4L  COM ESPATULA DE NYLON LINHA CREMA,ALUMINIO MARCOLAR
C3.0670,GO,56.54,173.0,COLCHA MILAO COLOR ART LISA 220X240 CASAL,FATEX
C3.0670,TO,57.38,166.0,COLCHA MILAO COLOR ART LISA 220X240 CASAL,FATEX
C3.0670,PA,57.27,166.0,COLCHA MILAO COLOR ART LISA 220X240 CASAL,FATEX
C3.0670,MT,52.61,156.0,COLCHA MILAO COLOR ART LISA 220X240 CASAL,FATEX
C3.0671,GO,60.99,192.0,COLCHA MILAO COLOR ART LISA 240X260 QUEEN,FATEX
C3.0671,TO,63.37,188.0,COLCHA MILAO COLOR ART LISA 240X260 QUEEN,FATEX
C3.0671,PA,62.58,188.0,COLCHA MILAO COLOR ART LISA 240X260 QUEEN,FATEX
C3.0671,MT,56.13,166.0,COLCHA MILAO COLOR ART LISA 240X260 QUEEN,FATEX
C3.0675,GO,69.26,214.0,COLCHA MILAO COLOR ART LISA 2.60X2.80 KING,FATEX
C3.0675,TO,71.49,210.0,COLCHA MILAO COLOR ART LISA 2.60X2.80 KING,FATEX
C3.0675,PA,70.37,210.0,COLCHA MILAO COLOR ART LISA 2.60X2.80 KING,FATEX
C3.0675,MT,69.88,210.0,COLCHA MILAO COLOR ART LISA 2.60X2.80 KING,FATEX
C3.0676,GO,79.05,227.0,COLCHA MILAO COLOR ART LISA 2.80X3.00 SUPER KING,FATEX
C3.0676,TO,80.6,230.0,COLCHA MILAO COLOR ART LISA 2.80X3.00 SUPER KING,FATEX
C3.0676,PA,79.11,230.0,COLCHA MILAO COLOR ART LISA 2.80X3.00 SUPER KING,FATEX
C3.0676,MT,72.84,216.0,COLCHA MILAO COLOR ART LISA 2.80X3.00 SUPER KING,FATEX
B2.0176,GO,40.85,106.0,BANCO RETRATIL PORTATIL CORES ABERTO 43X25CM FECHADO 9.5X25CM 150KG,MAG ZY ATACADO
B2.0176,TO,39.53,108.0,BANCO RETRATIL PORTATIL CORES ABERTO 43X25CM FECHADO 9.5X25CM 150KG,MAG ZY ATACADO
B2.0176,PA,39.82,110.0,BANCO RETRATIL PORTATIL CORES ABERTO 43X25CM FECHADO 9.5X25CM 150KG,MAG ZY ATACADO
B2.0176,MT,38.37,110.0,BANCO RETRATIL PORTATIL CORES ABERTO 43X25CM FECHADO 9.5X25CM 150KG,MAG ZY ATACADO
Q17.0004,GO,5.3,16.0,QUADRO DECORATIVO MDF 30X19.8CM DIVERSOS,FU XING
Q17.0004,TO,4.36,16.0,QUADRO DECORATIVO MDF 30X19.8CM DIVERSOS,FU XING
Q17.0004,PA,4.32,16.0,QUADRO DECORATIVO MDF 30X19.8CM DIVERSOS,FU XING
Q17.0004,MT,4.32,16.0,QUADRO DECORATIVO MDF 30X19.8CM DIVERSOS,FU XING
Q17.0005,GO,11.99,36.0,QUADRO DECORATIVO MDF 3PCS 15X20 20X30 30X40CM,FU XING
Q17.0005,TO,10.59,36.0,QUADRO DECORATIVO MDF 3PCS 15X20 20X30 30X40CM,FU XING
Q17.0005,PA,10.49,36.0,QUADRO DECORATIVO MDF 3PCS 15X20 20X30 30X40CM,FU XING
Q17.0005,MT,10.49,36.0,QUADRO DECORATIVO MDF 3PCS 15X20 20X30 30X40CM,FU XING
Q17.0006,GO,8.62,26.0,QUADRO DECORATIVO MDF 21.5X16.5CM ESTAMPAS,FU XING
Q17.0006,TO,7.36,26.0,QUADRO DECORATIVO MDF 21.5X16.5CM ESTAMPAS,FU XING
Q17.0006,PA,7.29,26.0,QUADRO DECORATIVO MDF 21.5X16.5CM ESTAMPAS,FU XING
Q17.0006,MT,7.29,26.0,QUADRO DECORATIVO MDF 21.5X16.5CM ESTAMPAS,FU XING
G7.0075,GO,18.29,58.0,GUARDA CHUVA INFANTIL BLACKOUT DIVERSOS 70CM,FACINATO IMPORTAÇÃO
G7.0075,TO,19.65,58.0,GUARDA CHUVA INFANTIL BLACKOUT DIVERSOS 70CM,FACINATO IMPORTAÇÃO
G7.0075,PA,18.18,58.0,GUARDA CHUVA INFANTIL BLACKOUT DIVERSOS 70CM,FACINATO IMPORTAÇÃO
G7.0075,MT,19.31,58.0,GUARDA CHUVA INFANTIL BLACKOUT DIVERSOS 70CM,FACINATO IMPORTAÇÃO
P16.0208,GO,148.56,426.0,PANELA PRESSAO 7.5 CLEAN COAT,PATOLUX
P16.0208,TO,150.63,432.0,PANELA PRESSAO 7.5 CLEAN COAT,PATOLUX
P16.0208,PA,160.39,459.0,PANELA PRESSAO 7.5 CLEAN COAT,PATOLUX
P16.0208,MT,149.14,428.0,PANELA PRESSAO 7.5 CLEAN COAT,PATOLUX
V22.0018,GO,129.32,452.0,VENTILADOR PEDESTAL 5 PAS 60W 98CM 125CM TP 220 127 VP,TOP TEM
V22.0018,TO,130.62,462.0,VENTILADOR PEDESTAL 5 PAS 60W 98CM 125CM TP 220 127 VP,TOP TEM
V22.0018,PA,127.17,462.0,VENTILADOR PEDESTAL 5 PAS 60W 98CM 125CM TP 220 127 VP,TOP TEM
V22.0018,MT,153.63,452.0,VENTILADOR PEDESTAL 5 PAS 60W 98CM 125CM TP 220 127 VP,TOP TEM
J10.0146,GO,7.82,27.0,JOGO DE CANECA VIDRO MALIKA  250ML 3PCS 12CM 15270,INGA IMPORT
J10.0146,TO,7.89,28.0,JOGO DE CANECA VIDRO MALIKA  250ML 3PCS 12CM 15270,INGA IMPORT
J10.0146,PA,7.82,29.0,JOGO DE CANECA VIDRO MALIKA  250ML 3PCS 12CM 15270,INGA IMPORT
J10.0146,MT,7.82,29.0,JOGO DE CANECA VIDRO MALIKA  250ML 3PCS 12CM 15270,INGA IMPORT
J10.0147,GO,33.46,97.0,JOGO DE TACAS SORVETE  CALIFORNIA 250ML 6 PCS 8CM 16226,INGA IMPORT
J10.0147,TO,33.79,98.0,JOGO DE TACAS SORVETE  CALIFORNIA 250ML 6 PCS 8CM 16226,INGA IMPORT
J10.0147,PA,33.46,99.0,JOGO DE TACAS SORVETE  CALIFORNIA 250ML 6 PCS 8CM 16226,INGA IMPORT
J10.0147,MT,33.46,99.0,JOGO DE TACAS SORVETE  CALIFORNIA 250ML 6 PCS 8CM 16226,INGA IMPORT
C3.0638,GO,199.57,554.0,CORTINA VOAIL BORDADA BARCELONA 560X260,MENEGATTI
C3.0638,TO,201.56,558.0,CORTINA VOAIL BORDADA BARCELONA 560X260,MENEGATTI
C3.0638,PA,204.79,560.0,CORTINA VOAIL BORDADA BARCELONA 560X260,MENEGATTI
C3.0638,MT,199.57,560.0,CORTINA VOAIL BORDADA BARCELONA 560X260,MENEGATTI
C3.0658,GO,47.0,142.0,COLCHA SIENA  LISA CASAL 220X240 3PCS 4939,NYCOLLY
C3.0658,TO,60.31,174.0,COLCHA SIENA  LISA CASAL 220X240 3PCS 4939,NYCOLLY
C3.0658,PA,47.0,146.0,COLCHA SIENA  LISA CASAL 220X240 3PCS 4939,NYCOLLY
C3.0658,MT,47.0,146.0,COLCHA SIENA  LISA CASAL 220X240 3PCS 4939,NYCOLLY
C3.0677,GO,28.25,82.0,COPO TERMICO 420ML CANUDO CORES,XDX TALHERES
C3.0677,TO,28.83,83.0,COPO TERMICO 420ML CANUDO CORES,XDX TALHERES
C3.0677,PA,28.37,82.0,COPO TERMICO 420ML CANUDO CORES,XDX TALHERES
C3.0677,MT,26.18,75.0,COPO TERMICO 420ML CANUDO CORES,XDX TALHERES
K11.0163,GO,31.93,92.0,KIT GARRAFA TERMICA INFANTIL 550ML COM BOLSINHA PARA TRANSPORTE E PORTA MOEDAS,MAGZY
K11.0163,TO,32.1,93.0,KIT GARRAFA TERMICA INFANTIL 550ML COM BOLSINHA PARA TRANSPORTE E PORTA MOEDAS,MAGZY
K11.0163,PA,32.62,94.0,KIT GARRAFA TERMICA INFANTIL 550ML COM BOLSINHA PARA TRANSPORTE E PORTA MOEDAS,MAGZY
K11.0163,MT,29.32,87.0,KIT GARRAFA TERMICA INFANTIL 550ML COM BOLSINHA PARA TRANSPORTE E PORTA MOEDAS,MAGZY
K11.0162,GO,46.42,133.0,KIT BULE 850ML 4 CANECAS 150ML CORES,MAGZY
K11.0162,TO,52.18,150.0,KIT BULE 850ML 4 CANECAS 150ML CORES,MAGZY
K11.0162,PA,46.42,136.0,KIT BULE 850ML 4 CANECAS 150ML CORES,MAGZY
K11.0162,MT,46.42,136.0,KIT BULE 850ML 4 CANECAS 150ML CORES,MAGZY
B2.0177,GO,9.34,14.0,BALDE DE GELO MARTELADO INOX 1L CORES 18352,INGA IMPORT
B2.0177,TO,9.43,14.0,BALDE DE GELO MARTELADO INOX 1L CORES 18352,INGA IMPORT
B2.0177,PA,9.34,14.0,BALDE DE GELO MARTELADO INOX 1L CORES 18352,INGA IMPORT
B2.0177,MT,9.34,14.0,BALDE DE GELO MARTELADO INOX 1L CORES 18352,INGA IMPORT
J10.0151,GO,8.23,24.0,JG 3 MINI BOWLS MARTELADOS 170ML 8CM 24CM CORES 18319 AO 18322,INGA IMPORT
J10.0151,TO,8.31,25.0,JG 3 MINI BOWLS MARTELADOS 170ML 8CM 24CM CORES 18319 AO 18322,INGA IMPORT
J10.0151,PA,8.23,26.0,JG 3 MINI BOWLS MARTELADOS 170ML 8CM 24CM CORES 18319 AO 18322,INGA IMPORT
J10.0151,MT,8.23,24.0,JG 3 MINI BOWLS MARTELADOS 170ML 8CM 24CM CORES 18319 AO 18322,INGA IMPORT
J10.0152,GO,10.67,32.0,JG 3 TACAS SOBREMESA MARTELADO CORES 100ML 8CM 24CM 18323 18325,INGA IMPORT
J10.0152,TO,10.77,33.0,JG 3 TACAS SOBREMESA MARTELADO CORES 100ML 8CM 24CM 18323 18325,INGA IMPORT
J10.0152,PA,10.67,34.0,JG 3 TACAS SOBREMESA MARTELADO CORES 100ML 8CM 24CM 18323 18325,INGA IMPORT
J10.0152,MT,10.67,32.0,JG 3 TACAS SOBREMESA MARTELADO CORES 100ML 8CM 24CM 18323 18325,INGA IMPORT
P16.0209,GO,14.68,44.0,PRATO DE BOLO MARTELADO INOX CORES 29CM 18340,INGA IMPORT
P16.0209,TO,14.83,45.0,PRATO DE BOLO MARTELADO INOX CORES 29CM 18340,INGA IMPORT
P16.0209,PA,14.68,46.0,PRATO DE BOLO MARTELADO INOX CORES 29CM 18340,INGA IMPORT
P16.0209,MT,14.68,44.0,PRATO DE BOLO MARTELADO INOX CORES 29CM 18340,INGA IMPORT
K11.0164,GO,33.36,96.0,KIT SALADEIRA MARTELADA P15CM 840ML M19CM 1.75LT G23.5 3.9LT CORES,INGA IMPORT
K11.0164,TO,31.0,93.0,KIT SALADEIRA MARTELADA P15CM 840ML M19CM 1.75LT G23.5 3.9LT CORES,INGA IMPORT
K11.0164,PA,30.69,94.0,KIT SALADEIRA MARTELADA P15CM 840ML M19CM 1.75LT G23.5 3.9LT CORES,INGA IMPORT
K11.0164,MT,30.69,93.0,KIT SALADEIRA MARTELADA P15CM 840ML M19CM 1.75LT G23.5 3.9LT CORES,INGA IMPORT
S19.0025,GO,16.14,48.0,SALADEIRA MARTELADA G CORES 3.9L 23.5CM18335 AO 18338,INGA IMPORT
S19.0025,TO,16.3,49.0,SALADEIRA MARTELADA G CORES 3.9L 23.5CM18335 AO 18338,INGA IMPORT
S19.0025,PA,16.14,50.0,SALADEIRA MARTELADA G CORES 3.9L 23.5CM18335 AO 18338,INGA IMPORT
S19.0025,MT,16.14,48.0,SALADEIRA MARTELADA G CORES 3.9L 23.5CM18335 AO 18338,INGA IMPORT
S19.0027,GO,4.84,14.0,SALADEIRA MARTELADA P CORES 840ML 15CM 18327 AO 18330,INGA IMPORT
S19.0027,TO,4.89,15.0,SALADEIRA MARTELADA P CORES 840ML 15CM 18327 AO 18330,INGA IMPORT
S19.0027,PA,4.84,16.0,SALADEIRA MARTELADA P CORES 840ML 15CM 18327 AO 18330,INGA IMPORT
S19.0027,MT,4.84,14.0,SALADEIRA MARTELADA P CORES 840ML 15CM 18327 AO 18330,INGA IMPORT
J10.0155,GO,21.45,68.0,JOGO DE TACAS DE VIDRO ZARA 230ML 6PCS 18102,INGA IMPORT
J10.0155,TO,21.67,69.0,JOGO DE TACAS DE VIDRO ZARA 230ML 6PCS 18102,INGA IMPORT
J10.0155,PA,21.45,70.0,JOGO DE TACAS DE VIDRO ZARA 230ML 6PCS 18102,INGA IMPORT
J10.0155,MT,21.45,70.0,JOGO DE TACAS DE VIDRO ZARA 230ML 6PCS 18102,INGA IMPORT
J10.0156,GO,6.59,21.0,JOGO DE XICARAS CHA VIDRO ZARA 220ML 3PCS 18100,INGA IMPORT
J10.0156,TO,6.65,22.0,JOGO DE XICARAS CHA VIDRO ZARA 220ML 3PCS 18100,INGA IMPORT
J10.0156,PA,6.59,23.0,JOGO DE XICARAS CHA VIDRO ZARA 220ML 3PCS 18100,INGA IMPORT
J10.0156,MT,6.59,23.0,JOGO DE XICARAS CHA VIDRO ZARA 220ML 3PCS 18100,INGA IMPORT
J10.0154,GO,5.92,18.0,JOGO DE CANECAS CHOPP OTTO 260ML 2PCS 18013,INGA IMPORT
J10.0154,TO,5.98,19.0,JOGO DE CANECAS CHOPP OTTO 260ML 2PCS 18013,INGA IMPORT
J10.0154,PA,5.92,20.0,JOGO DE CANECAS CHOPP OTTO 260ML 2PCS 18013,INGA IMPORT
J10.0154,MT,5.92,20.0,JOGO DE CANECAS CHOPP OTTO 260ML 2PCS 18013,INGA IMPORT
S19.0028,GO,66.87,230.0,SUQUEIRA DE VIDRO FUME 2L 16534,INGA IMPORT
S19.0028,TO,67.54,240.0,SUQUEIRA DE VIDRO FUME 2L 16534,INGA IMPORT
S19.0028,PA,66.87,250.0,SUQUEIRA DE VIDRO FUME 2L 16534,INGA IMPORT
S19.0028,MT,66.87,240.0,SUQUEIRA DE VIDRO FUME 2L 16534,INGA IMPORT
J10.0157,GO,26.18,83.0,JOGO DE TACAS MILBALI 6PCS 330ML CORES,FRATELLI
J10.0157,TO,26.44,84.0,JOGO DE TACAS MILBALI 6PCS 330ML CORES,FRATELLI
J10.0157,PA,27.69,85.0,JOGO DE TACAS MILBALI 6PCS 330ML CORES,FRATELLI
J10.0157,MT,37.28,107.0,JOGO DE TACAS MILBALI 6PCS 330ML CORES,FRATELLI
C3.0678,GO,32.92,104.0,CONJ JARRA E TACAS DE VIDRO DIAMANTE CITY 1.4L 200ML 7 PCS 18169,INGA IMPORT
C3.0678,TO,33.25,106.0,CONJ JARRA E TACAS DE VIDRO DIAMANTE CITY 1.4L 200ML 7 PCS 18169,INGA IMPORT
C3.0678,PA,32.92,108.0,CONJ JARRA E TACAS DE VIDRO DIAMANTE CITY 1.4L 200ML 7 PCS 18169,INGA IMPORT
C3.0678,MT,32.92,104.0,CONJ JARRA E TACAS DE VIDRO DIAMANTE CITY 1.4L 200ML 7 PCS 18169,INGA IMPORT
J10.0153,GO,32.92,104.0,JG 7PCS JARRA E TACAS DE VIDRO PINEA 1.4L 200ML 18170,INGA IMPORT
J10.0153,TO,33.25,106.0,JG 7PCS JARRA E TACAS DE VIDRO PINEA 1.4L 200ML 18170,INGA IMPORT
J10.0153,PA,32.92,108.0,JG 7PCS JARRA E TACAS DE VIDRO PINEA 1.4L 200ML 18170,INGA IMPORT
J10.0153,MT,32.92,104.0,JG 7PCS JARRA E TACAS DE VIDRO PINEA 1.4L 200ML 18170,INGA IMPORT
T20.0265,GO,12.52,36.0,TAPETE DE PORTA NATALINO 040X060,NIAZITEX
T20.0265,TO,12.88,37.0,TAPETE DE PORTA NATALINO 040X060,NIAZITEX
T20.0265,PA,12.52,38.0,TAPETE DE PORTA NATALINO 040X060,NIAZITEX
T20.0265,MT,12.52,36.0,TAPETE DE PORTA NATALINO 040X060,NIAZITEX
T20.0266,GO,16.97,48.0,TAPETE DE PORTA NATALINO 050X080,NIAZITEX
T20.0266,TO,21.02,49.0,TAPETE DE PORTA NATALINO 050X080,NIAZITEX
T20.0266,PA,16.97,50.0,TAPETE DE PORTA NATALINO 050X080,NIAZITEX
T20.0266,MT,16.97,48.0,TAPETE DE PORTA NATALINO 050X080,NIAZITEX
P16.0210,GO,163.96,470.0,PANELA PRESSAO 10LT CLEAN COAT,PATOLUX
P16.0210,TO,165.6,474.0,PANELA PRESSAO 10LT CLEAN COAT,PATOLUX
P16.0210,PA,177.02,506.0,PANELA PRESSAO 10LT CLEAN COAT,PATOLUX
P16.0210,MT,163.96,470.0,PANELA PRESSAO 10LT CLEAN COAT,PATOLUX
K11.0166,GO,47.0,139.0,KIT COBRE LEITO CASAL 220X240 LISO 5056,NYCOLLY
K11.0166,TO,47.47,141.0,KIT COBRE LEITO CASAL 220X240 LISO 5056,NYCOLLY
K11.0166,PA,47.0,143.0,KIT COBRE LEITO CASAL 220X240 LISO 5056,NYCOLLY
K11.0166,MT,47.0,145.0,KIT COBRE LEITO CASAL 220X240 LISO 5056,NYCOLLY
K11.0165,GO,64.77,162.0,KIT COLCHA PARIS 150 FIO QUEN 240X260,NYCOLLY
K11.0165,TO,56.59,164.0,KIT COLCHA PARIS 150 FIO QUEN 240X260,NYCOLLY
K11.0165,PA,56.15,164.0,KIT COLCHA PARIS 150 FIO QUEN 240X260,NYCOLLY
K11.0165,MT,55.26,162.0,KIT COLCHA PARIS 150 FIO QUEN 240X260,NYCOLLY
C1.0005,GO,137.29,396.0,COLCHA ROMA SUPER KING ESTAMPADA 3 PCS,TEXTIL ARTE
C1.0005,TO,133.02,398.0,COLCHA ROMA SUPER KING ESTAMPADA 3 PCS,TEXTIL ARTE
C1.0005,PA,115.53,398.0,COLCHA ROMA SUPER KING ESTAMPADA 3 PCS,TEXTIL ARTE
C1.0005,MT,129.16,396.0,COLCHA ROMA SUPER KING ESTAMPADA 3 PCS,TEXTIL ARTE
T20.0267,GO,14.14,39.0,TAPETE SOFT PORTA 40X60,TEXTIL ARTE
T20.0267,TO,13.76,39.0,TAPETE SOFT PORTA 40X60,TEXTIL ARTE
T20.0267,PA,12.71,39.0,TAPETE SOFT PORTA 40X60,TEXTIL ARTE
T20.0267,MT,12.51,39.0,TAPETE SOFT PORTA 40X60,TEXTIL ARTE
C3.0682,GO,121.19,340.0,COLCHA ROMA KING ESTAMPADA 3 PCS SORT,TEXTIL ARTE
C3.0682,TO,117.43,350.0,COLCHA ROMA KING ESTAMPADA 3 PCS SORT,TEXTIL ARTE
C3.0682,PA,101.99,350.0,COLCHA ROMA KING ESTAMPADA 3 PCS SORT,TEXTIL ARTE
C3.0682,MT,114.02,340.0,COLCHA ROMA KING ESTAMPADA 3 PCS SORT,TEXTIL ARTE
C3.0681,GO,97.61,232.0,COLCHA PEROLA CASAL LISA 3PCS SORT,TEXTIL ARTE
C3.0681,TO,94.32,234.0,COLCHA PEROLA CASAL LISA 3PCS SORT,TEXTIL ARTE
C3.0681,PA,81.15,236.0,COLCHA PEROLA CASAL LISA 3PCS SORT,TEXTIL ARTE
C3.0681,MT,90.73,232.0,COLCHA PEROLA CASAL LISA 3PCS SORT,TEXTIL ARTE
C3.0683,GO,109.32,272.0,COLCHA PEROLA KING LISA 3PCS SORT,TEXTIL ARTE
C3.0683,TO,105.63,274.0,COLCHA PEROLA KING LISA 3PCS SORT,TEXTIL ARTE
C3.0683,PA,90.89,276.0,COLCHA PEROLA KING LISA 3PCS SORT,TEXTIL ARTE
C3.0683,MT,101.61,278.0,COLCHA PEROLA KING LISA 3PCS SORT,TEXTIL ARTE
C3.0684,GO,116.92,290.0,COLCHA AMALFI LISA CASAL 3PCS,TEXTIL ARTE
C3.0684,TO,113.14,292.0,COLCHA AMALFI LISA CASAL 3PCS,TEXTIL ARTE
C3.0684,PA,97.82,294.0,COLCHA AMALFI LISA CASAL 3PCS,TEXTIL ARTE
C3.0684,MT,108.93,290.0,COLCHA AMALFI LISA CASAL 3PCS,TEXTIL ARTE
C3.0685,GO,133.39,340.0,COLCHA AMALFI LISA QUEEN 3PCS,TEXTIL ARTE
C3.0685,TO,129.55,342.0,COLCHA AMALFI LISA QUEEN 3PCS,TEXTIL ARTE
C3.0685,PA,113.45,344.0,COLCHA AMALFI LISA QUEEN 3PCS,TEXTIL ARTE
C3.0685,MT,125.05,340.0,COLCHA AMALFI LISA QUEEN 3PCS,TEXTIL ARTE
C3.0686,GO,154.28,380.0,COLCHA AMALFI LISA KING  3PCS,TEXTIL ARTE
C3.0686,TO,149.29,382.0,COLCHA AMALFI LISA KING  3PCS,TEXTIL ARTE
C3.0686,PA,129.07,384.0,COLCHA AMALFI LISA KING  3PCS,TEXTIL ARTE
C3.0686,MT,143.74,380.0,COLCHA AMALFI LISA KING  3PCS,TEXTIL ARTE
C3.0687,GO,177.94,430.0,COLCHA AMALFI LISA SUPER KING  3PCS,TEXTIL ARTE
C3.0687,TO,172.18,432.0,COLCHA AMALFI LISA SUPER KING  3PCS,TEXTIL ARTE
C3.0687,PA,148.87,434.0,COLCHA AMALFI LISA SUPER KING  3PCS,TEXTIL ARTE
C3.0687,MT,165.78,430.0,COLCHA AMALFI LISA SUPER KING  3PCS,TEXTIL ARTE
C3.0688,GO,52.13,153.0,COLCHA PARIS CASAL ESTAMPADO 220X260,NYCOLLY
C3.0688,TO,60.89,175.0,COLCHA PARIS CASAL ESTAMPADO 220X260,NYCOLLY
C3.0688,PA,60.27,173.0,COLCHA PARIS CASAL ESTAMPADO 220X260,NYCOLLY
C3.0688,MT,58.49,168.0,COLCHA PARIS CASAL ESTAMPADO 220X260,NYCOLLY
T20.0071,GO,23.67,69.0,T BANHO INFANTIL PERSONAGENS,LEPPER
T20.0071,TO,24.02,69.0,T BANHO INFANTIL PERSONAGENS,LEPPER
T20.0071,PA,23.7,69.0,T BANHO INFANTIL PERSONAGENS,LEPPER
T20.0071,MT,20.44,69.0,T BANHO INFANTIL PERSONAGENS,LEPPER
C3.0679,GO,51.62,166.0,COPO TERMICO  STITCH CORES 1.200ML,XDX TALHERES
C3.0679,TO,51.02,168.0,COPO TERMICO  STITCH CORES 1.200ML,XDX TALHERES
C3.0679,PA,51.06,170.0,COPO TERMICO  STITCH CORES 1.200ML,XDX TALHERES
C3.0679,MT,51.07,166.0,COPO TERMICO  STITCH CORES 1.200ML,XDX TALHERES
C3.0680,GO,22.96,64.0,COPO TERMICO PORTA CERVEJA LATA E LONG NECK 330ML,TUKIN
C3.0680,TO,21.08,65.0,COPO TERMICO PORTA CERVEJA LATA E LONG NECK 330ML,TUKIN
C3.0680,PA,20.65,66.0,COPO TERMICO PORTA CERVEJA LATA E LONG NECK 330ML,TUKIN
C3.0680,MT,20.46,64.0,COPO TERMICO PORTA CERVEJA LATA E LONG NECK 330ML,TUKIN
C3.0690,GO,66.88,190.0,COLCHA BOUTS ATTUAL KING ESTAMPADO 260X280,NYCOLLY
C3.0690,TO,67.55,192.0,COLCHA BOUTS ATTUAL KING ESTAMPADO 260X280,NYCOLLY
C3.0690,PA,66.88,194.0,COLCHA BOUTS ATTUAL KING ESTAMPADO 260X280,NYCOLLY
C3.0690,MT,66.88,196.0,COLCHA BOUTS ATTUAL KING ESTAMPADO 260X280,NYCOLLY
C3.0689,GO,65.48,190.0,COLCHA PARIS KING ESTAMPADA 260X280,NYCOLLY
C3.0689,TO,67.36,210.0,COLCHA PARIS KING ESTAMPADA 260X280,NYCOLLY
C3.0689,PA,74.81,216.0,COLCHA PARIS KING ESTAMPADA 260X280,NYCOLLY
C3.0689,MT,73.1,210.0,COLCHA PARIS KING ESTAMPADA 260X280,NYCOLLY
C3.0691,GO,72.51,230.0,COLCHA BOUTS ATTUAL SUPER KING ESTAMPADO 280X300,NYCOLLY
C3.0691,TO,73.24,232.0,COLCHA BOUTS ATTUAL SUPER KING ESTAMPADO 280X300,NYCOLLY
C3.0691,PA,72.51,234.0,COLCHA BOUTS ATTUAL SUPER KING ESTAMPADO 280X300,NYCOLLY
C3.0691,MT,72.51,236.0,COLCHA BOUTS ATTUAL SUPER KING ESTAMPADO 280X300,NYCOLLY
T20.0268,GO,0.0,548.0,TAPETE TEXAS 200X300 SORTIDOS,MANHATTAN
T20.0268,TO,179.51,550.0,TAPETE TEXAS 200X300 SORTIDOS,MANHATTAN
T20.0268,PA,177.11,552.0,TAPETE TEXAS 200X300 SORTIDOS,MANHATTAN
T20.0268,MT,0.0,548.0,TAPETE TEXAS 200X300 SORTIDOS,MANHATTAN
C3.0695,GO,0.0,198.0,COLCHA SIENA DOUBLE QUEEN 240X260,NYCOLLY
C3.0695,TO,80.36,200.0,COLCHA SIENA DOUBLE QUEEN 240X260,NYCOLLY
C3.0695,PA,0.0,202.0,COLCHA SIENA DOUBLE QUEEN 240X260,NYCOLLY
C3.0695,MT,0.0,198.0,COLCHA SIENA DOUBLE QUEEN 240X260,NYCOLLY
C3.0696,GO,79.12,242.0,COLCHA SIENA DOUBLE SUPER KING 280X300,NYCOLLY
C3.0696,TO,80.3,244.0,COLCHA SIENA DOUBLE SUPER KING 280X300,NYCOLLY
C3.0696,PA,39.78,,COLCHA SIENA DOUBLE SUPER KING 280X300,NYCOLLY
C3.0696,MT,38.73,242.0,COLCHA SIENA DOUBLE SUPER KING 280X300,NYCOLLY
C3.0596,GO,63.16,134.0,COLCHA CASAL MALHA RAMADA,ADRILAR
C3.0596,TO,63.16,144.0,COLCHA CASAL MALHA RAMADA,ADRILAR
C3.0596,PA,63.16,144.0,COLCHA CASAL MALHA RAMADA,ADRILAR
C3.0596,MT,63.16,144.0,COLCHA CASAL MALHA RAMADA,ADRILAR
L12.0124,GO,35.72,68.0,LENCOL SOLTEIRO MALHA RAMADA,ADRILAR
L12.0124,TO,35.72,80.0,LENCOL SOLTEIRO MALHA RAMADA,ADRILAR
L12.0124,PA,35.72,80.0,LENCOL SOLTEIRO MALHA RAMADA,ADRILAR
L12.0124,MT,35.72,80.0,LENCOL SOLTEIRO MALHA RAMADA,ADRILAR
M13.0091,GO,22.52,88.0,MOCHILA INFANTIL  P 33X27 0125 1,LUI ELETRONICOS
M13.0091,TO,23.16,88.0,MOCHILA INFANTIL  P 33X27 0125 1,LUI ELETRONICOS
M13.0091,PA,23.03,88.0,MOCHILA INFANTIL  P 33X27 0125 1,LUI ELETRONICOS
M13.0091,MT,22.76,88.0,MOCHILA INFANTIL  P 33X27 0125 1,LUI ELETRONICOS
M13.0092,GO,32.03,98.0,MOCHILA INFANTIL M 37X28 670,LUI ELETRONICOS
M13.0092,TO,33.33,98.0,MOCHILA INFANTIL M 37X28 670,LUI ELETRONICOS
M13.0092,PA,32.05,98.0,MOCHILA INFANTIL M 37X28 670,LUI ELETRONICOS
M13.0092,MT,32.53,98.0,MOCHILA INFANTIL M 37X28 670,LUI ELETRONICOS
M13.0093,GO,33.97,102.0,MOCHILA INFANTIL G 42X32 816,LUI ELETRONICOS
M13.0093,TO,34.74,102.0,MOCHILA INFANTIL G 42X32 816,LUI ELETRONICOS
M13.0093,PA,37.06,102.0,MOCHILA INFANTIL G 42X32 816,LUI ELETRONICOS
M13.0093,MT,34.26,102.0,MOCHILA INFANTIL G 42X32 816,LUI ELETRONICOS
T20.0269,GO,10.25,30.0,TOALHA DE MESA NATALINO DIVERSOS 140X140,ADRILAR
T20.0269,TO,10.25,31.0,TOALHA DE MESA NATALINO DIVERSOS 140X140,ADRILAR
T20.0269,PA,10.25,31.0,TOALHA DE MESA NATALINO DIVERSOS 140X140,ADRILAR
T20.0269,MT,10.25,31.0,TOALHA DE MESA NATALINO DIVERSOS 140X140,ADRILAR
T20.0270,GO,14.63,42.0,TOALHA MESA NATALINA OXFORD 2MT,ADRILAR
T20.0270,TO,14.63,43.0,TOALHA MESA NATALINA OXFORD 2MT,ADRILAR
T20.0270,PA,14.63,43.0,TOALHA MESA NATALINA OXFORD 2MT,ADRILAR
T20.0270,MT,14.63,43.0,TOALHA MESA NATALINA OXFORD 2MT,ADRILAR
T20.0271,GO,18.53,53.0,TOALHA DE MESA NATALINO DIVERSOS 200X200,ADRILAR
T20.0271,TO,18.53,54.0,TOALHA DE MESA NATALINO DIVERSOS 200X200,ADRILAR
T20.0271,PA,18.53,54.0,TOALHA DE MESA NATALINO DIVERSOS 200X200,ADRILAR
T20.0271,MT,18.53,54.0,TOALHA DE MESA NATALINO DIVERSOS 200X200,ADRILAR
L12.0130,GO,35.72,68.0,LENCOL SOLTEIRO INFANTIL MALHA RAMADA,ADRILAR
L12.0130,TO,35.72,80.0,LENCOL SOLTEIRO INFANTIL MALHA RAMADA,ADRILAR
L12.0130,PA,35.72,80.0,LENCOL SOLTEIRO INFANTIL MALHA RAMADA,ADRILAR
L12.0130,MT,35.72,80.0,LENCOL SOLTEIRO INFANTIL MALHA RAMADA,ADRILAR
C3.0697,GO,16.28,52.0,COPO TERMICO INFANTIL 350ML 10X8CM TAMPA ANTI VAZAMENTO,MAGZY
C3.0697,TO,18.0,53.0,COPO TERMICO INFANTIL 350ML 10X8CM TAMPA ANTI VAZAMENTO,MAGZY
C3.0697,PA,16.6,54.0,COPO TERMICO INFANTIL 350ML 10X8CM TAMPA ANTI VAZAMENTO,MAGZY
C3.0697,MT,17.33,52.0,COPO TERMICO INFANTIL 350ML 10X8CM TAMPA ANTI VAZAMENTO,MAGZY
T20.0272,GO,64.4,210.0,TAPETE GEOMETRICO LISO MARROCOS 140X200,NYCOLLY
T20.0272,TO,65.26,220.0,TAPETE GEOMETRICO LISO MARROCOS 140X200,NYCOLLY
T20.0272,PA,0.0,0.0,TAPETE GEOMETRICO LISO MARROCOS 140X200,NYCOLLY
T20.0272,MT,0.0,0.0,TAPETE GEOMETRICO LISO MARROCOS 140X200,NYCOLLY
T20.0273,GO,69.08,220.0,TAPETE GEOMETRICO MARROCOS 140X200,NYCOLLY
T20.0273,TO,70.64,230.0,TAPETE GEOMETRICO MARROCOS 140X200,NYCOLLY
T20.0273,PA,0.0,0.0,TAPETE GEOMETRICO MARROCOS 140X200,NYCOLLY
T20.0273,MT,0.0,0.0,TAPETE GEOMETRICO MARROCOS 140X200,NYCOLLY
T20.0274,GO,59.29,175.0,TAPETE PELUDO HIMALAYA 140X200,NYCOLLY
T20.0274,TO,59.38,185.0,TAPETE PELUDO HIMALAYA 140X200,NYCOLLY
T20.0274,PA,59.8,185.0,TAPETE PELUDO HIMALAYA 140X200,NYCOLLY
T20.0274,MT,58.89,175.0,TAPETE PELUDO HIMALAYA 140X200,NYCOLLY
B2.0180,GO,0.0,0.0,BOMBONIERE DE VIDRO LISTRAS 1.2L - 16610,INGA IMPORT
B2.0180,TO,21.28,58.0,BOMBONIERE DE VIDRO LISTRAS 1.2L - 16610,INGA IMPORT
B2.0180,PA,0.0,0.0,BOMBONIERE DE VIDRO LISTRAS 1.2L - 16610,INGA IMPORT
B2.0180,MT,0.0,0.0,BOMBONIERE DE VIDRO LISTRAS 1.2L - 16610,INGA IMPORT
J10.0158,GO,0.0,0.0,JG DE COPOS ALTOS VIDRO CLEAR ZARA 300ML 6PCS 18103,INGA IMPORT
J10.0158,TO,25.69,77.0,JG DE COPOS ALTOS VIDRO CLEAR ZARA 300ML 6PCS 18103,INGA IMPORT
J10.0158,PA,0.0,0.0,JG DE COPOS ALTOS VIDRO CLEAR ZARA 300ML 6PCS 18103,INGA IMPORT
J10.0158,MT,17.64,56.0,JG DE COPOS ALTOS VIDRO CLEAR ZARA 300ML 6PCS 18103,INGA IMPORT
J10.0159,GO,0.0,0.0,JG DE TACAS VIDRO SOBREMESA LINES 270ML 3PCS 18069,INGA IMPORT
J10.0159,TO,10.58,32.0,JG DE TACAS VIDRO SOBREMESA LINES 270ML 3PCS 18069,INGA IMPORT
J10.0159,PA,0.0,0.0,JG DE TACAS VIDRO SOBREMESA LINES 270ML 3PCS 18069,INGA IMPORT
J10.0159,MT,0.0,0.0,JG DE TACAS VIDRO SOBREMESA LINES 270ML 3PCS 18069,INGA IMPORT
J10.0161,GO,0.0,0.0,JOGO DE XICARAS CAFE VIDRO ROBUSTA LISA 85ML 6PCS 18159,INGA IMPORT
J10.0161,TO,13.39,40.0,JOGO DE XICARAS CAFE VIDRO ROBUSTA LISA 85ML 6PCS 18159,INGA IMPORT
J10.0161,PA,0.0,0.0,JOGO DE XICARAS CAFE VIDRO ROBUSTA LISA 85ML 6PCS 18159,INGA IMPORT
J10.0161,MT,0.0,0.0,JOGO DE XICARAS CAFE VIDRO ROBUSTA LISA 85ML 6PCS 18159,INGA IMPORT
B2.0181,GO,0.0,0.0,BOMBONIERE DE VIDRO MALDIVAS 580ML 16201,INGA IMPORT
B2.0181,TO,14.25,43.0,BOMBONIERE DE VIDRO MALDIVAS 580ML 16201,INGA IMPORT
B2.0181,PA,0.0,0.0,BOMBONIERE DE VIDRO MALDIVAS 580ML 16201,INGA IMPORT
B2.0181,MT,11.83,38.0,BOMBONIERE DE VIDRO MALDIVAS 580ML 16201,INGA IMPORT
J10.0160,GO,0.0,0.0,JOGO DE TACAS SOBREMESA VIDRO RAWAN 140ML 3PCS 18140,INGA IMPORT
J10.0160,TO,8.13,24.0,JOGO DE TACAS SOBREMESA VIDRO RAWAN 140ML 3PCS 18140,INGA IMPORT
J10.0160,PA,0.0,0.0,JOGO DE TACAS SOBREMESA VIDRO RAWAN 140ML 3PCS 18140,INGA IMPORT
J10.0160,MT,0.0,0.0,JOGO DE TACAS SOBREMESA VIDRO RAWAN 140ML 3PCS 18140,INGA IMPORT
J10.0162,GO,0.0,0.0,JOGO DE XICARAS CAFE COM PIRES VIDRO ROCKS 105ML 6PCS 18151,INGA IMPORT
J10.0162,TO,13.64,41.0,JOGO DE XICARAS CAFE COM PIRES VIDRO ROCKS 105ML 6PCS 18151,INGA IMPORT
J10.0162,PA,0.0,0.0,JOGO DE XICARAS CAFE COM PIRES VIDRO ROCKS 105ML 6PCS 18151,INGA IMPORT
J10.0162,MT,0.0,0.0,JOGO DE XICARAS CAFE COM PIRES VIDRO ROCKS 105ML 6PCS 18151,INGA IMPORT
J10.0163,GO,0.0,0.0,JOGO DE XICARAS CHA COM PIRES DE VIDRO ROCKS 185ML 6PCS 18152,INGA IMPORT
J10.0163,TO,20.37,62.0,JOGO DE XICARAS CHA COM PIRES DE VIDRO ROCKS 185ML 6PCS 18152,INGA IMPORT
J10.0163,PA,0.0,0.0,JOGO DE XICARAS CHA COM PIRES DE VIDRO ROCKS 185ML 6PCS 18152,INGA IMPORT
J10.0163,MT,16.61,52.0,JOGO DE XICARAS CHA COM PIRES DE VIDRO ROCKS 185ML 6PCS 18152,INGA IMPORT
B2.0179,GO,0.0,0.0,BOMBONIERE DE VIDRO EMPILHAVEL DUPLA CLEAR AGATHA 1.18L 18078,INGA IMPORT
B2.0179,TO,20.37,62.0,BOMBONIERE DE VIDRO EMPILHAVEL DUPLA CLEAR AGATHA 1.18L 18078,INGA IMPORT
B2.0179,PA,0.0,0.0,BOMBONIERE DE VIDRO EMPILHAVEL DUPLA CLEAR AGATHA 1.18L 18078,INGA IMPORT
B2.0179,MT,0.0,0.0,BOMBONIERE DE VIDRO EMPILHAVEL DUPLA CLEAR AGATHA 1.18L 18078,INGA IMPORT
J10.0164,GO,0.0,0.0,JG BOWLS VIDRO SOBREMESA CLEAR FLORA 175ML 14X3.5CM 4PCS 18016,INGA IMPORT
J10.0164,TO,13.76,41.0,JG BOWLS VIDRO SOBREMESA CLEAR FLORA 175ML 14X3.5CM 4PCS 18016,INGA IMPORT
J10.0164,PA,0.0,0.0,JG BOWLS VIDRO SOBREMESA CLEAR FLORA 175ML 14X3.5CM 4PCS 18016,INGA IMPORT
J10.0164,MT,0.0,0.0,JG BOWLS VIDRO SOBREMESA CLEAR FLORA 175ML 14X3.5CM 4PCS 18016,INGA IMPORT
C3.0700,GO,53.76,154.0,CORTINA OXFORD JANELA SLUB 290X179,ADRILAR
C3.0700,TO,53.76,156.0,CORTINA OXFORD JANELA SLUB 290X179,ADRILAR
C3.0700,PA,53.76,158.0,CORTINA OXFORD JANELA SLUB 290X179,ADRILAR
C3.0700,MT,53.76,154.0,CORTINA OXFORD JANELA SLUB 290X179,ADRILAR
C3.0694,GO,84.61,244.0,CORTINA OXFORD PAREDE SLUB 386X280,ADRILAR
C3.0694,TO,84.61,246.0,CORTINA OXFORD PAREDE SLUB 386X280,ADRILAR
C3.0694,PA,84.61,248.0,CORTINA OXFORD PAREDE SLUB 386X280,ADRILAR
C3.0694,MT,84.61,244.0,CORTINA OXFORD PAREDE SLUB 386X280,ADRILAR
F6.0078,GO,39.2,120.0,KIT FAQUEIRO 16PCS INOX + PLASTICO,B-MAX
F6.0078,TO,40.44,120.0,KIT FAQUEIRO 16PCS INOX + PLASTICO,B-MAX
F6.0078,PA,39.51,122.0,KIT FAQUEIRO 16PCS INOX + PLASTICO,B-MAX
F6.0078,MT,39.51,120.0,KIT FAQUEIRO 16PCS INOX + PLASTICO,B-MAX
S19.0029,GO,9.43,32.0,SACO ORGANIZADOR TECIDO 60X40X35CM ZIPER,B-MAX
S19.0029,TO,10.44,30.0,SACO ORGANIZADOR TECIDO 60X40X35CM ZIPER,B-MAX
S19.0029,PA,0.0,0.0,SACO ORGANIZADOR TECIDO 60X40X35CM ZIPER,B-MAX
S19.0029,MT,0.0,0.0,SACO ORGANIZADOR TECIDO 60X40X35CM ZIPER,B-MAX
G7.0078,GO,30.38,88.0,GARRAFA INFANTIL BM P1330,B-MAX
G7.0078,TO,31.49,90.0,GARRAFA INFANTIL BM P1330,B-MAX
G7.0078,PA,0.0,0.0,GARRAFA INFANTIL BM P1330,B-MAX
G7.0078,MT,0.0,0.0,GARRAFA INFANTIL BM P1330,B-MAX
G7.0077,GO,32.58,96.0,GARRAFA INFANTIL BM P1934,B-MAX
G7.0077,TO,33.77,97.0,GARRAFA INFANTIL BM P1934,B-MAX
G7.0077,PA,32.89,98.0,GARRAFA INFANTIL BM P1934,B-MAX
G7.0077,MT,32.96,95.0,GARRAFA INFANTIL BM P1934,B-MAX
C3.0704,GO,19.83,64.0,COPO TERMICO PARA CERVEJA LATA E LONG NECK 420ML,LUI ELETRONICOS
C3.0704,TO,21.01,65.0,COPO TERMICO PARA CERVEJA LATA E LONG NECK 420ML,LUI ELETRONICOS
C3.0704,PA,21.79,66.0,COPO TERMICO PARA CERVEJA LATA E LONG NECK 420ML,LUI ELETRONICOS
C3.0704,MT,0.0,65.0,COPO TERMICO PARA CERVEJA LATA E LONG NECK 420ML,LUI ELETRONICOS
T20.0259,GO,5.69,22.0,TOALHA DE ROSTO ADRILAR CHARME 050X080,ADRILAR
T20.0259,TO,5.69,22.0,TOALHA DE ROSTO ADRILAR CHARME 050X080,ADRILAR
T20.0259,PA,5.69,22.0,TOALHA DE ROSTO ADRILAR CHARME 050X080,ADRILAR
T20.0259,MT,5.69,22.0,TOALHA DE ROSTO ADRILAR CHARME 050X080,ADRILAR
F6.0079,GO,22.44,89.0,FAQUEIRO GAVETEIRO 24PCS MEK BAVIERA,NYCOLLY
F6.0079,TO,0.0,0.0,FAQUEIRO GAVETEIRO 24PCS MEK BAVIERA,NYCOLLY
F6.0079,PA,0.0,0.0,FAQUEIRO GAVETEIRO 24PCS MEK BAVIERA,NYCOLLY
F6.0079,MT,0.0,0.0,FAQUEIRO GAVETEIRO 24PCS MEK BAVIERA,NYCOLLY
K11.0168,GO,30.8,89.0,KIT ALIMENTACAO,MAGZY
K11.0168,TO,29.93,96.0,KIT ALIMENTACAO,MAGZY
K11.0168,PA,32.14,93.0,KIT ALIMENTACAO,MAGZY
K11.0168,MT,29.86,89.0,KIT ALIMENTACAO,MAGZY
C3.0699,GO,16.0,46.0,CAFETEIRA FRANCESA INOX 600ML,CANDURA DIST
C3.0699,TO,17.23,50.0,CAFETEIRA FRANCESA INOX 600ML,CANDURA DIST
C3.0699,PA,20.11,58.0,CAFETEIRA FRANCESA INOX 600ML,CANDURA DIST
C3.0699,MT,18.02,52.0,CAFETEIRA FRANCESA INOX 600ML,CANDURA DIST
C3.0692,GO,61.79,178.0,CORTINA BLACKOUT JANELA TWILL  264X156,ADRILAR
C3.0692,TO,61.79,178.0,CORTINA BLACKOUT JANELA TWILL  264X156,ADRILAR
C3.0692,PA,61.79,178.0,CORTINA BLACKOUT JANELA TWILL  264X156,ADRILAR
C3.0692,MT,61.79,178.0,CORTINA BLACKOUT JANELA TWILL  264X156,ADRILAR
C3.0693,GO,97.84,282.0,CORTINA BLACKOUT PAREDE TWILL 400X263,ADRILAR
C3.0693,TO,97.84,282.0,CORTINA BLACKOUT PAREDE TWILL 400X263,ADRILAR
C3.0693,PA,97.84,282.0,CORTINA BLACKOUT PAREDE TWILL 400X263,ADRILAR
C3.0693,MT,97.84,282.0,CORTINA BLACKOUT PAREDE TWILL 400X263,ADRILAR
C3.0706,GO,188.2,568.0,CALDEIRAO TAMPA EMBUTIDA N35 33L,DENISE ALUMINIOS ALUMINIOS
C3.0706,TO,0.0,0.0,CALDEIRAO TAMPA EMBUTIDA N35 33L,DENISE ALUMINIOS ALUMINIOS
C3.0706,PA,0.0,0.0,CALDEIRAO TAMPA EMBUTIDA N35 33L,DENISE ALUMINIOS ALUMINIOS
C3.0706,MT,0.0,0.0,CALDEIRAO TAMPA EMBUTIDA N35 33L,DENISE ALUMINIOS ALUMINIOS
C3.0707,GO,239.32,684.0,CALDEIRAO TAMPA EMBUTIDA N40 50L,DENISE ALUMINIOS ALUMINIOS
C3.0707,TO,0.0,0.0,CALDEIRAO TAMPA EMBUTIDA N40 50L,DENISE ALUMINIOS ALUMINIOS
C3.0707,PA,0.0,0.0,CALDEIRAO TAMPA EMBUTIDA N40 50L,DENISE ALUMINIOS ALUMINIOS
C3.0707,MT,0.0,0.0,CALDEIRAO TAMPA EMBUTIDA N40 50L,DENISE ALUMINIOS ALUMINIOS
B2.0182,GO,13.24,38.0,BOMBONIERE DE VIDRO COM PE CLEAR POTIRI 630ML 18097,INGA IMPORT
B2.0182,TO,0.0,39.0,BOMBONIERE DE VIDRO COM PE CLEAR POTIRI 630ML 18097,INGA IMPORT
B2.0182,PA,0.0,39.0,BOMBONIERE DE VIDRO COM PE CLEAR POTIRI 630ML 18097,INGA IMPORT
B2.0182,MT,0.0,0.0,BOMBONIERE DE VIDRO COM PE CLEAR POTIRI 630ML 18097,INGA IMPORT
C3.0698,GO,23.75,70.0,COPO TERMICO DE CAFE 450ML COM TERMOMETRO DIGITAL,CANDURA DIST
C3.0698,TO,22.96,72.0,COPO TERMICO DE CAFE 450ML COM TERMOMETRO DIGITAL,CANDURA DIST
C3.0698,PA,23.55,72.0,COPO TERMICO DE CAFE 450ML COM TERMOMETRO DIGITAL,CANDURA DIST
C3.0698,MT,21.17,70.0,COPO TERMICO DE CAFE 450ML COM TERMOMETRO DIGITAL,CANDURA DIST
C3.0705,GO,0.0,0.0,COPO TERMICO COM SOM 473ML,LUI ELETRONICOS
C3.0705,TO,0.0,0.0,COPO TERMICO COM SOM 473ML,LUI ELETRONICOS
C3.0705,PA,0.0,0.0,COPO TERMICO COM SOM 473ML,LUI ELETRONICOS
C3.0705,MT,30.37,92.0,COPO TERMICO COM SOM 473ML,LUI ELETRONICOS
B2.0183,GO,0.0,0.0,BOMBONIERE DE VIDRO EMPILHAVEL DUPLA CLEAR DIAMOND GALAXY 1.18L 18088,INGA IMPORT
B2.0183,TO,0.0,0.0,BOMBONIERE DE VIDRO EMPILHAVEL DUPLA CLEAR DIAMOND GALAXY 1.18L 18088,INGA IMPORT
B2.0183,PA,0.0,0.0,BOMBONIERE DE VIDRO EMPILHAVEL DUPLA CLEAR DIAMOND GALAXY 1.18L 18088,INGA IMPORT
B2.0183,MT,17.81,56.0,BOMBONIERE DE VIDRO EMPILHAVEL DUPLA CLEAR DIAMOND GALAXY 1.18L 18088,INGA IMPORT
J10.0165,GO,0.0,0.0,JG DE XICARAS VIDRO COM PIRES PARA CAFE BRASILIANO 110ML 6PCS 18146,INGA IMPORT
J10.0165,TO,0.0,0.0,JG DE XICARAS VIDRO COM PIRES PARA CAFE BRASILIANO 110ML 6PCS 18146,INGA IMPORT
J10.0165,PA,0.0,0.0,JG DE XICARAS VIDRO COM PIRES PARA CAFE BRASILIANO 110ML 6PCS 18146,INGA IMPORT
J10.0165,MT,10.64,34.0,JG DE XICARAS VIDRO COM PIRES PARA CAFE BRASILIANO 110ML 6PCS 18146,INGA IMPORT
C3.0703,GO,0.0,0.0,COLCHA PARIS SUPER KING ESTAMPADA 280X300,FATEX
C3.0703,TO,0.0,0.0,COLCHA PARIS SUPER KING ESTAMPADA 280X300,FATEX
C3.0703,PA,0.0,0.0,COLCHA PARIS SUPER KING ESTAMPADA 280X300,FATEX
C3.0703,MT,75.2,215.0,COLCHA PARIS SUPER KING ESTAMPADA 280X300,FATEX
C3.0708,GO,0.0,196.0,COLCHA EUCALIPTO KING 260X280,HABITAT
C3.0708,TO,0.0,196.0,COLCHA EUCALIPTO KING 260X280,HABITAT
C3.0708,PA,0.0,196.0,COLCHA EUCALIPTO KING 260X280,HABITAT
C3.0708,MT,77.73,196.0,COLCHA EUCALIPTO KING 260X280,HABITAT
C3.0709,GO,0.0,216.0,COLCHA EUCALIPTO SUPER KING 280X300,HABITAT
C3.0709,TO,82.01,216.0,COLCHA EUCALIPTO SUPER KING 280X300,HABITAT
C3.0709,PA,0.0,216.0,COLCHA EUCALIPTO SUPER KING 280X300,HABITAT
C3.0709,MT,84.11,216.0,COLCHA EUCALIPTO SUPER KING 280X300,HABITAT
C3.0710,GO,0.0,216.0,COLCHA PASSAROS SUPER KING 280X300,HABITAT
C3.0710,TO,82.01,216.0,COLCHA PASSAROS SUPER KING 280X300,HABITAT
C3.0710,PA,0.0,216.0,COLCHA PASSAROS SUPER KING 280X300,HABITAT
C3.0710,MT,84.11,216.0,COLCHA PASSAROS SUPER KING 280X300,HABITAT
C3.0714,GO,29.75,94.0,COPO TERMICO ESTAMPADO COM ALCA LATERAL E CANUDO 600ML,LUI ELETRONICOS
C3.0714,TO,30.07,94.0,COPO TERMICO ESTAMPADO COM ALCA LATERAL E CANUDO 600ML,LUI ELETRONICOS
C3.0714,PA,30.82,94.0,COPO TERMICO ESTAMPADO COM ALCA LATERAL E CANUDO 600ML,LUI ELETRONICOS
C3.0714,MT,0.0,94.0,COPO TERMICO ESTAMPADO COM ALCA LATERAL E CANUDO 600ML,LUI ELETRONICOS
K11.0159,GO,77.37,200.0,KIT TOALHAS ADRILAR 5PCS,ADRILAR
K11.0159,TO,80.29,200.0,KIT TOALHAS ADRILAR 5PCS,ADRILAR
K11.0159,PA,79.69,200.0,KIT TOALHAS ADRILAR 5PCS,ADRILAR
K11.0159,MT,78.49,200.0,KIT TOALHAS ADRILAR 5PCS,ADRILAR
P16.0212,GO,0.0,0.0,PASSADEIRA CABELI DEDINHO 060X200,NYCOLLY
P16.0212,TO,47.2,136.0,PASSADEIRA CABELI DEDINHO 060X200,NYCOLLY
P16.0212,PA,0.0,0.0,PASSADEIRA CABELI DEDINHO 060X200,NYCOLLY
P16.0212,MT,0.0,0.0,PASSADEIRA CABELI DEDINHO 060X200,NYCOLLY
T20.0275,GO,70.8,202.0,TAPETE GEOMETRICO 140X200,NYCOLLY
T20.0275,TO,67.1,204.0,TAPETE GEOMETRICO 140X200,NYCOLLY
T20.0275,PA,34.38,204.0,TAPETE GEOMETRICO 140X200,NYCOLLY
T20.0275,MT,33.83,202.0,TAPETE GEOMETRICO 140X200,NYCOLLY
K11.0169,GO,60.33,173.0,KIT COLCHA LISA ULTRA LISSE CASAL,HIPER TEXTIL
K11.0169,TO,64.72,186.0,KIT COLCHA LISA ULTRA LISSE CASAL,HIPER TEXTIL
K11.0169,PA,63.02,182.0,KIT COLCHA LISA ULTRA LISSE CASAL,HIPER TEXTIL
K11.0169,MT,58.69,173.0,KIT COLCHA LISA ULTRA LISSE CASAL,HIPER TEXTIL
K11.0170,GO,66.37,190.0,KIT COLCHA LISA ULTRA LISSE QUEEN,HIPER TEXTIL
K11.0170,TO,71.19,204.0,KIT COLCHA LISA ULTRA LISSE QUEEN,HIPER TEXTIL
K11.0170,PA,68.92,200.0,KIT COLCHA LISA ULTRA LISSE QUEEN,HIPER TEXTIL
K11.0170,MT,,0.0,KIT COLCHA LISA ULTRA LISSE QUEEN,HIPER TEXTIL
K11.0171,GO,72.39,208.0,KIT COLCHA LISA ULTRA LISSE KING,HIPER TEXTIL
K11.0171,TO,77.66,223.0,KIT COLCHA LISA ULTRA LISSE KING,HIPER TEXTIL
K11.0171,PA,76.67,220.0,KIT COLCHA LISA ULTRA LISSE KING,HIPER TEXTIL
K11.0171,MT,70.43,208.0,KIT COLCHA LISA ULTRA LISSE KING,HIPER TEXTIL
F6.0084,GO,31.3,90.0,FORMA GELO C GAVETA,LUI ELETRONICOS
F6.0084,TO,29.92,92.0,FORMA GELO C GAVETA,LUI ELETRONICOS
F6.0084,PA,32.41,93.0,FORMA GELO C GAVETA,LUI ELETRONICOS
F6.0084,MT,,0.0,FORMA GELO C GAVETA,LUI ELETRONICOS
C3.0711,GO,40.28,112.0,CESTO DE ROUPA TELADO COM TAMPA ARTICULAVEL,LUI ELETRONICOS
C3.0711,TO,36.1,116.0,CESTO DE ROUPA TELADO COM TAMPA ARTICULAVEL,LUI ELETRONICOS
C3.0711,PA,35.97,118.0,CESTO DE ROUPA TELADO COM TAMPA ARTICULAVEL,LUI ELETRONICOS
C3.0711,MT,35.71,112.0,CESTO DE ROUPA TELADO COM TAMPA ARTICULAVEL,LUI ELETRONICOS
P16.0213,GO,20.65,62.0,PRATELEIRA ORGANIZADORA,DIVIDA
P16.0213,TO,19.61,63.0,PRATELEIRA ORGANIZADORA,DIVIDA
P16.0213,PA,19.46,64.0,PRATELEIRA ORGANIZADORA,DIVIDA
P16.0213,MT,,0.0,PRATELEIRA ORGANIZADORA,DIVIDA
M13.0086,GO,14.66,0.0,MINI VARAL RETANGULAR C 20 PRENDEDORES 28CM 16330,INGA IMPORT
M13.0086,TO,14.85,0.0,MINI VARAL RETANGULAR C 20 PRENDEDORES 28CM 16330,INGA IMPORT
M13.0086,PA,14.66,0.0,MINI VARAL RETANGULAR C 20 PRENDEDORES 28CM 16330,INGA IMPORT
M13.0086,MT,14.28,0.0,MINI VARAL RETANGULAR C 20 PRENDEDORES 28CM 16330,INGA IMPORT
F6.0085,GO,,0.0,FACAS CORRUGADAS P COZINHA 8 PC,XDX TALHERES
F6.0085,TO,34.14,118.0,FACAS CORRUGADAS P COZINHA 8 PC,XDX TALHERES
F6.0085,PA,34.35,118.0,FACAS CORRUGADAS P COZINHA 8 PC,XDX TALHERES
F6.0085,MT,,0.0,FACAS CORRUGADAS P COZINHA 8 PC,XDX TALHERES
C3.0716,GO,40.08,119.0,CUSCUZEIRO ANTIADERENTE,DENISE ALUMINIOS ALUMINIOS
C3.0716,TO,42.11,121.0,CUSCUZEIRO ANTIADERENTE,DENISE ALUMINIOS ALUMINIOS
C3.0716,PA,41.7,121.0,CUSCUZEIRO ANTIADERENTE,DENISE ALUMINIOS ALUMINIOS
C3.0716,MT,41.24,119.0,CUSCUZEIRO ANTIADERENTE,DENISE ALUMINIOS ALUMINIOS
K11.0172,GO,60.33,173.0,KIT COLCHA ESTAMP. ULTRA LISSE CASAL,HIPER TEXTIL
K11.0172,TO,63.58,183.0,KIT COLCHA ESTAMP. ULTRA LISSE CASAL,HIPER TEXTIL
K11.0172,PA,63.02,182.0,KIT COLCHA ESTAMP. ULTRA LISSE CASAL,HIPER TEXTIL
K11.0172,MT,58.69,173.0,KIT COLCHA ESTAMP. ULTRA LISSE CASAL,HIPER TEXTIL
K11.0174,GO,72.39,208.0,KIT COLCHA ESTAMP. ULTRA LISSE KING,HIPER TEXTIL
K11.0174,TO,76.3,223.0,KIT COLCHA ESTAMP. ULTRA LISSE KING,HIPER TEXTIL
K11.0174,PA,76.67,220.0,KIT COLCHA ESTAMP. ULTRA LISSE KING,HIPER TEXTIL
K11.0174,MT,70.36,208.0,KIT COLCHA ESTAMP. ULTRA LISSE KING,HIPER TEXTIL
K11.0173,GO,66.37,190.0,KIT COLCHA ESTAMP. ULTRA LISSE QUEEN,HIPER TEXTIL
K11.0173,TO,66.99,200.0,KIT COLCHA ESTAMP. ULTRA LISSE QUEEN,HIPER TEXTIL
K11.0173,PA,67.88,200.0,KIT COLCHA ESTAMP. ULTRA LISSE QUEEN,HIPER TEXTIL
K11.0173,MT,,0.0,KIT COLCHA ESTAMP. ULTRA LISSE QUEEN,HIPER TEXTIL
T20.0276,GO,81.96,235.0,TAPETE GEOMETRICO 3D 145X195,NYCOLLY
T20.0276,TO,,240.0,TAPETE GEOMETRICO 3D 145X195,NYCOLLY
T20.0276,PA,,240.0,TAPETE GEOMETRICO 3D 145X195,NYCOLLY
T20.0276,MT,81.74,235.0,TAPETE GEOMETRICO 3D 145X195,NYCOLLY
E5.0037,GO,56.24,177.0,ESPELHO PLAST ORGANICO 40X60,EUROQUADROS
E5.0037,TO,53.13,182.0,ESPELHO PLAST ORGANICO 40X60,EUROQUADROS
E5.0037,PA,52.71,184.0,ESPELHO PLAST ORGANICO 40X60,EUROQUADROS
E5.0037,MT,51.88,177.0,ESPELHO PLAST ORGANICO 40X60,EUROQUADROS
E5.0038,GO,56.24,177.0,ESPELHO PLAST RED 53CM C ALCA,EUROQUADROS
E5.0038,TO,53.13,182.0,ESPELHO PLAST RED 53CM C ALCA,EUROQUADROS
E5.0038,PA,52.71,184.0,ESPELHO PLAST RED 53CM C ALCA,EUROQUADROS
E5.0038,MT,51.88,177.0,ESPELHO PLAST RED 53CM C ALCA,EUROQUADROS
C3.0717,GO,36.07,110.0,COPO TERMICO FLORAL 1.200ML,LUI ELETRONICOS
C3.0717,TO,41.9,121.0,COPO TERMICO FLORAL 1.200ML,LUI ELETRONICOS
C3.0717,PA,42.41,122.0,COPO TERMICO FLORAL 1.200ML,LUI ELETRONICOS
C3.0717,MT,40.27,117.0,COPO TERMICO FLORAL 1.200ML,LUI ELETRONICOS
C3.0718,GO,211.77,610.0,CAIXA SOM AM49,HMASTON
C3.0718,TO,214.27,617.0,CAIXA SOM AM49,HMASTON
C3.0718,PA,212.3,610.0,CAIXA SOM AM49,HMASTON
C3.0718,MT,210.8,610.0,CAIXA SOM AM49,HMASTON
C3.0719,GO,145.61,422.0,CAIXA SOM AM50,HMASTON
C3.0719,TO,147.93,427.0,CAIXA SOM AM50,HMASTON
C3.0719,PA,146.38,420.0,CAIXA SOM AM50,HMASTON
C3.0719,MT,145.3,420.0,CAIXA SOM AM50,HMASTON
C3.0720,GO,97.27,280.0,CAIXA SOM QS07,HMASTON
C3.0720,TO,99.4,285.0,CAIXA SOM QS07,HMASTON
C3.0720,PA,96.98,280.0,CAIXA SOM QS07,HMASTON
C3.0720,MT,96.18,280.0,CAIXA SOM QS07,HMASTON
C3.0721,GO,145.61,422.0,CAIXA SOM TN03,HMASTON
C3.0721,TO,147.79,427.0,CAIXA SOM TN03,HMASTON
C3.0721,PA,146.15,420.0,CAIXA SOM TN03,HMASTON
C3.0721,MT,145.3,420.0,CAIXA SOM TN03,HMASTON
P16.0214,GO,46.62,150.0,PLACA ADESIVA PAREDE LLZ-0Z76,TOMATE
P16.0214,TO,49.96,160.0,PLACA ADESIVA PAREDE LLZ-0Z76,TOMATE
P16.0214,PA,49.41,160.0,PLACA ADESIVA PAREDE LLZ-0Z76,TOMATE
P16.0214,MT,47.82,150.0,PLACA ADESIVA PAREDE LLZ-0Z76,TOMATE
P16.0215,GO,46.62,150.0,PLACA ADESIVA PAREDE LLZ-OZ300,TOMATE
P16.0215,TO,49.96,160.0,PLACA ADESIVA PAREDE LLZ-OZ300,TOMATE
P16.0215,PA,49.41,160.0,PLACA ADESIVA PAREDE LLZ-OZ300,TOMATE
P16.0215,MT,47.82,150.0,PLACA ADESIVA PAREDE LLZ-OZ300,TOMATE
P16.0216,GO,46.62,150.0,PLACA ADESIVA PAREDE LLZ-0Z302,TOMATE
P16.0216,TO,49.96,160.0,PLACA ADESIVA PAREDE LLZ-0Z302,TOMATE
P16.0216,PA,49.41,160.0,PLACA ADESIVA PAREDE LLZ-0Z302,TOMATE
P16.0216,MT,47.82,150.0,PLACA ADESIVA PAREDE LLZ-0Z302,TOMATE
P16.0217,GO,44.02,150.0,PLACA ADESIVA PAREDE LLZ-0Z304,TOMATE
P16.0217,TO,49.96,160.0,PLACA ADESIVA PAREDE LLZ-0Z304,TOMATE
P16.0217,PA,49.41,160.0,PLACA ADESIVA PAREDE LLZ-0Z304,TOMATE
P16.0217,MT,47.82,150.0,PLACA ADESIVA PAREDE LLZ-0Z304,TOMATE
B2.0185,GO,18.35,52.0,BOLSA TERMICA COM ALCA,FLAVIA
B2.0185,TO,18.66,54.0,BOLSA TERMICA COM ALCA,FLAVIA
B2.0185,PA,18.61,54.0,BOLSA TERMICA COM ALCA,FLAVIA
B2.0185,MT,18.41,53.0,BOLSA TERMICA COM ALCA,FLAVIA
G7.0079,GO,32.28,94.0,GARRAFA TERMICA ESPORTIVA 580ML,FLAVIA
G7.0079,TO,32.71,96.0,GARRAFA TERMICA ESPORTIVA 580ML,FLAVIA
G7.0079,PA,32.63,98.0,GARRAFA TERMICA ESPORTIVA 580ML,FLAVIA
G7.0079,MT,32.02,94.0,GARRAFA TERMICA ESPORTIVA 580ML,FLAVIA
C3.0722,GO,66.7,192.0,COBERTOR LONDON QUENN 220X240,FATEX
C3.0722,TO,67.53,194.0,COBERTOR LONDON QUENN 220X240,FATEX
C3.0722,PA,66.31,196.0,COBERTOR LONDON QUENN 220X240,FATEX
C3.0722,MT,64.88,186.0,COBERTOR LONDON QUENN 220X240,FATEX
J10.0167,GO,28.31,84.0,JG TACAS VIDRO CLEAR DIAMOND 330ML C 6PC,INGA IMPORT
J10.0167,TO,,88.0,JG TACAS VIDRO CLEAR DIAMOND 330ML C 6PC,INGA IMPORT
J10.0167,PA,,90.0,JG TACAS VIDRO CLEAR DIAMOND 330ML C 6PC,INGA IMPORT
J10.0167,MT,,84.0,JG TACAS VIDRO CLEAR DIAMOND 330ML C 6PC,INGA IMPORT
J10.0168,GO,25.96,79.0,JG UTEN COZINHA SILIC VERM CB MADEIRA 7PC,INGA IMPORT
J10.0168,TO,25.15,84.0,JG UTEN COZINHA SILIC VERM CB MADEIRA 7PC,INGA IMPORT
J10.0168,PA,24.95,86.0,JG UTEN COZINHA SILIC VERM CB MADEIRA 7PC,INGA IMPORT
J10.0168,MT,24.54,79.0,JG UTEN COZINHA SILIC VERM CB MADEIRA 7PC,INGA IMPORT
J10.0169,GO,26.6,79.0,JG UTEN COZINHA SILIC PT CB MADEIRA 7PC,INGA IMPORT
J10.0169,TO,,84.0,JG UTEN COZINHA SILIC PT CB MADEIRA 7PC,INGA IMPORT
J10.0169,PA,,86.0,JG UTEN COZINHA SILIC PT CB MADEIRA 7PC,INGA IMPORT
J10.0169,MT,,79.0,JG UTEN COZINHA SILIC PT CB MADEIRA 7PC,INGA IMPORT
J10.0170,GO,26.6,79.0,JG TALHER ACO INOX C/JARRA VD CB PT 25PC,INGA IMPORT
J10.0170,TO,,84.0,JG TALHER ACO INOX C/JARRA VD CB PT 25PC,INGA IMPORT
J10.0170,PA,,86.0,JG TALHER ACO INOX C/JARRA VD CB PT 25PC,INGA IMPORT
J10.0170,MT,,79.0,JG TALHER ACO INOX C/JARRA VD CB PT 25PC,INGA IMPORT
J10.0171,GO,26.6,79.0,JG TALHER ACO INOX C/JARRA VD CB VERM 25PC,INGA IMPORT
J10.0171,TO,,84.0,JG TALHER ACO INOX C/JARRA VD CB VERM 25PC,INGA IMPORT
J10.0171,PA,,86.0,JG TALHER ACO INOX C/JARRA VD CB VERM 25PC,INGA IMPORT
J10.0171,MT,,79.0,JG TALHER ACO INOX C/JARRA VD CB VERM 25PC,INGA IMPORT
J10.0172,GO,243.94,698.0,JG PANELA REVESTIMENTO CERAMICO VERM 5PC,INGA IMPORT
J10.0172,TO,251.03,717.0,JG PANELA REVESTIMENTO CERAMICO VERM 5PC,INGA IMPORT
J10.0172,PA,249.11,719.0,JG PANELA REVESTIMENTO CERAMICO VERM 5PC,INGA IMPORT
J10.0172,MT,245.25,698.0,JG PANELA REVESTIMENTO CERAMICO VERM 5PC,INGA IMPORT
A1.0034,GO,12.05,48.0,AGUA PERFUMADA 500 ML - VIOLET,ALQUIMIA COSMETICOS
A1.0034,TO,,48.0,AGUA PERFUMADA 500 ML - VIOLET,ALQUIMIA COSMETICOS
A1.0034,PA,,48.0,AGUA PERFUMADA 500 ML - VIOLET,ALQUIMIA COSMETICOS
A1.0034,MT,,48.0,AGUA PERFUMADA 500 ML - VIOLET,ALQUIMIA COSMETICOS
A1.0034.01,GO,12.05,48.0,AGUA PERFUMADA 500 ML - CHERRY BLOOM,ALQUIMIA COSMETICOS
A1.0034.01,TO,,48.0,AGUA PERFUMADA 500 ML - CHERRY BLOOM,ALQUIMIA COSMETICOS
A1.0034.01,PA,,48.0,AGUA PERFUMADA 500 ML - CHERRY BLOOM,ALQUIMIA COSMETICOS
A1.0034.01,MT,,48.0,AGUA PERFUMADA 500 ML - CHERRY BLOOM,ALQUIMIA COSMETICOS
A1.0034.02,GO,12.04,48.0,AGUA PERFUMADA 500 ML - WHITE TEA,ALQUIMIA COSMETICOS
A1.0034.02,TO,,48.0,AGUA PERFUMADA 500 ML - WHITE TEA,ALQUIMIA COSMETICOS
A1.0034.02,PA,,48.0,AGUA PERFUMADA 500 ML - WHITE TEA,ALQUIMIA COSMETICOS
A1.0034.02,MT,,48.0,AGUA PERFUMADA 500 ML - WHITE TEA,ALQUIMIA COSMETICOS
D4.0079,GO,62.66,180.0,DESCASCADOR ELETRICO DE ALHO E FRUTAS,LUI ELETRONICOS
D4.0079,TO,64.05,184.0,DESCASCADOR ELETRICO DE ALHO E FRUTAS,LUI ELETRONICOS
D4.0079,PA,63.1,183.0,DESCASCADOR ELETRICO DE ALHO E FRUTAS,LUI ELETRONICOS
D4.0079,MT,64.07,184.0,DESCASCADOR ELETRICO DE ALHO E FRUTAS,LUI ELETRONICOS
G7.0069.001,GO,34.75,100.0,COPO TERMICO 1.200ML ESTAMPADO BICHINHOS,FLAVIA
G7.0069.001,TO,,0.0,COPO TERMICO 1.200ML ESTAMPADO BICHINHOS,FLAVIA
G7.0069.001,PA,,0.0,COPO TERMICO 1.200ML ESTAMPADO BICHINHOS,FLAVIA
G7.0069.001,MT,,0.0,COPO TERMICO 1.200ML ESTAMPADO BICHINHOS,FLAVIA
F6.0070.001,GO,199.93,572.0,FRITADEIRA ELETRICA CENTURY 3.5LTS 127 220VOLTS,CANDURA DIST
F6.0070.001,TO,,590.0,FRITADEIRA ELETRICA CENTURY 3.5LTS 127 220VOLTS,CANDURA DIST
F6.0070.001,PA,,0.0,FRITADEIRA ELETRICA CENTURY 3.5LTS 127 220VOLTS,CANDURA DIST
F6.0070.001,MT,,0.0,FRITADEIRA ELETRICA CENTURY 3.5LTS 127 220VOLTS,CANDURA DIST
C3.0729,GO,44.75,132.0,CJ GARRAFA TERM RS 1L 4 CANECAS 190ML,EUROQUADROS
C3.0729,TO,44.9,136.0,CJ GARRAFA TERM RS 1L 4 CANECAS 190ML,EUROQUADROS
C3.0729,PA,44.56,132.0,CJ GARRAFA TERM RS 1L 4 CANECAS 190ML,EUROQUADROS
C3.0729,MT,43.88,136.0,CJ GARRAFA TERM RS 1L 4 CANECAS 190ML,EUROQUADROS
C3.0729.001,GO,44.75,132.0,CJ GARRAFA TERM VM 1L 4 CANECAS 190ML,EUROQUADROS
C3.0729.001,TO,44.9,136.0,CJ GARRAFA TERM VM 1L 4 CANECAS 190ML,EUROQUADROS
C3.0729.001,PA,44.56,138.0,CJ GARRAFA TERM VM 1L 4 CANECAS 190ML,EUROQUADROS
C3.0729.001,MT,43.88,136.0,CJ GARRAFA TERM VM 1L 4 CANECAS 190ML,EUROQUADROS
C3.0729.002,GO,44.75,132.0,CJ GARRAFA TERM PTA 4 CANECAS 190ML,EUROQUADROS
C3.0729.002,TO,44.9,136.0,CJ GARRAFA TERM PTA 4 CANECAS 190ML,EUROQUADROS
C3.0729.002,PA,44.56,138.0,CJ GARRAFA TERM PTA 4 CANECAS 190ML,EUROQUADROS
C3.0729.002,MT,43.88,136.0,CJ GARRAFA TERM PTA 4 CANECAS 190ML,EUROQUADROS
C3.0730,GO,21.29,70.0,CJ CANECA MELLA 6PC 190ML,EUROQUADROS
C3.0730,TO,20.05,72.0,CJ CANECA MELLA 6PC 190ML,EUROQUADROS
C3.0730,PA,19.89,74.0,CJ CANECA MELLA 6PC 190ML,EUROQUADROS
C3.0730,MT,19.59,72.0,CJ CANECA MELLA 6PC 190ML,EUROQUADROS
C3.0731,GO,10.69,32.0,CJ COPO  VD 200ML 6PC,EUROQUADROS
C3.0731,TO,10.73,36.0,CJ COPO  VD 200ML 6PC,EUROQUADROS
C3.0731,PA,10.64,36.0,CJ COPO  VD 200ML 6PC,EUROQUADROS
C3.0731,MT,10.48,34.0,CJ COPO  VD 200ML 6PC,EUROQUADROS
C3.0732,GO,100.86,292.0,CJ UTENSILIOS DE COZINHA 19PC,EUROQUADROS
C3.0732,TO,101.07,294.0,CJ UTENSILIOS DE COZINHA 19PC,EUROQUADROS
C3.0732,PA,100.3,296.0,CJ UTENSILIOS DE COZINHA 19PC,EUROQUADROS
C3.0732,MT,98.76,294.0,CJ UTENSILIOS DE COZINHA 19PC,EUROQUADROS
C3.0733,GO,16.8,49.0,COPO ATHENS 6PC 300ML,EUROQUADROS
C3.0733,TO,16.7,50.0,COPO ATHENS 6PC 300ML,EUROQUADROS
C3.0733,PA,16.57,51.0,COPO ATHENS 6PC 300ML,EUROQUADROS
C3.0733,MT,16.32,50.0,COPO ATHENS 6PC 300ML,EUROQUADROS
C3.0734,GO,22.88,66.0,CJ MESTRE CHURRASQUEIRO 3PC,EUROQUADROS
C3.0734,TO,,67.0,CJ MESTRE CHURRASQUEIRO 3PC,EUROQUADROS
C3.0734,PA,,68.0,CJ MESTRE CHURRASQUEIRO 3PC,EUROQUADROS
C3.0734,MT,,67.0,CJ MESTRE CHURRASQUEIRO 3PC,EUROQUADROS
C3.0735,GO,60.24,173.0,CJ TALHERES VICTORIA BLACK 24PC,EUROQUADROS
C3.0735,TO,,176.0,CJ TALHERES VICTORIA BLACK 24PC,EUROQUADROS
C3.0735,PA,,178.0,CJ TALHERES VICTORIA BLACK 24PC,EUROQUADROS
C3.0735,MT,,176.0,CJ TALHERES VICTORIA BLACK 24PC,EUROQUADROS
J10.0173,GO,107.8,310.0,JOGO CACAROLA FUNDIDA 12 A 20,DENISE ALUMINIO
J10.0173,TO,,318.0,JOGO CACAROLA FUNDIDA 12 A 20,DENISE ALUMINIO
J10.0173,PA,,320.0,JOGO CACAROLA FUNDIDA 12 A 20,DENISE ALUMINIO
J10.0173,MT,,312.0,JOGO CACAROLA FUNDIDA 12 A 20,DENISE ALUMINIO
T20.0278,GO,9.91,30.0,TAPETE CONFORTO 38X58 TIJOLINHO,ROZAC
T20.0278,TO,10.18,30.0,TAPETE CONFORTO 38X58 TIJOLINHO,ROZAC
T20.0278,PA,10.04,30.0,TAPETE CONFORTO 38X58 TIJOLINHO,ROZAC
T20.0278,MT,9.76,30.0,TAPETE CONFORTO 38X58 TIJOLINHO,ROZAC
J10.0166,GO,52.46,151.0,JOGO XICARAS IMPERIAL 6PC,AMIGOLD
J10.0166,TO,51.79,149.0,JOGO XICARAS IMPERIAL 6PC,AMIGOLD
J10.0166,PA,51.42,150.0,JOGO XICARAS IMPERIAL 6PC,AMIGOLD
J10.0166,MT,,141.0,JOGO XICARAS IMPERIAL 6PC,AMIGOLD
C3.0738,GO,10.78,36.0,CAIXA MICRO EMB. PRESENTE - 20 26 OFFSET,CARTONAGEM BATISTENSE
C3.0738,TO,,36.0,CAIXA MICRO EMB. PRESENTE - 20 26 OFFSET,CARTONAGEM BATISTENSE
C3.0738,PA,,36.0,CAIXA MICRO EMB. PRESENTE - 20 26 OFFSET,CARTONAGEM BATISTENSE
C3.0738,MT,,36.0,CAIXA MICRO EMB. PRESENTE - 20 26 OFFSET,CARTONAGEM BATISTENSE
C3.0728,GO,48.01,138.0,CAIXA SOM AM57,HMASTON
C3.0728,TO,49.54,148.0,CAIXA SOM AM57,HMASTON
C3.0728,PA,48.91,145.0,CAIXA SOM AM57,HMASTON
C3.0728,MT,48.06,142.0,CAIXA SOM AM57,HMASTON
C3.0724,GO,12.34,38.0,CONJ CANECA FRESSIAN BUTTERFLY C/3,FLAVIA
C3.0724,TO,12.18,36.0,CONJ CANECA FRESSIAN BUTTERFLY C/3,FLAVIA
C3.0724,PA,12.35,38.0,CONJ CANECA FRESSIAN BUTTERFLY C/3,FLAVIA
C3.0724,MT,11.46,36.0,CONJ CANECA FRESSIAN BUTTERFLY C/3,FLAVIA
G7.0080,GO,32.57,96.0,GARRAFA TERMICA 1L,FLAVIA
G7.0080,TO,32.58,94.0,GARRAFA TERMICA 1L,FLAVIA
G7.0080,PA,32.58,98.0,GARRAFA TERMICA 1L,FLAVIA
G7.0080,MT,31.35,92.0,GARRAFA TERMICA 1L,FLAVIA
F6.0086,GO,23.42,68.0,FRIGIDEIRA PROFISSIONAL WOK 34CM,FRATELLI
F6.0086,TO,,74.0,FRIGIDEIRA PROFISSIONAL WOK 34CM,FRATELLI
F6.0086,PA,,75.0,FRIGIDEIRA PROFISSIONAL WOK 34CM,FRATELLI
F6.0086,MT,,68.0,FRIGIDEIRA PROFISSIONAL WOK 34CM,FRATELLI
B2.0184,GO,25.34,74.0,BOMBONIERE 1L,FLAVIA
B2.0184,TO,,0.0,BOMBONIERE 1L,FLAVIA
B2.0184,PA,25.35,98.0,BOMBONIERE 1L,FLAVIA
B2.0184,MT,,0.0,BOMBONIERE 1L,FLAVIA
C3.0727,GO,56.73,164.0,COLCHA BASICS ESTAMPADA CASAL 2.20X2.40,NIAZITEX
C3.0727,TO,60.7,174.0,COLCHA BASICS ESTAMPADA CASAL 2.20X2.40,NIAZITEX
C3.0727,PA,55.68,160.0,COLCHA BASICS ESTAMPADA CASAL 2.20X2.40,NIAZITEX
C3.0727,MT,55.19,159.0,COLCHA BASICS ESTAMPADA CASAL 2.20X2.40,NIAZITEX
C3.0746,GO,63.58,184.0,COLCHA BASICS ESTAMPADA QUEEN 2.40X2.60,NIAZITEX
C3.0746,TO,68.01,195.0,COLCHA BASICS ESTAMPADA QUEEN 2.40X2.60,NIAZITEX
C3.0746,PA,62.4,179.0,COLCHA BASICS ESTAMPADA QUEEN 2.40X2.60,NIAZITEX
C3.0746,MT,61.85,178.0,COLCHA BASICS ESTAMPADA QUEEN 2.40X2.60,NIAZITEX
C3.0747,GO,70.92,204.0,COLCHA BASICS ESTAMPADA KING 2.60X2.80,NIAZITEX
C3.0747,TO,75.86,218.0,COLCHA BASICS ESTAMPADA KING 2.60X2.80,NIAZITEX
C3.0747,PA,69.59,200.0,COLCHA BASICS ESTAMPADA KING 2.60X2.80,NIAZITEX
C3.0747,MT,68.99,198.0,COLCHA BASICS ESTAMPADA KING 2.60X2.80,NIAZITEX
T20.0279,GO,46.29,136.0,TAPETE KIDS 100X140,SÃO LUCAS DIST
T20.0279,TO,46.92,138.0,TAPETE KIDS 100X140,SÃO LUCAS DIST
T20.0279,PA,46.29,138.0,TAPETE KIDS 100X140,SÃO LUCAS DIST
T20.0279,MT,45.04,136.0,TAPETE KIDS 100X140,SÃO LUCAS DIST
C3.0741,GO,261.25,0.0,SUPER TERMICA MULTIFUNCIONAL 5 EM 1,TOYPLAST
C3.0741,TO,,0.0,SUPER TERMICA MULTIFUNCIONAL 5 EM 1,TOYPLAST
C3.0741,PA,,0.0,SUPER TERMICA MULTIFUNCIONAL 5 EM 1,TOYPLAST
C3.0741,MT,,0.0,SUPER TERMICA MULTIFUNCIONAL 5 EM 1,TOYPLAST
C3.0742,GO,40.92,138.0,CJ TALHERES SUNSHINE 24PCS,EUROQUADROS
C3.0742,TO,,140.0,CJ TALHERES SUNSHINE 24PCS,EUROQUADROS
C3.0742,PA,,140.0,CJ TALHERES SUNSHINE 24PCS,EUROQUADROS
C3.0742,MT,,138.0,CJ TALHERES SUNSHINE 24PCS,EUROQUADROS
L12.0111,GO,58.0,103.0,LENCOL QUEEN MALHA LISA,ADRILAR
L12.0111,TO,58.74,113.0,LENCOL QUEEN MALHA LISA,ADRILAR
L12.0111,PA,58.0,115.0,LENCOL QUEEN MALHA LISA,ADRILAR
L12.0111,MT,56.5,125.0,LENCOL QUEEN MALHA LISA,ADRILAR
C3.0739,GO,30.77,89.0,CJ 3 POTES HERMETICOS RET C/TRAVA VISTA HOME,SAGOL COMERCIAL
C3.0739,TO,,92.0,CJ 3 POTES HERMETICOS RET C/TRAVA VISTA HOME,SAGOL COMERCIAL
C3.0739,PA,,93.0,CJ 3 POTES HERMETICOS RET C/TRAVA VISTA HOME,SAGOL COMERCIAL
C3.0739,MT,,90.0,CJ 3 POTES HERMETICOS RET C/TRAVA VISTA HOME,SAGOL COMERCIAL
C3.0740,GO,236.39,676.0,CJ PANELAS LECCE 5 PCS ALUM. IND. REVEST. CR.,SAGOL COMERCIAL
C3.0740,TO,,680.0,CJ PANELAS LECCE 5 PCS ALUM. IND. REVEST. CR.,SAGOL COMERCIAL
C3.0740,PA,,680.0,CJ PANELAS LECCE 5 PCS ALUM. IND. REVEST. CR.,SAGOL COMERCIAL
C3.0740,MT,,678.0,CJ PANELAS LECCE 5 PCS ALUM. IND. REVEST. CR.,SAGOL COMERCIAL
J10.0174,GO,20.07,58.0,JARRA BOROSILICATO ROSA 1500ML,SAGOL COMERCIAL
J10.0174,TO,,62.0,JARRA BOROSILICATO ROSA 1500ML,SAGOL COMERCIAL
J10.0174,PA,,63.0,JARRA BOROSILICATO ROSA 1500ML,SAGOL COMERCIAL
J10.0174,MT,,59.0,JARRA BOROSILICATO ROSA 1500ML,SAGOL COMERCIAL
J10.0174.001,GO,17.82,52.0,JARRA BOROSILICATO TRANSP 1500ML,SAGOL COMERCIAL
J10.0174.001,TO,,56.0,JARRA BOROSILICATO TRANSP 1500ML,SAGOL COMERCIAL
J10.0174.001,PA,,57.0,JARRA BOROSILICATO TRANSP 1500ML,SAGOL COMERCIAL
J10.0174.001,MT,,53.0,JARRA BOROSILICATO TRANSP 1500ML,SAGOL COMERCIAL
C3.0743,GO,39.08,113.0,CAPA ASSENTO DE SOFA 200X070,TOQUE IDEAL
C3.0743,TO,,116.0,CAPA ASSENTO DE SOFA 200X070,TOQUE IDEAL
C3.0743,PA,,118.0,CAPA ASSENTO DE SOFA 200X070,TOQUE IDEAL
C3.0743,MT,,114.0,CAPA ASSENTO DE SOFA 200X070,TOQUE IDEAL
C3.0744,GO,47.76,137.0,CAPA ASSENTO DE SOFA 250X070,TOQUE IDEAL
C3.0744,TO,,142.0,CAPA ASSENTO DE SOFA 250X070,TOQUE IDEAL
C3.0744,PA,,144.0,CAPA ASSENTO DE SOFA 250X070,TOQUE IDEAL
C3.0744,MT,,138.0,CAPA ASSENTO DE SOFA 250X070,TOQUE IDEAL
C3.0745,GO,55.36,159.0,CAPA ASSENTO DE SOFA 300X070,TOQUE IDEAL
C3.0745,TO,,164.0,CAPA ASSENTO DE SOFA 300X070,TOQUE IDEAL
C3.0745,PA,,166.0,CAPA ASSENTO DE SOFA 300X070,TOQUE IDEAL
C3.0745,MT,,160.0,CAPA ASSENTO DE SOFA 300X070,TOQUE IDEAL
C3.0748,GO,72.7,210.0,CHALEIRA ELET. AROMA VIDRO 2.2L 220V,AGRATTO
C3.0748,TO,75.79,218.0,CHALEIRA ELET. AROMA VIDRO 2.2L 220V,AGRATTO
C3.0748,PA,74.82,0.0,CHALEIRA ELET. AROMA VIDRO 2.2L 220V,AGRATTO
C3.0748,MT,72.9,0.0,CHALEIRA ELET. AROMA VIDRO 2.2L 220V,AGRATTO
C3.0749,GO,669.57,0.0,CLIMATIZADOR CLIN 35L 127V,VENTISOL
C3.0749,TO,713.57,0.0,CLIMATIZADOR CLIN 35L 127V,VENTISOL
C3.0749,PA,704.5,2040.0,CLIMATIZADOR CLIN 35L 127V,VENTISOL
C3.0749,MT,686.35,1968.0,CLIMATIZADOR CLIN 35L 127V,VENTISOL
C3.0750,GO,669.57,1914.0,CLIMATIZADOR CLIN 35L 220V,VENTISOL
C3.0750,TO,713.57,2040.0,CLIMATIZADOR CLIN 35L 220V,VENTISOL
C3.0750,PA,704.5,0.0,CLIMATIZADOR CLIN 35L 220V,VENTISOL
C3.0750,MT,686.35,0.0,CLIMATIZADOR CLIN 35L 220V,VENTISOL
C3.0751,GO,388.99,0.0,CLIMATIZADOR CLIN 16L 127V,VENTISOL
C3.0751,TO,414.56,0.0,CLIMATIZADOR CLIN 16L 127V,VENTISOL
C3.0751,PA,409.29,1186.0,CLIMATIZADOR CLIN 16L 127V,VENTISOL
C3.0751,MT,398.74,1148.0,CLIMATIZADOR CLIN 16L 127V,VENTISOL
C3.0752,GO,388.99,1112.0,CLIMATIZADOR CLIN 16L 220V,VENTISOL
C3.0752,TO,414.56,1186.0,CLIMATIZADOR CLIN 16L 220V,VENTISOL
C3.0752,PA,409.29,0.0,CLIMATIZADOR CLIN 16L 220V,VENTISOL
C3.0752,MT,398.74,0.0,CLIMATIZADOR CLIN 16L 220V,VENTISOL
C3.0753,GO,803.75,0.0,CLIMATIZADOR CLIN 80L 127V,VENTISOL
C3.0753,TO,856.57,0.0,CLIMATIZADOR CLIN 80L 127V,VENTISOL
C3.0753,PA,845.68,2448.0,CLIMATIZADOR CLIN 80L 127V,VENTISOL
C3.0753,MT,823.9,2368.0,CLIMATIZADOR CLIN 80L 127V,VENTISOL
C3.0754,GO,803.75,2298.0,CLIMATIZADOR CLIN 80L 220V,VENTISOL
C3.0754,TO,856.57,2448.0,CLIMATIZADOR CLIN 80L 220V,VENTISOL
C3.0754,PA,845.68,0.0,CLIMATIZADOR CLIN 80L 220V,VENTISOL
C3.0754,MT,823.9,0.0,CLIMATIZADOR CLIN 80L 220V,VENTISOL
E5.0039,GO,113.44,325.0,ESCOVA DE CABELO ROTATIVA DELLA,AGRATTO
E5.0039,TO,118.25,339.0,ESCOVA DE CABELO ROTATIVA DELLA,AGRATTO
E5.0039,PA,116.75,339.0,ESCOVA DE CABELO ROTATIVA DELLA,AGRATTO
E5.0039,MT,113.74,328.0,ESCOVA DE CABELO ROTATIVA DELLA,AGRATTO
F6.0089,GO,61.65,0.0,FERRO DE PASSAR BRAVO CERAMICO 127V,AGRATTO
F6.0089,TO,64.27,0.0,FERRO DE PASSAR BRAVO CERAMICO 127V,AGRATTO
F6.0089,PA,63.45,186.0,FERRO DE PASSAR BRAVO CERAMICO 127V,AGRATTO
F6.0089,MT,61.82,184.0,FERRO DE PASSAR BRAVO CERAMICO 127V,AGRATTO
F6.0090,GO,61.65,178.0,FERRO DE PASSAR BRAVO CERAMICO 220V,AGRATTO
F6.0090,TO,64.27,186.0,FERRO DE PASSAR BRAVO CERAMICO 220V,AGRATTO
F6.0090,PA,63.45,0.0,FERRO DE PASSAR BRAVO CERAMICO 220V,AGRATTO
F6.0090,MT,61.82,0.0,FERRO DE PASSAR BRAVO CERAMICO 220V,AGRATTO
F6.0091,GO,486.38,1392.0,FRITADEIRA AIR FRYER FORNO PRT 12LT 220V,AGRATTO
F6.0091,TO,507.01,1449.0,FRITADEIRA AIR FRYER FORNO PRT 12LT 220V,AGRATTO
F6.0091,PA,500.57,0.0,FRITADEIRA AIR FRYER FORNO PRT 12LT 220V,AGRATTO
F6.0091,MT,487.67,0.0,FRITADEIRA AIR FRYER FORNO PRT 12LT 220V,AGRATTO
F6.0092,GO,379.17,0.0,"FRITADEIRA AIR FRYER SUPR PRT 7,5L 127V",AGRATTO
F6.0092,TO,395.25,0.0,"FRITADEIRA AIR FRYER SUPR PRT 7,5L 127V",AGRATTO
F6.0092,PA,390.23,1130.0,"FRITADEIRA AIR FRYER SUPR PRT 7,5L 127V",AGRATTO
F6.0092,MT,380.17,1098.0,"FRITADEIRA AIR FRYER SUPR PRT 7,5L 127V",AGRATTO
F6.0093,GO,379.17,1084.0,"FRITADEIRA AIR FRYER SUPR PRT 7,5L 220V",AGRATTO
F6.0093,TO,395.25,1130.0,"FRITADEIRA AIR FRYER SUPR PRT 7,5L 220V",AGRATTO
F6.0093,PA,390.23,0.0,"FRITADEIRA AIR FRYER SUPR PRT 7,5L 220V",AGRATTO
F6.0093,MT,380.17,0.0,"FRITADEIRA AIR FRYER SUPR PRT 7,5L 220V",AGRATTO
F6.0094,GO,196.95,0.0,FRITADEIRA AIR FRYER SUPR PRT 4L 127V,AGRATTO
F6.0094,TO,209.9,0.0,FRITADEIRA AIR FRYER SUPR PRT 4L 127V,AGRATTO
F6.0094,PA,207.23,600.0,FRITADEIRA AIR FRYER SUPR PRT 4L 127V,AGRATTO
F6.0094,MT,201.89,586.0,FRITADEIRA AIR FRYER SUPR PRT 4L 127V,AGRATTO
F6.0095,GO,196.95,564.0,FRITADEIRA AIR FRYER SUPR PRT 4L 220V,AGRATTO
F6.0095,TO,209.9,600.0,FRITADEIRA AIR FRYER SUPR PRT 4L 220V,AGRATTO
F6.0095,PA,207.23,0.0,FRITADEIRA AIR FRYER SUPR PRT 4L 220V,AGRATTO
F6.0095,MT,201.89,0.0,FRITADEIRA AIR FRYER SUPR PRT 4L 220V,AGRATTO
F6.0096,GO,486.38,0.0,FRITADEIRA AIR FRYER FORNO PRT 12LT 127V,AGRATTO
F6.0096,TO,507.01,0.0,FRITADEIRA AIR FRYER FORNO PRT 12LT 127V,AGRATTO
F6.0096,PA,500.57,1449.0,FRITADEIRA AIR FRYER FORNO PRT 12LT 127V,AGRATTO
F6.0096,MT,487.67,1398.0,FRITADEIRA AIR FRYER FORNO PRT 12LT 127V,AGRATTO
L12.0131,GO,147.47,0.0,LIQUIDIFICADOR TURBO 15 PRT 3.2L 127V,AGRATTO
L12.0131,TO,157.16,0.0,LIQUIDIFICADOR TURBO 15 PRT 3.2L 127V,AGRATTO
L12.0131,PA,155.16,450.0,LIQUIDIFICADOR TURBO 15 PRT 3.2L 127V,AGRATTO
L12.0131,MT,151.16,438.0,LIQUIDIFICADOR TURBO 15 PRT 3.2L 127V,AGRATTO
L12.0132,GO,147.47,422.0,LIQUIDIFICADOR TURBO 15 PRT 3.2L 220V,AGRATTO
L12.0132,TO,157.16,450.0,LIQUIDIFICADOR TURBO 15 PRT 3.2L 220V,AGRATTO
L12.0132,PA,155.16,0.0,LIQUIDIFICADOR TURBO 15 PRT 3.2L 220V,AGRATTO
L12.0132,MT,151.16,0.0,LIQUIDIFICADOR TURBO 15 PRT 3.2L 220V,AGRATTO
M13.0095,GO,69.25,0.0,MINIPROCESSADOR PRT 350ML 127V,AGRATTO
M13.0095,TO,72.19,0.0,MINIPROCESSADOR PRT 350ML 127V,AGRATTO
M13.0095,PA,71.27,208.0,MINIPROCESSADOR PRT 350ML 127V,AGRATTO
M13.0095,MT,69.43,199.0,MINIPROCESSADOR PRT 350ML 127V,AGRATTO
M13.0096,GO,69.25,199.0,MINIPROCESSADOR PRT 350ML 220V,AGRATTO
M13.0096,TO,72.19,208.0,MINIPROCESSADOR PRT 350ML 220V,AGRATTO
M13.0096,PA,71.27,0.0,MINIPROCESSADOR PRT 350ML 220V,AGRATTO
M13.0096,MT,69.43,0.0,MINIPROCESSADOR PRT 350ML 220V,AGRATTO
M13.0097,GO,97.01,0.0,MIXER 3 EM 1 PRT 700ML 127V,AGRATTO
M13.0097,TO,101.12,0.0,MIXER 3 EM 1 PRT 700ML 127V,AGRATTO
M13.0097,PA,99.84,290.0,MIXER 3 EM 1 PRT 700ML 127V,AGRATTO
M13.0097,MT,97.27,279.0,MIXER 3 EM 1 PRT 700ML 127V,AGRATTO
M13.0098,GO,97.01,278.0,MIXER 3 EM 1 PRT 700ML 220V,AGRATTO
M13.0098,TO,101.12,290.0,MIXER 3 EM 1 PRT 700ML 220V,AGRATTO
M13.0098,PA,99.84,0.0,MIXER 3 EM 1 PRT 700ML 220V,AGRATTO
M13.0098,MT,97.27,0.0,MIXER 3 EM 1 PRT 700ML 220V,AGRATTO
F6.0087,GO,13.1,38.0,FRONHA XUXAO LISA 0.46X1.30,ADRILAR
F6.0087,TO,13.19,38.0,FRONHA XUXAO LISA 0.46X1.30,ADRILAR
F6.0087,PA,13.1,38.0,FRONHA XUXAO LISA 0.46X1.30,ADRILAR
F6.0087,MT,12.9,38.0,FRONHA XUXAO LISA 0.46X1.30,ADRILAR
F6.0088,GO,13.1,38.0,FRONHA XUXAO ESTAMPADA 0.46X1.30,ADRILAR
F6.0088,TO,13.19,38.0,FRONHA XUXAO ESTAMPADA 0.46X1.30,ADRILAR
F6.0088,PA,13.1,38.0,FRONHA XUXAO ESTAMPADA 0.46X1.30,ADRILAR
F6.0088,MT,12.9,38.0,FRONHA XUXAO ESTAMPADA 0.46X1.30,ADRILAR
J10.0176,GO,28.3,82.0,JG PORTA CONDIMENTOS GIRAT C/9 POTES 85ML,INGA IMPORT
J10.0176,TO,29.01,84.0,JG PORTA CONDIMENTOS GIRAT C/9 POTES 85ML,INGA IMPORT
J10.0176,PA,28.79,83.0,JG PORTA CONDIMENTOS GIRAT C/9 POTES 85ML,INGA IMPORT
J10.0176,MT,28.35,82.0,JG PORTA CONDIMENTOS GIRAT C/9 POTES 85ML,INGA IMPORT
J10.0177,GO,29.53,85.0,JG POTES VD TAMPA INOX C/3 PCS,INGA IMPORT
J10.0177,TO,30.28,86.0,JG POTES VD TAMPA INOX C/3 PCS,INGA IMPORT
J10.0177,PA,30.04,87.0,JG POTES VD TAMPA INOX C/3 PCS,INGA IMPORT
J10.0177,MT,29.58,85.0,JG POTES VD TAMPA INOX C/3 PCS,INGA IMPORT
C3.0737,GO,36.76,112.0,COLCHA MILAO COLOR ART LISA SOLTEIRO 160X240,CORTTEX
C3.0737,TO,42.97,124.0,COLCHA MILAO COLOR ART LISA SOLTEIRO 160X240,CORTTEX
C3.0737,PA,39.95,115.0,COLCHA MILAO COLOR ART LISA SOLTEIRO 160X240,CORTTEX
C3.0737,MT,38.85,112.0,COLCHA MILAO COLOR ART LISA SOLTEIRO 160X240,CORTTEX
C3.0736,GO,,0.0,COLCHA STUDIO MIX SOLTEIRO 160x240,CORTTEX
C3.0736,TO,,0.0,COLCHA STUDIO MIX SOLTEIRO 160x240,CORTTEX
C3.0736,PA,,0.0,COLCHA STUDIO MIX SOLTEIRO 160x240,CORTTEX
C3.0736,MT,38.92,112.0,COLCHA STUDIO MIX SOLTEIRO 160x240,CORTTEX
J10.0175,GO,40.91,118.0,JG 4 XICARAS COM PIRES 210ML,SPIDER
J10.0175,TO,39.97,118.0,JG 4 XICARAS COM PIRES 210ML,SPIDER
J10.0175,PA,39.67,118.0,JG 4 XICARAS COM PIRES 210ML,SPIDER
J10.0175,MT,39.08,118.0,JG 4 XICARAS COM PIRES 210ML,SPIDER
S10.0030,GO,17.19,50.0,SUPORTE ORGANIZADOR DE TALHERES,SPIDER
S10.0030,TO,15.67,50.0,SUPORTE ORGANIZADOR DE TALHERES,SPIDER
S10.0030,PA,15.56,50.0,SUPORTE ORGANIZADOR DE TALHERES,SPIDER
S10.0030,MT,15.32,50.0,SUPORTE ORGANIZADOR DE TALHERES,SPIDER
D4.0080,GO,20.63,60.0,DISPENSER MULTIUSO 2000ML,TOP RIO
D4.0080,TO,20.12,60.0,DISPENSER MULTIUSO 2000ML,TOP RIO
D4.0080,PA,19.96,60.0,DISPENSER MULTIUSO 2000ML,TOP RIO
D4.0080,MT,19.66,60.0,DISPENSER MULTIUSO 2000ML,TOP RIO
T20.0280,GO,24.18,70.0,TRITURADOR DE CARNE LEGUMES MANUAL,TOP RIO
T20.0280,TO,23.57,70.0,TRITURADOR DE CARNE LEGUMES MANUAL,TOP RIO
T20.0280,PA,23.39,70.0,TRITURADOR DE CARNE LEGUMES MANUAL,TOP RIO
T20.0280,MT,,70.0,TRITURADOR DE CARNE LEGUMES MANUAL,TOP RIO
K11.0175,GO,,0.0,KIT COLCHA LISA ULTRA LISSE SOLTEIRO,HIPER TEXTIL
K11.0175,TO,50.36,145.0,KIT COLCHA LISA ULTRA LISSE SOLTEIRO,HIPER TEXTIL
K11.0175,PA,49.7,143.0,KIT COLCHA LISA ULTRA LISSE SOLTEIRO,HIPER TEXTIL
K11.0175,MT,,0.0,KIT COLCHA LISA ULTRA LISSE SOLTEIRO,HIPER TEXTIL
C3.0755,GO,72.71,0.0,CHALEIRA ELET. AROMA VIDRO 2.2L 127V,AGRATTO
C3.0755,TO,,0.0,CHALEIRA ELET. AROMA VIDRO 2.2L 127V,AGRATTO
C3.0755,PA,68.47,218.0,CHALEIRA ELET. AROMA VIDRO 2.2L 127V,AGRATTO
C3.0755,MT,66.54,210.0,CHALEIRA ELET. AROMA VIDRO 2.2L 127V,AGRATTO
C3.0654,GO,45.75,104.0,COLCHA SOLTEIRO MALHA BB C ELAST LISA,ADRILAR
C3.0654,TO,43.82,106.0,COLCHA SOLTEIRO MALHA BB C ELAST LISA,ADRILAR
C3.0654,PA,43.48,108.0,COLCHA SOLTEIRO MALHA BB C ELAST LISA,ADRILAR
C3.0654,MT,42.79,108.0,COLCHA SOLTEIRO MALHA BB C ELAST LISA,ADRILAR
C3.0726,GO,45.75,104.0,COLCHA SOLTEIRO INFANTIL MALHA C ELASTICO,ADRILAR
C3.0726,TO,43.82,106.0,COLCHA SOLTEIRO INFANTIL MALHA C ELASTICO,ADRILAR
C3.0726,PA,43.48,108.0,COLCHA SOLTEIRO INFANTIL MALHA C ELASTICO,ADRILAR
C3.0726,MT,42.79,108.0,COLCHA SOLTEIRO INFANTIL MALHA C ELASTICO,ADRILAR
L12.0077,GO,28.41,80.0,LENCOL CASAL MALHA  S ELASTICO S FRONHA LISO,ADRILAR
L12.0077,TO,27.21,80.0,LENCOL CASAL MALHA  S ELASTICO S FRONHA LISO,ADRILAR
L12.0077,PA,27.0,80.0,LENCOL CASAL MALHA  S ELASTICO S FRONHA LISO,ADRILAR
L12.0077,MT,26.57,80.0,LENCOL CASAL MALHA  S ELASTICO S FRONHA LISO,ADRILAR
J10.0178,GO,43.85,126.0,"JG JARRA DEVON 1,8L E COPOS 250ML C/7PCS",INGA IMPORT
J10.0178,TO,42.66,126.0,"JG JARRA DEVON 1,8L E COPOS 250ML C/7PCS",INGA IMPORT
J10.0178,PA,42.31,126.0,"JG JARRA DEVON 1,8L E COPOS 250ML C/7PCS",INGA IMPORT
J10.0178,MT,41.61,126.0,"JG JARRA DEVON 1,8L E COPOS 250ML C/7PCS",INGA IMPORT
J10.0179,GO,,0.0,JOGO BANHEIRO DIAMANTE 3PCS,NYCOLLY
J10.0179,TO,,0.0,JOGO BANHEIRO DIAMANTE 3PCS,NYCOLLY
J10.0179,PA,,0.0,JOGO BANHEIRO DIAMANTE 3PCS,NYCOLLY
J10.0179,MT,24.52,71.0,JOGO BANHEIRO DIAMANTE 3PCS,NYCOLLY
P16.0221,GO,,0.0,PASSADEIRA MOSCOU 60X200,NYCOLLY
P16.0221,TO,,0.0,PASSADEIRA MOSCOU 60X200,NYCOLLY
P16.0221,PA,,0.0,PASSADEIRA MOSCOU 60X200,NYCOLLY
P16.0221,MT,40.87,118.0,PASSADEIRA MOSCOU 60X200,NYCOLLY
B2.0186,GO,35.95,108.0,BOLSA TERMICA,TOMATE
B2.0186,TO,38.49,110.0,BOLSA TERMICA,TOMATE
B2.0186,PA,37.06,110.0,BOLSA TERMICA,TOMATE
B2.0186,MT,,108.0,BOLSA TERMICA,TOMATE
C3.0723,GO,68.59,197.0,COBERTOR ISLANDIA QUENN 220X240,FATEX
C3.0723,TO,69.5,199.0,COBERTOR ISLANDIA QUENN 220X240,FATEX
C3.0723,PA,68.59,199.0,COBERTOR ISLANDIA QUENN 220X240,FATEX
C3.0723,MT,66.77,192.0,COBERTOR ISLANDIA QUENN 220X240,FATEX
C3.0725,GO,30.18,87.0,COBERTOR LUSTER 180X200,FATEX
C3.0725,TO,30.58,88.0,COBERTOR LUSTER 180X200,FATEX
C3.0725,PA,30.18,87.0,COBERTOR LUSTER 180X200,FATEX
C3.0725,MT,29.38,87.0,COBERTOR LUSTER 180X200,FATEX
R18.0030,GO,12.66,38.0,RAQUETE MATA MOSQUITO,KG DISTRIBUIÇÃO
R18.0030,TO,12.48,38.0,RAQUETE MATA MOSQUITO,KG DISTRIBUIÇÃO
R18.0030,PA,12.43,38.0,RAQUETE MATA MOSQUITO,KG DISTRIBUIÇÃO
R18.0030,MT,12.32,38.0,RAQUETE MATA MOSQUITO,KG DISTRIBUIÇÃO
G7.0081,GO,54.52,157.0,GARRAFA TERMICA BM-P2097 1200ML,FLAVIA
G7.0081,TO,55.96,161.0,GARRAFA TERMICA BM-P2097 1200ML,FLAVIA
G7.0081,PA,55.23,160.0,GARRAFA TERMICA BM-P2097 1200ML,FLAVIA
G7.0081,MT,54.31,156.0,GARRAFA TERMICA BM-P2097 1200ML,FLAVIA
G7.0082,GO,31.72,92.0,GARRAFA TERMICA BM-P1718 900ML,FLAVIA
G7.0082,TO,33.07,95.0,GARRAFA TERMICA BM-P1718 900ML,FLAVIA
G7.0082,PA,32.43,94.0,GARRAFA TERMICA BM-P1718 900ML,FLAVIA
G7.0082,MT,31.71,91.0,GARRAFA TERMICA BM-P1718 900ML,FLAVIA
G7.0083,GO,28.36,82.0,GARRAFA TERMICA COM ALCA 500ML,FLAVIA
G7.0083,TO,29.69,86.0,GARRAFA TERMICA COM ALCA 500ML,FLAVIA
G7.0083,PA,29.07,84.0,GARRAFA TERMICA COM ALCA 500ML,FLAVIA
G7.0083,MT,28.37,82.0,GARRAFA TERMICA COM ALCA 500ML,FLAVIA
V22.0019,GO,14.69,49.0,VASO TRAMAS AZUL,ADRILAR
V22.0019,TO,15.22,49.0,VASO TRAMAS AZUL,ADRILAR
V22.0019,PA,15.11,49.0,VASO TRAMAS AZUL,ADRILAR
V22.0019,MT,14.89,49.0,VASO TRAMAS AZUL,ADRILAR
V22.0019.001,GO,14.69,49.0,VASO TRAMAS ROSA,ADRILAR
V22.0019.001,TO,15.22,49.0,VASO TRAMAS ROSA,ADRILAR
V22.0019.001,PA,15.11,49.0,VASO TRAMAS ROSA,ADRILAR
V22.0019.001,MT,14.89,49.0,VASO TRAMAS ROSA,ADRILAR
V22.0019.002,GO,14.69,49.0,VASO TRAMAS LARANJA,ADRILAR
V22.0019.002,TO,15.22,49.0,VASO TRAMAS LARANJA,ADRILAR
V22.0019.002,PA,15.11,49.0,VASO TRAMAS LARANJA,ADRILAR
V22.0019.002,MT,14.89,49.0,VASO TRAMAS LARANJA,ADRILAR
V22.0019.003,GO,14.69,49.0,VASO TRAMAS BEGE,ADRILAR
V22.0019.003,TO,15.22,49.0,VASO TRAMAS BEGE,ADRILAR
V22.0019.003,PA,15.11,49.0,VASO TRAMAS BEGE,ADRILAR
V22.0019.003,MT,14.89,49.0,VASO TRAMAS BEGE,ADRILAR
V22.0019.004,GO,14.69,49.0,VASO TRAMAS LILAS,ADRILAR
V22.0019.004,TO,15.22,49.0,VASO TRAMAS LILAS,ADRILAR
V22.0019.004,PA,15.11,49.0,VASO TRAMAS LILAS,ADRILAR
V22.0019.004,MT,14.89,49.0,VASO TRAMAS LILAS,ADRILAR
V22.0020,GO,22.75,79.0,VASO ORGANICO GRANDE PRETO,ADRILAR
V22.0020,TO,23.6,79.0,VASO ORGANICO GRANDE PRETO,ADRILAR
V22.0020,PA,23.43,79.0,VASO ORGANICO GRANDE PRETO,ADRILAR
V22.0020,MT,23.08,79.0,VASO ORGANICO GRANDE PRETO,ADRILAR
V22.0020.001,GO,22.75,79.0,VASO ORGANICO GRANDE BRANCO,ADRILAR
V22.0020.001,TO,23.6,79.0,VASO ORGANICO GRANDE BRANCO,ADRILAR
V22.0020.001,PA,23.43,79.0,VASO ORGANICO GRANDE BRANCO,ADRILAR
V22.0020.001,MT,23.08,79.0,VASO ORGANICO GRANDE BRANCO,ADRILAR
V22.0020.002,GO,22.75,79.0,VASO ORGANICO GRANDE MARROM,ADRILAR
V22.0020.002,TO,23.6,79.0,VASO ORGANICO GRANDE MARROM,ADRILAR
V22.0020.002,PA,23.43,79.0,VASO ORGANICO GRANDE MARROM,ADRILAR
V22.0020.002,MT,23.08,79.0,VASO ORGANICO GRANDE MARROM,ADRILAR
V2.0021,GO,9.91,39.0,VASO ORGANICO PEQUENO PRETO,ADRILAR
V2.0021,TO,10.25,39.0,VASO ORGANICO PEQUENO PRETO,ADRILAR
V2.0021,PA,10.18,39.0,VASO ORGANICO PEQUENO PRETO,ADRILAR
V2.0021,MT,10.04,39.0,VASO ORGANICO PEQUENO PRETO,ADRILAR
V22.0021.001,GO,9.91,39.0,VASO ORGANICO PEQUENO BRANCO,ADRILAR
V22.0021.001,TO,10.25,39.0,VASO ORGANICO PEQUENO BRANCO,ADRILAR
V22.0021.001,PA,10.18,39.0,VASO ORGANICO PEQUENO BRANCO,ADRILAR
V22.0021.001,MT,10.04,39.0,VASO ORGANICO PEQUENO BRANCO,ADRILAR
V22.0021.002,GO,9.91,39.0,VASO ORGANICO PEQUENO MARROM,ADRILAR
V22.0021.002,TO,10.25,39.0,VASO ORGANICO PEQUENO MARROM,ADRILAR
V22.0021.002,PA,10.18,39.0,VASO ORGANICO PEQUENO MARROM,ADRILAR
V22.0021.002,MT,10.04,39.0,VASO ORGANICO PEQUENO MARROM,ADRILAR
V22.0021.003,GO,9.91,39.0,VASO ORGANICO PEQUENO BEGE,ADRILAR
V22.0021.003,TO,10.25,39.0,VASO ORGANICO PEQUENO BEGE,ADRILAR
V22.0021.003,PA,10.18,39.0,VASO ORGANICO PEQUENO BEGE,ADRILAR
V22.0021.003,MT,10.04,39.0,VASO ORGANICO PEQUENO BEGE,ADRILAR
C3.0761,GO,53.37,153.0,COBERTOR CORACAO QUEEN 220X240,NYCOLLY
C3.0761,TO,51.97,155.0,COBERTOR CORACAO QUEEN 220X240,NYCOLLY
C3.0761,PA,51.57,155.0,COBERTOR CORACAO QUEEN 220X240,NYCOLLY
C3.0761,MT,50.75,153.0,COBERTOR CORACAO QUEEN 220X240,NYCOLLY
C3.0762,GO,41.51,124.0,COBERTOR COTELE CASAL 200X220,NYCOLLY
C3.0762,TO,40.42,125.0,COBERTOR COTELE CASAL 200X220,NYCOLLY
C3.0762,PA,40.11,125.0,COBERTOR COTELE CASAL 200X220,NYCOLLY
C3.0762,MT,39.47,124.0,COBERTOR COTELE CASAL 200X220,NYCOLLY
C3.0763,GO,53.37,155.0,COBERTOR COTELE QUEEN 220X240,NYCOLLY
C3.0763,TO,51.97,156.0,COBERTOR COTELE QUEEN 220X240,NYCOLLY
C3.0763,PA,51.57,156.0,COBERTOR COTELE QUEEN 220X240,NYCOLLY
C3.0763,MT,50.75,155.0,COBERTOR COTELE QUEEN 220X240,NYCOLLY
T20.0283,GO,11.86,35.0,TOALHA MESA BABADO TERMICA 140X140,NYCOLLY
T20.0283,TO,11.55,36.0,TOALHA MESA BABADO TERMICA 140X140,NYCOLLY
T20.0283,PA,11.46,36.0,TOALHA MESA BABADO TERMICA 140X140,NYCOLLY
T20.0283,MT,11.28,35.0,TOALHA MESA BABADO TERMICA 140X140,NYCOLLY
T20.0284,GO,17.79,52.0,TOALHA MESA BABADO TERMICA 140X210,NYCOLLY
T20.0284,TO,17.32,53.0,TOALHA MESA BABADO TERMICA 140X210,NYCOLLY
T20.0284,PA,17.19,53.0,TOALHA MESA BABADO TERMICA 140X210,NYCOLLY
T20.0284,MT,16.92,52.0,TOALHA MESA BABADO TERMICA 140X210,NYCOLLY
K11.0176,GO,17.79,52.0,KIT PASSADEIRA 2PCS 38X118,NYCOLLY
K11.0176,TO,17.32,53.0,KIT PASSADEIRA 2PCS 38X118,NYCOLLY
K11.0176,PA,17.19,53.0,KIT PASSADEIRA 2PCS 38X118,NYCOLLY
K11.0176,MT,16.92,52.0,KIT PASSADEIRA 2PCS 38X118,NYCOLLY
T20.0285,GO,118.59,340.0,TAPETE GEOMETRICO 200X240,NYCOLLY
T20.0285,TO,115.5,342.0,TAPETE GEOMETRICO 200X240,NYCOLLY
T20.0285,PA,114.59,342.0,TAPETE GEOMETRICO 200X240,NYCOLLY
T20.0285,MT,112.77,340.0,TAPETE GEOMETRICO 200X240,NYCOLLY
T20.0286,GO,11.64,32.0,TAPETE PRAINHA 38X58,NYCOLLY
T20.0286,TO,10.4,33.0,TAPETE PRAINHA 38X58,NYCOLLY
T20.0286,PA,11.55,33.0,TAPETE PRAINHA 38X58,NYCOLLY
T20.0286,MT,10.72,32.0,TAPETE PRAINHA 38X58,NYCOLLY
C3.0765,GO,65.22,189.0,COBERTOR DIAMANTE SERPA 190X210,NYCOLLY
C3.0765,TO,63.53,189.0,COBERTOR DIAMANTE SERPA 190X210,NYCOLLY
C3.0765,PA,63.03,192.0,COBERTOR DIAMANTE SERPA 190X210,NYCOLLY
C3.0765,MT,62.03,189.0,COBERTOR DIAMANTE SERPA 190X210,NYCOLLY
J10.0180,GO,17.79,52.0,JOGO BANHEIRO 2PCS,NYCOLLY
J10.0180,TO,17.32,53.0,JOGO BANHEIRO 2PCS,NYCOLLY
J10.0180,PA,17.19,53.0,JOGO BANHEIRO 2PCS,NYCOLLY
J10.0180,MT,16.92,52.0,JOGO BANHEIRO 2PCS,NYCOLLY
J10.0181,GO,45.06,130.0,JOGO BANHEIRO EUROPEU 3PCS,NYCOLLY
J10.0181,TO,43.89,132.0,JOGO BANHEIRO EUROPEU 3PCS,NYCOLLY
J10.0181,PA,43.54,132.0,JOGO BANHEIRO EUROPEU 3PCS,NYCOLLY
J10.0181,MT,42.85,130.0,JOGO BANHEIRO EUROPEU 3PCS,NYCOLLY
T20.0287,GO,11.86,37.0,TAPETE SOFT JACQUARD 45X65,NYCOLLY
T20.0287,TO,11.55,38.0,TAPETE SOFT JACQUARD 45X65,NYCOLLY
T20.0287,PA,11.46,38.0,TAPETE SOFT JACQUARD 45X65,NYCOLLY
T20.0287,MT,11.28,37.0,TAPETE SOFT JACQUARD 45X65,NYCOLLY
T20.0288,GO,142.31,410.0,TAPETE SINTRA JACQUARD 200X240,NYCOLLY
T20.0288,TO,143.4,412.0,TAPETE SINTRA JACQUARD 200X240,NYCOLLY
T20.0288,PA,142.31,412.0,TAPETE SINTRA JACQUARD 200X240,NYCOLLY
T20.0288,MT,140.13,410.0,TAPETE SINTRA JACQUARD 200X240,NYCOLLY
T20.0289,GO,17.79,52.0,TAPETE JACQUARD LISO 50X80,NYCOLLY
T20.0289,TO,17.62,53.0,TAPETE JACQUARD LISO 50X80,NYCOLLY
T20.0289,PA,17.49,53.0,TAPETE JACQUARD LISO 50X80,NYCOLLY
T20.0289,MT,17.22,52.0,TAPETE JACQUARD LISO 50X80,NYCOLLY
T20.0290,GO,71.15,206.0,TAPETE TOQUIO 140X200,NYCOLLY
T20.0290,TO,71.7,208.0,TAPETE TOQUIO 140X200,NYCOLLY
T20.0290,PA,71.15,208.0,TAPETE TOQUIO 140X200,NYCOLLY
T20.0290,MT,70.06,206.0,TAPETE TOQUIO 140X200,NYCOLLY
C3.0764,GO,79.57,231.0,COBRELEITO COSTURADO QUEEN 230X250,NYCOLLY
C3.0764,TO,80.62,233.0,COBRELEITO COSTURADO QUEEN 230X250,NYCOLLY
C3.0764,PA,79.57,233.0,COBRELEITO COSTURADO QUEEN 230X250,NYCOLLY
C3.0764,MT,77.46,231.0,COBRELEITO COSTURADO QUEEN 230X250,NYCOLLY
B2.0187,GO,12.59,58.0,BRINC POKEMON - PIKACHU,ADRILAR
B2.0187,TO,12.2,58.0,BRINC POKEMON - PIKACHU,ADRILAR
B2.0187,PA,12.13,58.0,BRINC POKEMON - PIKACHU,ADRILAR
B2.0187,MT,12.0,58.0,BRINC POKEMON - PIKACHU,ADRILAR
B2.0187.001,GO,16.95,58.0,BRINC POKEMON - UMBREON,ADRILAR
B2.0187.001,TO,16.38,58.0,BRINC POKEMON - UMBREON,ADRILAR
B2.0187.001,PA,16.28,58.0,BRINC POKEMON - UMBREON,ADRILAR
B2.0187.001,MT,16.08,58.0,BRINC POKEMON - UMBREON,ADRILAR
B2.0187.002,GO,15.04,58.0,BRINC POKEMON - SQUIRTLE,ADRILAR
B2.0187.002,TO,14.55,58.0,BRINC POKEMON - SQUIRTLE,ADRILAR
B2.0187.002,PA,14.46,58.0,BRINC POKEMON - SQUIRTLE,ADRILAR
B2.0187.002,MT,14.29,58.0,BRINC POKEMON - SQUIRTLE,ADRILAR
C3.0775,GO,40.13,0.0,COZEDOR DE OVOS BRANCO 14 UNID 127V,B E G IMPORT
C3.0775,TO,,0.0,COZEDOR DE OVOS BRANCO 14 UNID 127V,B E G IMPORT
C3.0775,PA,38.83,120.0,COZEDOR DE OVOS BRANCO 14 UNID 127V,B E G IMPORT
C3.0775,MT,38.24,118.0,COZEDOR DE OVOS BRANCO 14 UNID 127V,B E G IMPORT
C3.0775.001,GO,40.12,0.0,COZEDOR DE OVOS ROSA 14 UNID 127V,B E G IMPORT
C3.0775.001,TO,,0.0,COZEDOR DE OVOS ROSA 14 UNID 127V,B E G IMPORT
C3.0775.001,PA,38.83,120.0,COZEDOR DE OVOS ROSA 14 UNID 127V,B E G IMPORT
C3.0775.001,MT,38.24,118.0,COZEDOR DE OVOS ROSA 14 UNID 127V,B E G IMPORT
C3.0776,GO,40.12,116.0,COZEDOR DE OVOS BRANCO 14 UNID 220V,B E G IMPORT
C3.0776,TO,39.13,120.0,COZEDOR DE OVOS BRANCO 14 UNID 220V,B E G IMPORT
C3.0776,PA,,0.0,COZEDOR DE OVOS BRANCO 14 UNID 220V,B E G IMPORT
C3.0776,MT,,0.0,COZEDOR DE OVOS BRANCO 14 UNID 220V,B E G IMPORT
C3.0776.002,GO,40.12,116.0,COZEDOR DE OVOS ROSA 14 UNID 220V,B E G IMPORT
C3.0776.002,TO,39.12,120.0,COZEDOR DE OVOS ROSA 14 UNID 220V,B E G IMPORT
C3.0776.002,PA,,0.0,COZEDOR DE OVOS ROSA 14 UNID 220V,B E G IMPORT
C3.0776.002,MT,,0.0,COZEDOR DE OVOS ROSA 14 UNID 220V,B E G IMPORT
P16.0223,GO,5.85,24.0,PORTA BATOM 3D,ADRILAR
P16.0223,TO,5.88,0.0,PORTA BATOM 3D,ADRILAR
P16.0223,PA,5.85,0.0,PORTA BATOM 3D,ADRILAR
P16.0223,MT,5.79,0.0,PORTA BATOM 3D,ADRILAR
P16.0223.001,GO,8.62,34.0,PORTA BATOM 3D ACOMPANHA BATOM,ADRILAR
P16.0223.001,TO,8.67,0.0,PORTA BATOM 3D ACOMPANHA BATOM,ADRILAR
P16.0223.001,PA,8.62,0.0,PORTA BATOM 3D ACOMPANHA BATOM,ADRILAR
P16.0223.001,MT,8.52,0.0,PORTA BATOM 3D ACOMPANHA BATOM,ADRILAR
C3.0766,GO,13.68,0.0,CJ 2 COPOS VD BLISS AMBAR 450ML,WELLMIX
C3.0766,TO,13.79,0.0,CJ 2 COPOS VD BLISS AMBAR 450ML,WELLMIX
C3.0766,PA,13.92,0.0,CJ 2 COPOS VD BLISS AMBAR 450ML,WELLMIX
C3.0766,MT,12.98,0.0,CJ 2 COPOS VD BLISS AMBAR 450ML,WELLMIX
C3.0766.001,GO,15.03,0.0,CJ 2 COPOS VD BLISS AZUL ESCURO 450ML,WELLMIX
C3.0766.001,TO,15.15,0.0,CJ 2 COPOS VD BLISS AZUL ESCURO 450ML,WELLMIX
C3.0766.001,PA,15.3,0.0,CJ 2 COPOS VD BLISS AZUL ESCURO 450ML,WELLMIX
C3.0766.001,MT,14.27,0.0,CJ 2 COPOS VD BLISS AZUL ESCURO 450ML,WELLMIX
C3.0766.002,GO,13.66,0.0,CJ 2 COPOS VD BLISS MARSALA 450ML,WELLMIX
C3.0766.002,TO,13.77,0.0,CJ 2 COPOS VD BLISS MARSALA 450ML,WELLMIX
C3.0766.002,PA,13.9,0.0,CJ 2 COPOS VD BLISS MARSALA 450ML,WELLMIX
C3.0766.002,MT,12.96,0.0,CJ 2 COPOS VD BLISS MARSALA 450ML,WELLMIX
C3.0766.003,GO,13.66,0.0,CJ 2 COPOS VD BLISS PRETO 450ML,WELLMIX
C3.0766.003,TO,13.77,0.0,CJ 2 COPOS VD BLISS PRETO 450ML,WELLMIX
C3.0766.003,PA,13.9,0.0,CJ 2 COPOS VD BLISS PRETO 450ML,WELLMIX
C3.0766.003,MT,12.96,0.0,CJ 2 COPOS VD BLISS PRETO 450ML,WELLMIX
C3.0767,GO,14.49,0.0,CJ 2 TACAS VD DIAMOND AZUL ESC 325ML,WELLMIX
C3.0767,TO,14.61,0.0,CJ 2 TACAS VD DIAMOND AZUL ESC 325ML,WELLMIX
C3.0767,PA,14.75,0.0,CJ 2 TACAS VD DIAMOND AZUL ESC 325ML,WELLMIX
C3.0767,MT,13.75,0.0,CJ 2 TACAS VD DIAMOND AZUL ESC 325ML,WELLMIX
C3.0767.001,GO,14.58,0.0,CJ 2 TACAS VD DIAMOND CINZA 325ML,WELLMIX
C3.0767.001,TO,14.7,0.0,CJ 2 TACAS VD DIAMOND CINZA 325ML,WELLMIX
C3.0767.001,PA,14.84,0.0,CJ 2 TACAS VD DIAMOND CINZA 325ML,WELLMIX
C3.0767.001,MT,13.84,0.0,CJ 2 TACAS VD DIAMOND CINZA 325ML,WELLMIX
C3.0767.002,GO,14.49,0.0,CJ 2 TACAS VD DIAMOND CORAL 325ML,WELLMIX
C3.0767.002,TO,14.61,0.0,CJ 2 TACAS VD DIAMOND CORAL 325ML,WELLMIX
C3.0767.002,PA,14.75,0.0,CJ 2 TACAS VD DIAMOND CORAL 325ML,WELLMIX
C3.0767.002,MT,13.75,0.0,CJ 2 TACAS VD DIAMOND CORAL 325ML,WELLMIX
C3.0767.003,GO,18.69,0.0,CJ 2 TACAS VD DIAMOND ROSA CLARO 325ML,WELLMIX
C3.0767.003,TO,,0.0,CJ 2 TACAS VD DIAMOND ROSA CLARO 325ML,WELLMIX
C3.0767.003,PA,,0.0,CJ 2 TACAS VD DIAMOND ROSA CLARO 325ML,WELLMIX
C3.0767.003,MT,17.74,0.0,CJ 2 TACAS VD DIAMOND ROSA CLARO 325ML,WELLMIX
C3.0768,GO,8.09,0.0,"CJ 3 BOWL VD ALEXY TRANSP 11,5CM",WELLMIX
C3.0768,TO,8.16,0.0,"CJ 3 BOWL VD ALEXY TRANSP 11,5CM",WELLMIX
C3.0768,PA,8.23,0.0,"CJ 3 BOWL VD ALEXY TRANSP 11,5CM",WELLMIX
C3.0768,MT,7.68,0.0,"CJ 3 BOWL VD ALEXY TRANSP 11,5CM",WELLMIX
C3.0769,GO,7.6,0.0,CJ 3 CANECAS VD CARMINE TRANSP 245ML,WELLMIX
C3.0769,TO,7.66,0.0,CJ 3 CANECAS VD CARMINE TRANSP 245ML,WELLMIX
C3.0769,PA,7.73,0.0,CJ 3 CANECAS VD CARMINE TRANSP 245ML,WELLMIX
C3.0769,MT,7.22,0.0,CJ 3 CANECAS VD CARMINE TRANSP 245ML,WELLMIX
C3.0770,GO,36.67,0.0,CJ 3 FORMAS ANTIAD QD FUNDO REMOV. CINZA,WELLMIX
C3.0770,TO,36.96,0.0,CJ 3 FORMAS ANTIAD QD FUNDO REMOV. CINZA,WELLMIX
C3.0770,PA,37.3,0.0,CJ 3 FORMAS ANTIAD QD FUNDO REMOV. CINZA,WELLMIX
C3.0770,MT,34.82,0.0,CJ 3 FORMAS ANTIAD QD FUNDO REMOV. CINZA,WELLMIX
C3.0771,GO,26.75,0.0,CJ 4 CANECAS CERAM VERANO AZUL 120ML,WELLMIX
C3.0771,TO,26.96,0.0,CJ 4 CANECAS CERAM VERANO AZUL 120ML,WELLMIX
C3.0771,PA,27.21,0.0,CJ 4 CANECAS CERAM VERANO AZUL 120ML,WELLMIX
C3.0771,MT,25.4,0.0,CJ 4 CANECAS CERAM VERANO AZUL 120ML,WELLMIX
C3.0771.001,GO,26.75,0.0,CJ 4 CANECAS CERAM VERANO BORDO 120ML,WELLMIX
C3.0771.001,TO,26.96,0.0,CJ 4 CANECAS CERAM VERANO BORDO 120ML,WELLMIX
C3.0771.001,PA,27.21,0.0,CJ 4 CANECAS CERAM VERANO BORDO 120ML,WELLMIX
C3.0771.001,MT,25.4,0.0,CJ 4 CANECAS CERAM VERANO BORDO 120ML,WELLMIX
C3.0772,GO,16.61,0.0,CJ 4 XICARAS SEM PIRES CERAM INDIAN PRT 90ML,WELLMIX
C3.0772,TO,16.74,0.0,CJ 4 XICARAS SEM PIRES CERAM INDIAN PRT 90ML,WELLMIX
C3.0772,PA,16.89,0.0,CJ 4 XICARAS SEM PIRES CERAM INDIAN PRT 90ML,WELLMIX
C3.0772,MT,15.77,0.0,CJ 4 XICARAS SEM PIRES CERAM INDIAN PRT 90ML,WELLMIX
C3.0772.001,GO,16.61,0.0,CJ 4 XICARAS SEM PIRES CERAM INDIAN VERM 90ML,WELLMIX
C3.0772.001,TO,16.74,0.0,CJ 4 XICARAS SEM PIRES CERAM INDIAN VERM 90ML,WELLMIX
C3.0772.001,PA,,0.0,CJ 4 XICARAS SEM PIRES CERAM INDIAN VERM 90ML,WELLMIX
C3.0772.001,MT,15.77,0.0,CJ 4 XICARAS SEM PIRES CERAM INDIAN VERM 90ML,WELLMIX
C3.0773,GO,35.51,0.0,CJ 6 CANECAS CERAM GRACE BRANCO 320ML,WELLMIX
C3.0773,TO,35.79,0.0,CJ 6 CANECAS CERAM GRACE BRANCO 320ML,WELLMIX
C3.0773,PA,36.12,0.0,CJ 6 CANECAS CERAM GRACE BRANCO 320ML,WELLMIX
C3.0773,MT,33.72,0.0,CJ 6 CANECAS CERAM GRACE BRANCO 320ML,WELLMIX
C3.0773.001,GO,35.51,0.0,CJ 6 CANECAS CERAM GRACE CINZA 320ML,WELLMIX
C3.0773.001,TO,35.79,0.0,CJ 6 CANECAS CERAM GRACE CINZA 320ML,WELLMIX
C3.0773.001,PA,36.12,0.0,CJ 6 CANECAS CERAM GRACE CINZA 320ML,WELLMIX
C3.0773.001,MT,33.72,0.0,CJ 6 CANECAS CERAM GRACE CINZA 320ML,WELLMIX
C3.0773.002,GO,35.51,0.0,CJ 6 CANECAS CERAM GRACE CREME 320ML,WELLMIX
C3.0773.002,TO,35.79,0.0,CJ 6 CANECAS CERAM GRACE CREME 320ML,WELLMIX
C3.0773.002,PA,36.12,0.0,CJ 6 CANECAS CERAM GRACE CREME 320ML,WELLMIX
C3.0773.002,MT,33.72,0.0,CJ 6 CANECAS CERAM GRACE CREME 320ML,WELLMIX
C3.0774,GO,39.04,0.0,CJ 6 CANECAS JUMBO CERAM GRACE BRANCO 460ML,WELLMIX
C3.0774,TO,39.35,0.0,CJ 6 CANECAS JUMBO CERAM GRACE BRANCO 460ML,WELLMIX
C3.0774,PA,39.72,0.0,CJ 6 CANECAS JUMBO CERAM GRACE BRANCO 460ML,WELLMIX
C3.0774,MT,37.07,0.0,CJ 6 CANECAS JUMBO CERAM GRACE BRANCO 460ML,WELLMIX
C3.0774.001,GO,39.04,0.0,CJ 6 CANECAS JUMBO CERAM GRACE CINZA 460ML,WELLMIX
C3.0774.001,TO,39.35,0.0,CJ 6 CANECAS JUMBO CERAM GRACE CINZA 460ML,WELLMIX
C3.0774.001,PA,39.72,0.0,CJ 6 CANECAS JUMBO CERAM GRACE CINZA 460ML,WELLMIX
C3.0774.001,MT,37.07,0.0,CJ 6 CANECAS JUMBO CERAM GRACE CINZA 460ML,WELLMIX
J10.0182,GO,22.59,0.0,"JARRA VD TP ACRILICO MERCURIO AMBAR 1,6L",WELLMIX
J10.0182,TO,22.77,0.0,"JARRA VD TP ACRILICO MERCURIO AMBAR 1,6L",WELLMIX
J10.0182,PA,22.98,0.0,"JARRA VD TP ACRILICO MERCURIO AMBAR 1,6L",WELLMIX
J10.0182,MT,21.45,0.0,"JARRA VD TP ACRILICO MERCURIO AMBAR 1,6L",WELLMIX
J10.0183,GO,22.14,0.0,"JARRA VD TP ACRILICO ROMA CINZA 1,5L",WELLMIX
J10.0183,TO,22.31,0.0,"JARRA VD TP ACRILICO ROMA CINZA 1,5L",WELLMIX
J10.0183,PA,22.52,0.0,"JARRA VD TP ACRILICO ROMA CINZA 1,5L",WELLMIX
J10.0183,MT,21.02,0.0,"JARRA VD TP ACRILICO ROMA CINZA 1,5L",WELLMIX
J10.0184,GO,29.39,0.0,JG 4PC UTENS INOX P CHURRASCO STEAK,WELLMIX
J10.0184,TO,,0.0,JG 4PC UTENS INOX P CHURRASCO STEAK,WELLMIX
J10.0184,PA,,0.0,JG 4PC UTENS INOX P CHURRASCO STEAK,WELLMIX
J10.0184,MT,27.91,0.0,JG 4PC UTENS INOX P CHURRASCO STEAK,WELLMIX
P16.0222,GO,3.45,0.0,PRATO FUNDO VD ALEXY TRASNP 22CM,WELLMIX
P16.0222,TO,3.47,0.0,PRATO FUNDO VD ALEXY TRASNP 22CM,WELLMIX
P16.0222,PA,3.5,0.0,PRATO FUNDO VD ALEXY TRASNP 22CM,WELLMIX
P16.0222,MT,3.27,0.0,PRATO FUNDO VD ALEXY TRASNP 22CM,WELLMIX
P16.0222.001,GO,3.45,0.0,PRATO FUNDO VD GROOVE TRASNP 22CM,WELLMIX
P16.0222.001,TO,,0.0,PRATO FUNDO VD GROOVE TRASNP 22CM,WELLMIX
P16.0222.001,PA,,0.0,PRATO FUNDO VD GROOVE TRASNP 22CM,WELLMIX
P16.0222.001,MT,3.27,0.0,PRATO FUNDO VD GROOVE TRASNP 22CM,WELLMIX
C3.0756,GO,32.12,0.0,CADEIRA FATIMA PTO REC 140KG,PLAYDUO
C3.0756,TO,30.68,0.0,CADEIRA FATIMA PTO REC 140KG,PLAYDUO
C3.0756,PA,30.25,0.0,CADEIRA FATIMA PTO REC 140KG,PLAYDUO
C3.0756,MT,29.4,0.0,CADEIRA FATIMA PTO REC 140KG,PLAYDUO
C3.0757,GO,50.35,0.0,CADEIRA GRUVYER NEW PTO,PLAYDUO
C3.0757,TO,48.08,0.0,CADEIRA GRUVYER NEW PTO,PLAYDUO
C3.0757,PA,47.42,0.0,CADEIRA GRUVYER NEW PTO,PLAYDUO
C3.0757,MT,46.08,0.0,CADEIRA GRUVYER NEW PTO,PLAYDUO
C3.0758,GO,49.13,0.0,CADEIRA ALEGRA,PLAYDUO
C3.0758,TO,46.92,0.0,CADEIRA ALEGRA,PLAYDUO
C3.0758,PA,46.27,0.0,CADEIRA ALEGRA,PLAYDUO
C3.0758,MT,44.97,0.0,CADEIRA ALEGRA,PLAYDUO
C3.0759,GO,7.32,0.0,CONJ LEVE 5 PG 4 POTE QD,PLAYDUO
C3.0759,TO,6.99,0.0,CONJ LEVE 5 PG 4 POTE QD,PLAYDUO
C3.0759,PA,6.89,0.0,CONJ LEVE 5 PG 4 POTE QD,PLAYDUO
C3.0759,MT,6.7,0.0,CONJ LEVE 5 PG 4 POTE QD,PLAYDUO
C3.0760,GO,50.35,0.0,CADEIRA GRUVYER NEW SORTIDA,PLAYDUO
C3.0760,TO,48.08,0.0,CADEIRA GRUVYER NEW SORTIDA,PLAYDUO
C3.0760,PA,47.42,0.0,CADEIRA GRUVYER NEW SORTIDA,PLAYDUO
C3.0760,MT,46.08,0.0,CADEIRA GRUVYER NEW SORTIDA,PLAYDUO
M13.0099,GO,84.45,0.0,MESA MIRAMAR 90X90,PLAYDUO
M13.0099,TO,80.64,0.0,MESA MIRAMAR 90X90,PLAYDUO
M13.0099,PA,79.52,0.0,MESA MIRAMAR 90X90,PLAYDUO
M13.0099,MT,77.28,0.0,MESA MIRAMAR 90X90,PLAYDUO
P16.0219,GO,130.78,0.0,PALLET 1.20X100 C/REFORCO PTO,PLAYDUO
P16.0219,TO,124.89,0.0,PALLET 1.20X100 C/REFORCO PTO,PLAYDUO
P16.0219,PA,123.16,0.0,PALLET 1.20X100 C/REFORCO PTO,PLAYDUO
P16.0219,MT,119.69,0.0,PALLET 1.20X100 C/REFORCO PTO,PLAYDUO
P16.0220,GO,101.34,0.0,PALLET 1.20X100 S/REFORCO PTO,PLAYDUO
P16.0220,TO,96.78,0.0,PALLET 1.20X100 S/REFORCO PTO,PLAYDUO
P16.0220,PA,95.43,0.0,PALLET 1.20X100 S/REFORCO PTO,PLAYDUO
P16.0220,MT,92.75,0.0,PALLET 1.20X100 S/REFORCO PTO,PLAYDUO
G7.0085,GO,,0.0,GUARDA CHUVA INF ANIMAIS VAR C ORELHA,FLAVIA
G7.0085,TO,,0.0,GUARDA CHUVA INF ANIMAIS VAR C ORELHA,FLAVIA
G7.0085,PA,,0.0,GUARDA CHUVA INF ANIMAIS VAR C ORELHA,FLAVIA
G7.0085,MT,15.19,48.0,GUARDA CHUVA INF ANIMAIS VAR C ORELHA,FLAVIA
G7.0086,GO,23.69,0.0,GUARDA CHUVA AUTOMATICO,FLAVIA
G7.0086,TO,23.88,0.0,GUARDA CHUVA AUTOMATICO,FLAVIA
G7.0086,PA,,0.0,GUARDA CHUVA AUTOMATICO,FLAVIA
G7.0086,MT,23.33,0.0,GUARDA CHUVA AUTOMATICO,FLAVIA
C3.0777,GO,42.53,122.0,COLCHA PARIS SOLTEIRO ESTAMPADO 160X240,NYCOLLY
C3.0777,TO,40.61,124.0,COLCHA PARIS SOLTEIRO ESTAMPADO 160X240,NYCOLLY
C3.0777,PA,40.05,124.0,COLCHA PARIS SOLTEIRO ESTAMPADO 160X240,NYCOLLY
C3.0777,MT,38.92,123.0,COLCHA PARIS SOLTEIRO ESTAMPADO 160X240,NYCOLLY
P16.0222.002,GO,,0.0,PRATO FUNDO VD CARMINE TRASNP 22CM,WELLMIX
P16.0222.002,TO,3.47,0.0,PRATO FUNDO VD CARMINE TRASNP 22CM,WELLMIX
P16.0222.002,PA,3.5,0.0,PRATO FUNDO VD CARMINE TRASNP 22CM,WELLMIX
P16.0222.002,MT,,0.0,PRATO FUNDO VD CARMINE TRASNP 22CM,WELLMIX
A1.0036,GO,228.52,0.0,AIR FRYER OVER 10L 127V PRETO,B E G IMPORT
A1.0036,TO,222.65,0.0,AIR FRYER OVER 10L 127V PRETO,B E G IMPORT
A1.0036,PA,220.92,688.0,AIR FRYER OVER 10L 127V PRETO,B E G IMPORT
A1.0036,MT,217.47,686.0,AIR FRYER OVER 10L 127V PRETO,B E G IMPORT
A1.0036.001,GO,239.79,686.0,AIR FRYER OVER 10L 220V PRETO,B E G IMPORT
A1.0036.001,TO,233.62,688.0,AIR FRYER OVER 10L 220V PRETO,B E G IMPORT
A1.0036.001,PA,231.81,0.0,AIR FRYER OVER 10L 220V PRETO,B E G IMPORT
A1.0036.001,MT,228.18,0.0,AIR FRYER OVER 10L 220V PRETO,B E G IMPORT
C3.0778,GO,48.26,0.0,CHALEIRA ELETRICA PLASTICA 127V BRANCO,B E G IMPORT
C3.0778,TO,47.09,0.0,CHALEIRA ELETRICA PLASTICA 127V BRANCO,B E G IMPORT
C3.0778,PA,46.74,141.0,CHALEIRA ELETRICA PLASTICA 127V BRANCO,B E G IMPORT
C3.0778,MT,46.05,139.0,CHALEIRA ELETRICA PLASTICA 127V BRANCO,B E G IMPORT
C3.0778.001,GO,48.26,139.0,CHALEIRA ELETRICA PLASTICA 220V BRANCO,B E G IMPORT
C3.0778.001,TO,47.09,141.0,CHALEIRA ELETRICA PLASTICA 220V BRANCO,B E G IMPORT
C3.0778.001,PA,46.74,0.0,CHALEIRA ELETRICA PLASTICA 220V BRANCO,B E G IMPORT
C3.0778.001,MT,46.05,0.0,CHALEIRA ELETRICA PLASTICA 220V BRANCO,B E G IMPORT
C3.0779,GO,48.26,0.0,CHALEIRA ELETRICA PLASTICA 127V ROSA,B E G IMPORT
C3.0779,TO,47.09,0.0,CHALEIRA ELETRICA PLASTICA 127V ROSA,B E G IMPORT
C3.0779,PA,46.74,141.0,CHALEIRA ELETRICA PLASTICA 127V ROSA,B E G IMPORT
C3.0779,MT,46.05,139.0,CHALEIRA ELETRICA PLASTICA 127V ROSA,B E G IMPORT
C3.0779.001,GO,48.26,139.0,CHALEIRA ELETRICA PLASTICA 220V ROSA,B E G IMPORT
C3.0779.001,TO,47.09,141.0,CHALEIRA ELETRICA PLASTICA 220V ROSA,B E G IMPORT
C3.0779.001,PA,46.74,0.0,CHALEIRA ELETRICA PLASTICA 220V ROSA,B E G IMPORT
C3.0779.001,MT,46.05,0.0,CHALEIRA ELETRICA PLASTICA 220V ROSA,B E G IMPORT
C3.0780,GO,48.26,0.0,CHALEIRA ELETRICA PLASTICA 127V VERMELHA,B E G IMPORT
C3.0780,TO,47.09,0.0,CHALEIRA ELETRICA PLASTICA 127V VERMELHA,B E G IMPORT
C3.0780,PA,46.74,141.0,CHALEIRA ELETRICA PLASTICA 127V VERMELHA,B E G IMPORT
C3.0780,MT,46.05,139.0,CHALEIRA ELETRICA PLASTICA 127V VERMELHA,B E G IMPORT
C3.0780.001,GO,48.26,139.0,CHALEIRA ELETRICA PLASTICA 220V VERMELHA,B E G IMPORT
C3.0780.001,TO,47.09,141.0,CHALEIRA ELETRICA PLASTICA 220V VERMELHA,B E G IMPORT
C3.0780.001,PA,46.74,0.0,CHALEIRA ELETRICA PLASTICA 220V VERMELHA,B E G IMPORT
C3.0780.001,MT,46.05,0.0,CHALEIRA ELETRICA PLASTICA 220V VERMELHA,B E G IMPORT
C3.0781,GO,82.06,0.0,CHURRASQUEIRA ELETRICA 127V,B E G IMPORT
C3.0781,TO,80.0,0.0,CHURRASQUEIRA ELETRICA 127V,B E G IMPORT
C3.0781,PA,79.4,250.0,CHURRASQUEIRA ELETRICA 127V,B E G IMPORT
C3.0781,MT,78.19,248.0,CHURRASQUEIRA ELETRICA 127V,B E G IMPORT
C3.0781.001,GO,86.57,248.0,CHURRASQUEIRA ELETRICA 220V,B E G IMPORT
C3.0781.001,TO,84.39,250.0,CHURRASQUEIRA ELETRICA 220V,B E G IMPORT
C3.0781.001,PA,83.75,0.0,CHURRASQUEIRA ELETRICA 220V,B E G IMPORT
C3.0781.001,MT,82.48,0.0,CHURRASQUEIRA ELETRICA 220V,B E G IMPORT
C3.0782,GO,241.94,692.0,CAIXA SOM WOOFER 5 POLEGADAS,B E G IMPORT
C3.0782,TO,235.72,694.0,CAIXA SOM WOOFER 5 POLEGADAS,B E G IMPORT
C3.0782,PA,233.89,694.0,CAIXA SOM WOOFER 5 POLEGADAS,B E G IMPORT
C3.0782,MT,230.23,693.0,CAIXA SOM WOOFER 5 POLEGADAS,B E G IMPORT
F6.0097,GO,138.3,0.0,"FRITADEIRA ELETRICA 3,5L 127V PRETO",B E G IMPOT
F6.0097,TO,134.77,0.0,"FRITADEIRA ELETRICA 3,5L 127V PRETO",B E G IMPOT
F6.0097,PA,133.74,419.0,"FRITADEIRA ELETRICA 3,5L 127V PRETO",B E G IMPOT
F6.0097,MT,131.67,415.0,"FRITADEIRA ELETRICA 3,5L 127V PRETO",B E G IMPOT
F6.0097.001,GO,145.05,415.0,"FRITADEIRA ELETRICA 3,5L 220V PRETO",B E G IMPOT
F6.0097.001,TO,141.36,419.0,"FRITADEIRA ELETRICA 3,5L 220V PRETO",B E G IMPOT
F6.0097.001,PA,140.27,0.0,"FRITADEIRA ELETRICA 3,5L 220V PRETO",B E G IMPOT
F6.0097.001,MT,138.1,0.0,"FRITADEIRA ELETRICA 3,5L 220V PRETO",B E G IMPOT
M13.0100,GO,88.82,0.0,MINIGRILL 127V,B E G IMPORT
M13.0100,TO,86.59,0.0,MINIGRILL 127V,B E G IMPORT
M13.0100,PA,85.93,266.0,MINIGRILL 127V,B E G IMPORT
M13.0100,MT,84.62,264.0,MINIGRILL 127V,B E G IMPORT
M13.0100.001,GO,92.2,264.0,MINIGRILL 220V,B E G IMPORT
M13.0100.001,TO,89.88,266.0,MINIGRILL 220V,B E G IMPORT
M13.0100.001,PA,89.2,0.0,MINIGRILL 220V,B E G IMPORT
M13.0100.001,MT,87.83,0.0,MINIGRILL 220V,B E G IMPORT
K11.0177,GO,21.08,48.0,KIT COZINHA 3PC BASICO,NYCOLLY
K11.0177,TO,20.79,48.0,KIT COZINHA 3PC BASICO,NYCOLLY
K11.0177,PA,20.63,48.0,KIT COZINHA 3PC BASICO,NYCOLLY
K11.0177,MT,20.3,48.0,KIT COZINHA 3PC BASICO,NYCOLLY
T20.0291,GO,20.04,,TOALHA BANHAO MARE 80X160,AZTEX
T20.0291,TO,19.52,,TOALHA BANHAO MARE 80X160,AZTEX
T20.0291,PA,19.37,,TOALHA BANHAO MARE 80X160,AZTEX
T20.0291,MT,19.06,,TOALHA BANHAO MARE 80X160,AZTEX
J10.0185,GO,15.87,,JG BOWLS VD P/SOBREM CLEAR DIAMANTINO 260ML,INGA IMPORT
J10.0185,TO,15.45,,JG BOWLS VD P/SOBREM CLEAR DIAMANTINO 260ML,INGA IMPORT
J10.0185,PA,15.32,,JG BOWLS VD P/SOBREM CLEAR DIAMANTINO 260ML,INGA IMPORT
J10.0185,MT,15.07,,JG BOWLS VD P/SOBREM CLEAR DIAMANTINO 260ML,INGA IMPORT
J10.0186,GO,35.68,,JG PORTA CONDIMENTO VD LINES 85ML 18PCS,INGA IMPORT
J10.0186,TO,34.73,,JG PORTA CONDIMENTO VD LINES 85ML 18PCS,INGA IMPORT
J10.0186,PA,34.45,,JG PORTA CONDIMENTO VD LINES 85ML 18PCS,INGA IMPORT
J10.0186,MT,33.89,,JG PORTA CONDIMENTO VD LINES 85ML 18PCS,INGA IMPORT
M13.0101,GO,7.74,,MINI PRATO BOLO VD BOHEMIA 20.3CM,INGA IMPORT
M13.0101,TO,7.53,,MINI PRATO BOLO VD BOHEMIA 20.3CM,INGA IMPORT
M13.0101,PA,7.47,,MINI PRATO BOLO VD BOHEMIA 20.3CM,INGA IMPORT
M13.0101,MT,7.35,,MINI PRATO BOLO VD BOHEMIA 20.3CM,INGA IMPORT
P16.0224,GO,17.1,,PORTA TEMPERO C/ALCA 4 POTES BLACK,INGA IMPORT
P16.0224,TO,16.65,,PORTA TEMPERO C/ALCA 4 POTES BLACK,INGA IMPORT
P16.0224,PA,16.51,,PORTA TEMPERO C/ALCA 4 POTES BLACK,INGA IMPORT
P16.0224,MT,16.24,,PORTA TEMPERO C/ALCA 4 POTES BLACK,INGA IMPORT
K11.0148.001,GO,205.45,,KIT PANELA DE PRESSAO FECHAMENTO EXTERNO CREMA,ALUMINIO MARCOLAR
K11.0148.001,TO,213.39,,KIT PANELA DE PRESSAO FECHAMENTO EXTERNO CREMA,ALUMINIO MARCOLAR
K11.0148.001,PA,211.76,,KIT PANELA DE PRESSAO FECHAMENTO EXTERNO CREMA,ALUMINIO MARCOLAR
K11.0148.001,MT,208.48,,KIT PANELA DE PRESSAO FECHAMENTO EXTERNO CREMA,ALUMINIO MARCOLAR
